account_id,customer_id,branch_id,account_type,opening_date,current_balance,account_status
21528579,73596943,334053,Checking,2022-05-23,2974.0,Active
41451524,28213263,770487,Savings,2025-12-27,4218.95,Active
65863687,84803602,126225,Savings,2025-10-28,4490.83,Active
92471304,83165207,876646,Checking,2022-02-10,5064.16,Active
66748428,97484832,809570,Savings,2021-07-02,5403.46,Active
15237135,24543265,216739,Savings,2020-05-09,742.37,Active
96698385,41091106,877572,Savings,2021-07-01,4416.35,Active
64946194,11763747,671858,Savings,2023-09-01,19216.02,Active
92798994,77332514,719176,Savings,2021-10-17,3906.85,Active
55050260,60850210,126225,Checking,2024-09-01,2178.59,Active
93945873,71467046,877572,Savings,2022-04-17,2926.99,Active
60620822,54198312,770487,Savings,2023-11-26,14620.99,Active
42369048,62455850,356787,Savings,2025-05-08,516.12,Active
22380569,50135086,809570,Savings,2023-01-01,8877.21,Active
21790747,27492407,809570,Checking,2024-06-20,7011.7,Active
81592347,33882168,877572,Savings,2022-01-26,2423.55,Active
41615387,40599622,334053,Savings,2023-03-20,75639.37,Active
82509856,21856328,876646,Savings,2023-04-09,11749.85,Active
25559073,39354443,334053,Checking,2020-10-26,5906.63,Active
76939302,91029582,388389,Checking,2020-04-19,14361.79,Active
17334310,16908366,876646,Savings,2025-02-11,8626.58,Active
95158315,37257300,216739,Checking,2023-01-29,7072.22,Closed
43712556,56524884,388389,Savings,2022-02-07,5984.32,Closed
56295469,79757399,388389,Savings,2021-02-01,3116.09,Active
18219055,87392345,388389,Savings,2025-10-05,12848.25,Active
40861745,66486362,207473,Checking,2025-08-09,4542.21,Active
37978168,79200346,809570,Checking,2021-04-25,14220.91,Active
89882685,72220765,876646,Savings,2020-07-07,13927.22,Active
76644413,71696480,876646,Checking,2024-09-20,11899.87,Active
92864576,67764322,877572,Savings,2025-10-20,3436.15,Active
40337472,87687266,876646,Savings,2024-05-23,2328.57,Active
55246912,39977062,809570,Savings,2021-03-02,4837.94,Active
83558467,78905447,877572,Checking,2023-11-30,5019.19,Active
62193731,59965553,770487,Savings,2025-02-02,3537.79,Active
14942280,95453300,770487,Checking,2021-08-24,12551.94,Active
24641609,10879093,207473,Checking,2025-09-20,11440.4,Active
47775818,90308726,334053,Savings,2020-08-02,9935.11,Active
51544140,72056959,809570,Savings,2022-03-10,18223.87,Active
37847119,16810112,246316,Savings,2020-10-19,6194.76,Closed
70975567,41484420,388389,Checking,2025-09-03,1902.39,Active
51052630,65077381,809570,Savings,2021-07-17,17585.63,Active
89489495,20250766,388389,Savings,2022-09-11,7723.28,Active
38404184,85688462,877572,Savings,2023-02-18,13732.93,Active
44335191,91488404,872246,Savings,2024-11-24,7593.67,Active
17596509,30572697,877572,Savings,2021-10-05,2971.25,Active
51740766,51249306,246316,Checking,2021-02-04,1720.92,Closed
27263070,46629025,334053,Savings,2020-06-09,11965.83,Active
35520607,14942372,876646,Savings,2025-04-21,3523.7,Active
31948898,20840616,876646,Savings,2025-08-13,12925.89,Active
33325157,52920489,216739,Checking,2025-11-12,831.36,Active
96567401,46006451,770487,Savings,2025-06-25,9140.66,Closed
43516011,21463219,207473,Checking,2020-08-20,8466.8,Active
45252715,49905846,872246,Savings,2025-06-18,21441.39,Active
74383467,63013046,671858,Savings,2023-10-14,3497.49,Active
96862317,75268280,876646,Checking,2025-01-19,4890.55,Active
15761517,94372026,872246,Checking,2024-05-05,20993.18,Active
73695346,74154172,216739,Checking,2022-06-05,17572.51,Active
95158390,98042046,877572,Savings,2024-01-08,3094.07,Active
35061879,30736574,216739,Savings,2025-10-21,2007.92,Active
50856059,81821888,388389,Savings,2021-03-12,5638.78,Active
53608572,99123393,388389,Savings,2022-11-17,12625.57,Closed
51740797,97255618,216739,Savings,2023-07-27,9408.61,Active
58818687,43548871,356787,Savings,2023-06-01,4550.77,Closed
66977920,19529942,388389,Savings,2021-09-21,36262.7,Active
49873024,47972567,388389,Savings,2024-02-26,3873.13,Active
42401922,97485015,876646,Savings,2024-12-11,7365.65,Active
68518015,52461787,216739,Checking,2025-04-29,1786.01,Active
12648580,90964194,207473,Savings,2021-10-22,2779.53,Active
95256711,21725411,877572,Savings,2020-12-25,5170.24,Active
12877964,65306850,191161,Checking,2022-05-11,8233.34,Active
21790860,49348837,207473,Savings,2024-02-28,722.22,Active
65175694,42107112,809570,Savings,2023-10-13,2500.23,Active
15958157,13664488,877572,Checking,2023-08-02,711.98,Active
95781007,30081256,356787,Savings,2023-03-19,1143.97,Active
39714965,37355760,126225,Checking,2020-12-12,20220.06,Active
91422869,54329591,126225,Checking,2021-11-10,2780.58,Active
95486108,42959096,207473,Savings,2025-12-02,38160.7,Active
68616351,31490296,216739,Savings,2021-05-09,1622.69,Active
58851487,95158534,388389,Savings,2023-06-22,10524.64,Active
65601698,83394823,809570,Savings,2025-03-14,6298.48,Active
96272547,54853899,671858,Savings,2021-09-12,5250.95,Active
87785641,72352014,246316,Savings,2021-11-06,1436.69,Active
43352234,68747539,388389,Checking,2021-09-17,3539.36,Active
43647146,41484576,809570,Savings,2020-11-01,5038.4,Active
68124842,34996513,334053,Savings,2021-12-03,3736.15,Active
48857261,42795298,334053,Checking,2020-04-06,7474.96,Active
51937454,68976931,126225,Checking,2023-08-15,3270.01,Active
91160751,54690084,246316,Savings,2023-01-11,3279.35,Active
25821357,96305446,671858,Checking,2021-01-06,4995.14,Active
76480687,54821162,334053,Savings,2025-10-28,11760.12,Closed
67829936,80445740,809570,Savings,2022-12-09,31759.67,Active
80773291,84148525,126225,Savings,2020-11-06,2644.06,Closed
67928247,10092847,207473,Savings,2022-01-20,668.84,Active
74449081,55968050,876646,Savings,2020-11-27,10538.79,Active
35422394,87556403,207473,Savings,2023-08-14,16361.95,Closed
93814972,80019765,388389,Savings,2024-12-23,1658.76,Closed
44761278,79102268,719176,Savings,2024-04-26,16120.99,Active
13041855,73072957,334053,Savings,2021-09-21,8774.9,Active
99188928,22413633,877572,Checking,2021-12-27,1736.87,Active
63045827,87753029,877572,Savings,2024-01-29,459.81,Active
29360325,52265294,809570,Savings,2020-11-18,2710.23,Active
69959881,77889872,246316,Checking,2024-06-13,13407.02,Closed
31949003,58753362,334053,Checking,2021-04-17,3091.86,Active
25526477,20676951,719176,Savings,2023-07-03,5421.14,Active
91979982,33325403,872246,Savings,2024-01-06,1095.36,Closed
37421262,80544092,809570,Checking,2021-10-14,10665.7,Closed
86966480,16154977,388389,Savings,2023-03-13,3658.28,Active
48169169,25821540,126225,Savings,2021-09-12,11995.31,Active
43352275,63537509,809570,Savings,2022-09-30,1803.37,Active
34603223,75727209,216739,Savings,2020-08-18,1051.67,Active
26542297,37683563,388389,Checking,2022-06-20,11196.68,Active
14254299,53150061,216739,Checking,2020-04-17,10035.41,Active
20152539,78676338,872246,Savings,2021-11-19,2849.31,Active
84803804,54428021,207473,Checking,2023-08-11,44777.01,Active
41779424,62194039,246316,Savings,2021-05-18,6147.03,Active
87589094,38699384,671858,Savings,2024-06-08,4564.92,Active
58523882,59375996,207473,Savings,2020-12-27,7552.88,Active
67207403,42991997,809570,Savings,2021-11-10,7805.42,Active
26935536,31097223,671858,Savings,2024-04-05,13710.54,Active
13631729,76480906,719176,Checking,2022-07-27,2913.69,Active
94044402,81232268,207473,Savings,2021-05-24,5600.37,Active
99844343,61440401,671858,Checking,2020-10-17,4471.04,Active
63308031,48923027,334053,Savings,2021-08-27,5925.89,Active
89063681,43647384,809570,Savings,2022-01-19,21864.88,Active
70811907,88736156,877572,Checking,2020-07-05,4273.63,Active
50626827,16318880,388389,Savings,2025-10-25,4270.27,Active
46203148,97583530,356787,Savings,2022-02-28,5035.65,Active
50823438,94011824,671858,Savings,2020-02-09,4487.54,Active
44499216,40960439,809570,Savings,2024-11-21,4257.55,Active
69894418,34472376,876646,Savings,2020-02-13,7044.51,Active
80609556,39846331,334053,Savings,2023-03-07,5373.31,Active
90013979,69370312,809570,Savings,2025-07-24,6101.88,Active
62849311,77857232,877572,Savings,2024-11-12,8720.32,Active
87982373,27623889,388389,Checking,2024-06-10,11003.48,Closed
97943849,79331793,770487,Checking,2022-10-13,12294.71,Active
19693867,83558866,388389,Savings,2024-02-13,11934.83,Active
60490027,34210268,876646,Checking,2022-04-22,8415.61,Active
77791539,77038045,126225,Checking,2023-03-23,1772.41,Active
35586356,77824476,334053,Savings,2025-12-21,2756.66,Active
87327028,93028831,191161,Savings,2021-10-23,3436.79,Active
98337078,46825952,770487,Savings,2024-11-11,4405.72,Active
49381687,82215395,877572,Checking,2023-04-04,2684.83,Active
32735544,51511784,334053,Savings,2022-06-19,2410.33,Active
65995065,84869611,334053,Savings,2021-05-15,1452.13,Active
82903355,69566959,334053,Savings,2025-10-04,3655.04,Active
22380861,74318324,877572,Checking,2023-03-30,5468.0,Active
33128765,90964469,876646,Savings,2023-05-22,3921.89,Active
48234817,15073784,876646,Savings,2022-07-08,3774.67,Active
50364739,80642553,877572,Checking,2024-08-29,6111.03,Active
58917187,94011899,877572,Checking,2025-04-18,8326.74,Active
95256899,33260029,872246,Checking,2020-09-29,6116.32,Active
36962630,97878527,877572,Checking,2022-08-06,6924.7,Active
55345476,60916224,809570,Checking,2020-02-24,9631.52,Closed
36208969,57508354,334053,Checking,2020-08-16,3167.86,Active
43745610,92439044,191161,Checking,2022-12-24,13515.38,Active
23396687,64291333,877572,Checking,2023-01-21,3148.98,Active
95748434,12222983,246316,Savings,2023-07-17,3654.0,Active
72614227,41058823,207473,Savings,2025-08-27,655.62,Active
23888210,13566476,216739,Savings,2024-10-15,3087.36,Active
87392597,76644877,126225,Savings,2021-07-17,1519.41,Active
90177879,30966286,388389,Checking,2021-02-24,14339.0,Active
31654232,87097872,246316,Savings,2020-03-02,10823.94,Active
70517081,13009431,246316,Checking,2020-06-01,2890.39,Active
35815774,56787483,719176,Checking,2025-12-08,3336.57,Active
98992481,86671900,216739,Savings,2024-06-05,1330.64,Active
77693283,17957405,356787,Savings,2020-11-10,2347.53,Active
45973860,55443998,334053,Savings,2021-04-18,7987.97,Closed
76513637,94503452,809570,Savings,2021-05-29,15064.71,Active
87785829,79626784,877572,Savings,2020-01-15,4507.2,Active
13926757,42336803,719176,Savings,2021-04-25,5323.75,Closed
52592996,38634020,246316,Checking,2022-06-08,5464.15,Active
77267305,61637158,877572,Savings,2021-08-30,3094.02,Active
93618532,31490599,876646,Savings,2023-10-11,6300.74,Active
87163248,85426728,877572,Savings,2025-06-17,3812.39,Active
62325104,69239337,246316,Savings,2024-07-02,8719.27,Active
21397884,78479914,877572,Savings,2020-03-30,4719.51,Active
46989693,19792433,246316,Savings,2021-01-14,1319.24,Closed
73990527,23134772,388389,Savings,2025-05-06,7743.58,Active
87818623,93356597,872246,Checking,2023-07-02,5579.04,Active
52724097,35095102,216739,Checking,2024-11-20,3269.25,Active
52986242,72483395,334053,Savings,2025-10-08,4793.6,Active
97714563,57016900,809570,Checking,2025-10-28,2129.53,Active
36471174,49185349,872246,Savings,2024-04-17,1902.49,Active
48202119,51937863,671858,Checking,2023-05-03,3501.05,Closed
49086854,84640328,877572,Savings,2020-10-06,6537.56,Active
11862406,50823753,246316,Savings,2020-01-01,7196.62,Active
80314766,10682953,356787,Savings,2020-03-09,1774.23,Active
87753104,66323020,719176,Checking,2024-01-21,4940.27,Active
44204435,14451277,719176,Savings,2025-01-28,1857.43,Active
27328917,50594384,877572,Checking,2025-06-26,5328.91,Active
88637846,15106640,216739,Savings,2025-08-14,4195.64,Active
17531289,63865433,671858,Savings,2024-07-04,5746.0,Active
88899993,69468763,872246,Savings,2022-07-10,2606.15,Active
98828706,64586336,246316,Checking,2025-07-30,15630.31,Active
53313955,90571364,334053,Savings,2020-11-09,28383.12,Active
41615778,26837606,388389,Savings,2023-07-17,3978.23,Active
40010151,99091046,126225,Checking,2024-02-02,2577.71,Active
47808938,99680884,671858,Savings,2021-11-11,1839.3,Active
96240043,15565428,671858,Savings,2023-01-31,1561.32,Active
17105323,29524598,207473,Savings,2025-11-12,12275.33,Active
91881902,81363574,246316,Savings,2023-08-25,3151.77,Active
47088057,42074747,216739,Savings,2021-08-14,1474.9,Closed
99484093,41058940,809570,Checking,2020-05-21,1742.71,Active
35520958,16351870,671858,Checking,2023-11-16,1611.77,Active
23626173,79757952,876646,Checking,2024-12-08,15656.91,Active
97255872,63079040,877572,Savings,2025-07-08,17945.63,Active
14221767,50299522,809570,Savings,2020-06-06,4055.83,Active
58687943,46432901,246316,Checking,2024-04-21,3610.81,Active
56984008,16024199,809570,Checking,2020-10-15,744.76,Active
33063373,28377737,809570,Savings,2024-05-04,1362.58,Active
79135184,18809485,876646,Savings,2024-11-18,2197.09,Active
99877331,43221646,246316,Checking,2022-06-10,8433.06,Active
50004437,62653075,246316,Savings,2021-12-31,42346.64,Active
81691097,84935324,216739,Checking,2022-06-02,9677.15,Active
96928218,36569756,126225,Savings,2025-09-14,4282.51,Active
75891163,28770973,216739,Savings,2020-05-10,5676.26,Active
74744281,14353056,334053,Savings,2020-10-25,5476.0,Active
54690269,77333153,126225,Checking,2023-02-28,3661.76,Active
57115103,68616867,246316,Savings,2025-01-11,4271.56,Active
89293279,28279459,356787,Checking,2022-02-15,1043.63,Closed
85459425,56132261,246316,Savings,2023-10-31,2537.19,Active
86573538,31195815,719176,Savings,2021-07-28,3416.64,Active
90178016,87720615,877572,Savings,2022-12-12,1812.1,Active
93585892,86868659,334053,Savings,2020-11-14,5927.68,Active
78676454,89850547,216739,Savings,2025-11-03,7996.12,Active
43680231,17040058,877572,Savings,2021-11-23,15854.31,Active
65929703,15762109,191161,Savings,2020-08-25,3380.02,Active
55345640,77628098,388389,Checking,2020-11-05,896.51,Active
44696042,56918723,671858,Checking,2024-08-02,20810.05,Active
78381555,98960068,246316,Savings,2021-12-11,2034.59,Active
33882612,37192391,207473,Savings,2023-08-27,31290.48,Active
56492532,19006154,876646,Checking,2021-06-01,19624.8,Active
40763894,92537548,876646,Savings,2023-10-01,3636.6,Active
39027193,90669773,334053,Savings,2020-12-31,3748.7,Active
22053370,72778448,809570,Savings,2021-01-22,1631.93,Active
34046462,17826513,126225,Checking,2024-05-30,620.14,Active
49250815,87851729,334053,Savings,2020-06-18,7924.19,Active
88343039,13402843,216739,Savings,2022-01-30,4253.15,Active
43975169,74842846,246316,Savings,2021-09-15,13602.07,Active
82215428,99386081,216739,Checking,2023-06-27,15515.34,Closed
94470661,87884515,770487,Checking,2025-11-01,983.67,Active
58327557,62391012,770487,Savings,2021-05-30,5187.06,Active
98894342,13107939,872246,Checking,2022-12-25,33743.02,Closed
23757322,81625830,388389,Savings,2020-05-03,1988.63,Active
73695759,86901486,809570,Savings,2023-03-03,13959.47,Active
56754707,85557998,872246,Savings,2021-06-26,6775.78,Active
52494868,76645106,334053,Savings,2023-07-13,6426.44,Active
25166358,85230324,770487,Checking,2020-04-28,4638.34,Active
79430168,38273783,770487,Savings,2024-04-29,1574.32,Active
56066587,11600631,356787,Savings,2025-09-13,1150.22,Active
96043550,73597689,334053,Savings,2023-07-10,2751.45,Active
70451743,87917307,334053,Checking,2020-12-24,1777.27,Active
95715872,62423804,356787,Savings,2024-06-30,7778.66,Active
59048480,57639677,388389,Checking,2022-04-03,32362.57,Active
12452387,74842882,877572,Savings,2024-02-28,19151.73,Active
62390820,41812739,719176,Savings,2025-04-07,3136.62,Active
99975717,42074883,872246,Checking,2023-10-21,14059.72,Active
76022310,78643971,246316,Checking,2022-08-29,10572.26,Active
19038759,17433350,719176,Savings,2021-05-20,6040.62,Active
51380776,22020872,216739,Savings,2025-11-19,22726.98,Active
40337961,15008521,876646,Checking,2023-04-07,958.44,Active
70976042,12157711,191161,Savings,2023-03-16,2700.42,Active
74842660,25264920,809570,Savings,2021-06-16,10140.71,Active
31425070,14156569,876646,Savings,2021-10-22,6594.86,Active
22348335,32015136,671858,Savings,2022-08-25,2733.1,Active
24314418,81789730,126225,Savings,2020-03-11,1443.01,Closed
63308339,99091235,246316,Savings,2020-04-23,1283.96,Active
32834099,87917351,126225,Savings,2022-06-20,4368.69,Active
57311796,56886056,334053,Checking,2021-02-18,9389.36,Active
63668790,48988973,388389,Savings,2021-04-13,16053.3,Active
87851575,65635119,207473,Checking,2020-04-20,1935.03,Active
13009458,84411183,356787,Checking,2023-09-25,3861.08,Active
56295993,76448559,671858,Checking,2024-05-11,2124.6,Active
53248576,73859894,872246,Savings,2023-11-14,7380.91,Active
58753601,65667895,876646,Savings,2020-10-23,8438.24,Active
97485378,72483639,876646,Savings,2022-11-17,2249.83,Active
86540868,15172413,207473,Savings,2020-12-17,1487.71,Active
12157512,63963968,246316,Checking,2025-02-16,24270.74,Active
39846473,82707266,126225,Savings,2021-02-19,5176.63,Active
45056585,68715330,207473,Checking,2023-08-22,5445.71,Active
79168077,32015170,671858,Savings,2021-07-16,1706.55,Active
66454099,60982086,388389,Savings,2024-06-28,4296.58,Active
87425619,14910282,334053,Savings,2020-07-03,2654.86,Active
98632279,23593802,809570,Savings,2021-01-11,2928.71,Active
21955160,12550987,876646,Savings,2024-10-15,2104.15,Closed
75137626,35357521,809570,Savings,2023-12-17,13949.82,Active
56918621,58917715,334053,Checking,2023-01-24,2636.27,Active
24117853,83985243,876646,Checking,2020-12-11,10785.92,Active
17334879,91718494,334053,Savings,2021-05-26,1660.24,Closed
48300640,50627426,876646,Savings,2020-07-17,17515.84,Active
97059424,30049125,877572,Savings,2020-07-21,5734.89,Active
65536605,64848745,809570,Savings,2021-03-22,9049.71,Active
60523107,67142506,356787,Savings,2024-10-10,1090.05,Active
11534949,19202924,334053,Savings,2020-07-19,8815.29,Active
70025831,10617717,877572,Savings,2020-08-04,35649.73,Active
96371305,70452086,719176,Savings,2022-02-28,5806.44,Active
13369963,14844793,207473,Checking,2024-07-22,49710.06,Closed
42402412,37618554,216739,Savings,2025-04-10,984.09,Active
59638381,35193729,246316,Savings,2024-08-30,2084.13,Active
24478317,65962882,877572,Checking,2021-03-11,7292.01,Active
75235952,55640969,809570,Checking,2024-03-02,2087.71,Active
54592113,71173002,719176,Checking,2020-06-08,34782.39,Active
55771765,90866578,876646,Savings,2023-11-09,1910.96,Active
92766838,43746208,246316,Checking,2024-07-17,9772.09,Active
17236601,88867745,126225,Checking,2025-04-19,2655.98,Active
96404090,37553060,191161,Checking,2020-12-30,854.04,Active
54821499,96437170,719176,Savings,2025-12-05,4380.07,Active
81691261,32179123,334053,Savings,2022-12-17,3643.6,Active
28246655,39224242,207473,Checking,2022-03-22,7159.23,Active
64488066,84706226,809570,Savings,2024-09-30,10656.01,Active
73138819,43975606,334053,Savings,2022-08-26,2590.31,Active
38994562,93717431,809570,Savings,2020-09-07,10831.62,Active
52593286,55149499,809570,Savings,2023-08-23,5202.67,Active
89260680,18252735,770487,Savings,2024-03-26,2328.53,Active
99943048,83723200,356787,Savings,2025-08-27,2680.03,Active
27656842,50725845,246316,Checking,2024-06-13,5104.97,Active
39715477,50660309,334053,Savings,2021-04-24,7477.9,Active
66716313,16876508,216739,Savings,2022-08-20,4485.31,Active
94634650,37618652,809570,Checking,2020-08-22,4042.27,Active
94339738,80348128,809570,Savings,2021-03-30,2481.83,Closed
12550813,42370017,876646,Savings,2023-08-19,5283.16,Active
70091423,37815268,126225,Savings,2025-11-18,6126.92,Active
97747615,26215399,246316,Savings,2023-06-04,28493.99,Active
85787297,37290989,216739,Checking,2023-05-04,2095.32,Active
78807713,11568110,770487,Checking,2020-01-21,15831.45,Active
53117599,83362808,126225,Savings,2025-10-31,9647.68,Active
31916710,14484473,876646,Savings,2020-09-05,4421.9,Active
89752231,33883134,719176,Savings,2023-10-31,27185.69,Active
52986540,77726720,334053,Savings,2021-09-17,4515.11,Active
88015533,84575233,216739,Savings,2022-02-02,6274.47,Closed
96797358,62063620,334053,Checking,2021-08-06,3558.55,Active
55181999,73171984,126225,Savings,2024-04-19,9069.95,Active
18285235,87589905,216739,Savings,2022-03-28,4981.71,Active
49808052,97256466,877572,Savings,2021-06-15,2212.01,Closed
10224312,43713557,216739,Savings,2022-11-24,7138.1,Active
56623800,78054424,877572,Savings,2022-09-28,20833.21,Active
96207549,61768729,356787,Savings,2021-03-02,2891.1,Active
68518592,60064794,126225,Checking,2021-02-20,10916.51,Active
43942594,25986076,388389,Savings,2020-04-03,2901.43,Active
84705995,98862110,216739,Savings,2023-01-22,7124.68,Active
64258765,66978854,388389,Savings,2025-08-19,8125.38,Active
48333518,41878567,388389,Checking,2024-10-21,15280.21,Active
31228624,29918252,216739,Savings,2021-07-24,2408.4,Active
42173137,44270639,334053,Checking,2021-10-03,4131.43,Active
17859281,86049839,334053,Savings,2025-11-27,3046.97,Active
33227478,94995505,876646,Checking,2025-02-11,9510.36,Active
87851734,97584175,246316,Savings,2020-11-04,8923.24,Active
93258457,41157679,809570,Savings,2025-05-12,5943.65,Active
32703195,86934576,334053,Checking,2020-06-05,4671.01,Active
21660380,65471544,246316,Savings,2023-08-01,11087.85,Active
18809566,14025785,876646,Savings,2025-09-17,1617.67,Active
97190626,83559482,356787,Savings,2020-08-16,5667.17,Active
15368933,66061370,246316,Checking,2024-03-12,12590.12,Active
29393638,52692028,216739,Savings,2023-11-06,1469.02,Active
90407654,90342460,809570,Savings,2023-02-01,3448.84,Active
51643113,19006526,246316,Savings,2024-10-22,3334.31,Active
81789674,81495098,809570,Savings,2022-02-17,3486.28,Active
62732347,98075719,719176,Savings,2024-09-19,24736.29,Active
59605740,22021192,770487,Savings,2023-01-07,747.02,Active
35390191,14746697,719176,Savings,2023-09-28,3328.56,Active
14451440,41026634,388389,Savings,2022-12-26,8145.94,Active
44106480,72156233,246316,Checking,2023-08-11,10337.46,Active
10748660,34473033,334053,Savings,2020-04-03,12992.74,Active
12747509,60884047,876646,Savings,2025-06-08,1380.42,Closed
97747701,36111443,770487,Checking,2021-09-07,14689.25,Active
64881400,50660436,388389,Savings,2022-06-12,13534.5,Active
24609529,99746901,770487,Savings,2025-07-22,2483.06,Active
65143545,77988953,872246,Savings,2025-07-30,2203.1,Closed
95978235,86705243,877572,Checking,2022-07-14,1689.2,Active
89293564,69567588,216739,Checking,2021-03-06,669.91,Active
68190973,71140454,809570,Checking,2022-04-08,29994.31,Active
98763518,55444584,216739,Savings,2025-07-27,5263.31,Active
69403392,83493995,809570,Checking,2025-03-17,999.36,Active
21758721,98075758,246316,Savings,2021-03-24,649.71,Closed
91521794,43910256,877572,Checking,2025-07-14,2037.06,Active
43188994,67535984,388389,Savings,2023-07-04,3295.54,Active
62587653,45778035,356787,Savings,2024-09-27,9442.82,Active
56689416,75695229,216739,Savings,2021-07-30,12594.44,Active
92373772,67241086,356787,Savings,2025-04-20,6402.46,Active
41747213,94110848,388389,Savings,2022-10-26,5277.09,Active
74744590,69239936,877572,Savings,2025-10-27,6429.35,Active
49414927,25691271,246316,Savings,2023-08-27,15190.03,Active
63931151,80184456,246316,Savings,2024-10-04,5337.85,Active
39977744,81986705,671858,Savings,2022-03-25,7720.57,Active
27198225,48432274,126225,Savings,2020-03-09,1765.4,Active
58786580,73630865,207473,Checking,2023-04-08,5920.18,Active
38306585,45843604,334053,Savings,2023-04-17,3156.14,Active
53543706,51512466,216739,Savings,2025-06-27,7009.05,Active
46760731,60130459,126225,Savings,2022-06-07,3610.91,Active
88277785,48071837,207473,Checking,2022-12-12,6951.5,Active
16581403,49022112,191161,Savings,2024-11-02,2454.96,Active
11305758,88736930,334053,Savings,2020-10-06,1999.32,Active
33424159,56689829,388389,Checking,2023-05-28,2367.91,Closed
45974306,96634023,207473,Savings,2025-04-26,2488.69,Active
98796322,11044012,388389,Savings,2020-09-20,6526.31,Closed
29950758,11044013,872246,Savings,2021-12-27,9899.06,Active
15434535,82937007,356787,Savings,2025-09-25,5637.81,Active
50856743,14255282,334053,Savings,2023-12-30,5540.2,Active
26477353,65864887,126225,Savings,2022-11-16,5540.68,Active
53510956,40109240,126225,Checking,2021-08-29,13245.72,Active
72909613,28148921,216739,Savings,2023-03-25,1926.22,Active
72024879,42075322,872246,Savings,2021-12-27,6201.18,Active
28771119,68781243,719176,Savings,2024-12-14,5810.58,Active
60359473,69108933,356787,Savings,2024-10-29,11039.0,Active
23724851,52036808,388389,Savings,2023-02-25,2443.24,Active
45056819,50169033,671858,Checking,2024-09-27,20778.16,Active
70583091,92734671,388389,Savings,2020-02-08,4536.34,Active
39846710,98305232,809570,Savings,2023-11-03,1671.27,Active
18285366,98829523,872246,Checking,2024-11-05,3139.14,Active
46465848,21005524,809570,Savings,2020-11-21,9443.21,Active
43582265,42042581,388389,Savings,2023-08-19,4184.03,Active
44270394,65668310,770487,Savings,2023-02-02,2628.63,Active
51610427,53609687,770487,Savings,2023-05-09,17179.5,Active
35849020,44008664,876646,Savings,2020-09-10,8276.75,Active
29819709,64521433,246316,Savings,2024-03-04,4055.55,Active
24445761,43779291,334053,Savings,2022-03-31,6210.07,Active
55968577,38765790,334053,Checking,2021-01-15,11235.72,Active
17728324,16057571,334053,Savings,2021-03-15,14452.26,Active
21693253,73073898,246316,Checking,2022-10-31,2981.31,Active
85623623,53380330,126225,Savings,2024-09-21,9826.01,Active
92963660,79463662,207473,Checking,2025-10-17,27658.17,Active
89588557,72811761,207473,Savings,2024-08-12,2868.7,Active
34341710,77071604,877572,Savings,2022-07-14,7185.17,Active
15008589,19530996,334053,Savings,2020-06-02,7658.55,Active
10486611,92931320,216739,Checking,2020-06-26,4351.57,Active
71631699,71435513,719176,Savings,2020-10-19,2263.38,Active
45712217,53380355,334053,Savings,2023-10-15,2259.13,Active
23397211,14714118,671858,Savings,2022-12-26,4152.27,Active
54362975,74777864,334053,Savings,2023-07-14,2393.47,Active
83559266,16057616,877572,Savings,2021-11-30,1410.34,Active
91030373,38569236,809570,Savings,2020-05-02,1640.8,Active
74744682,10061077,207473,Savings,2024-02-22,3124.51,Active
64226155,51086615,876646,Checking,2021-07-06,4251.47,Active
47121260,76317977,877572,Savings,2025-06-15,2951.03,Active
17073005,57443611,216739,Savings,2023-07-21,2221.39,Active
54395754,95487259,126225,Savings,2023-09-24,12202.07,Active
60687215,15205661,877572,Savings,2023-10-02,1863.52,Active
85197680,25265438,356787,Savings,2024-07-31,5095.29,Active
40960879,83461408,126225,Checking,2023-01-20,14604.92,Active
89260909,26477859,877572,Savings,2020-11-02,5652.7,Active
91849579,20186407,877572,Savings,2023-08-03,37901.65,Active
33850233,69371178,191161,Checking,2024-10-12,7800.65,Closed
31196025,73860394,334053,Checking,2023-01-12,4024.02,Active
77169529,20415789,334053,Savings,2025-11-02,3260.3,Active
67568505,14714158,356787,Checking,2022-05-28,9366.39,Active
91816828,77137203,770487,Savings,2022-03-23,8627.88,Active
27755389,14320951,191161,Savings,2024-10-10,7884.83,Active
85590911,50103612,126225,Checking,2021-01-02,2732.39,Active
47940473,26445117,334053,Checking,2024-05-23,3842.53,Active
77529987,37651781,877572,Savings,2023-03-13,1423.05,Active
96994181,10978632,207473,Savings,2022-07-11,4579.01,Active
52757382,26281297,719176,Checking,2023-01-30,6873.21,Active
66651016,36111698,334053,Savings,2020-07-01,2732.36,Active
17335176,98567508,872246,Savings,2021-04-06,3547.03,Active
31949706,79955294,809570,Checking,2025-05-17,3797.97,Active
16614286,31524191,388389,Savings,2021-12-30,6776.17,Active
43942798,30541150,216739,Savings,2022-02-02,1746.6,Active
53347216,85001568,388389,Savings,2021-01-16,2987.45,Closed
56656783,33949037,216739,Savings,2020-10-30,1561.7,Active
40010643,88769907,216739,Savings,2022-03-26,3833.09,Active
31490964,30672246,877572,Savings,2024-10-05,6659.37,Active
33358743,92046710,246316,Savings,2024-01-22,7931.04,Active
54199192,14845306,126225,Checking,2021-03-27,8636.62,Active
64881564,86082940,876646,Savings,2025-01-17,3272.7,Active
19465118,26576253,770487,Checking,2024-04-17,12514.98,Active
42763169,97387904,388389,Savings,2022-10-07,26482.69,Active
96043938,76154241,388389,Savings,2024-02-27,4002.29,Active
55083938,89130379,671858,Checking,2024-08-08,5428.84,Active
39551908,10814861,216739,Savings,2024-10-30,3963.01,Active
54231976,31524239,770487,Savings,2022-07-04,3604.73,Active
11764648,87033235,809570,Checking,2020-06-13,2781.26,Active
32342954,70682004,770487,Savings,2024-11-19,7848.8,Active
68682668,18056597,809570,Savings,2023-06-27,14030.52,Active
34276270,97191317,671858,Checking,2022-01-10,1538.67,Active
80774065,68650387,719176,Savings,2023-04-25,8459.71,Active
81363893,24806809,191161,Savings,2020-08-21,2354.92,Active
47514551,70616475,216739,Checking,2024-05-06,7047.26,Closed
57377724,21431712,876646,Checking,2022-08-15,6798.14,Active
98141123,85886368,770487,Savings,2024-10-03,7729.3,Active
89359303,12879270,876646,Savings,2022-12-20,6501.14,Active
61113289,20546982,246316,Checking,2021-06-30,3798.85,Active
21201866,48793000,246316,Savings,2021-01-19,4292.6,Active
29950923,85198253,388389,Savings,2020-07-08,16986.27,Closed
38077388,54527406,246316,Savings,2021-11-22,5529.8,Active
41681869,55707055,719176,Savings,2020-08-08,8649.52,Active
89686990,17958321,872246,Savings,2023-04-11,3883.28,Active
92799947,79234481,216739,Checking,2022-11-25,4853.88,Active
36668369,38569395,388389,Savings,2023-08-02,12802.48,Active
68355026,92636608,770487,Savings,2024-01-14,2168.96,Active
28902357,77432265,671858,Savings,2020-02-28,5065.28,Active
95945687,91915723,388389,Savings,2021-09-05,4300.74,Active
14615511,75335120,246316,Savings,2020-12-08,14782.36,Active
80643033,41715154,809570,Savings,2020-10-13,22213.02,Active
95093724,52233684,809570,Checking,2025-09-26,9587.62,Active
44368862,36505045,334053,Checking,2021-10-02,18168.26,Active
16876514,65832409,388389,Savings,2024-09-27,2033.07,Active
57902053,61408730,719176,Checking,2022-09-04,435.0,Active
27984869,40371675,877572,Savings,2021-11-14,7305.7,Active
55378921,71730649,191161,Checking,2025-08-15,10223.71,Active
91030505,31163870,191161,Checking,2020-04-18,3606.74,Closed
67732461,30803423,246316,Savings,2025-04-18,2965.41,Closed
61834221,38438367,719176,Savings,2023-07-27,6756.89,Active
42402803,61408743,388389,Savings,2022-04-15,17508.04,Active
71238643,77727211,356787,Savings,2021-05-17,6688.91,Active
77300729,10388983,246316,Savings,2025-08-06,11664.92,Active
28181499,92243450,809570,Savings,2025-02-23,11056.27,Active
40829947,22054396,872246,Savings,2021-01-12,8112.82,Active
79594499,39355901,356787,Savings,2023-06-16,14584.45,Active
65471492,24479230,770487,Checking,2023-05-07,2886.58,Active
52954119,25167361,126225,Savings,2025-08-26,2944.48,Active
37618698,57476619,876646,Savings,2023-10-05,3009.95,Active
40240139,19006996,388389,Savings,2023-05-19,6376.91,Active
69469196,25167381,872246,Savings,2025-04-03,16386.86,Active
37159949,40044054,671858,Savings,2025-08-02,9303.57,Closed
27460621,69961247,809570,Checking,2022-07-25,511.49,Active
32408591,50529830,809570,Savings,2023-03-15,76139.26,Active
20710416,75007530,388389,Savings,2025-04-05,7741.93,Active
33752080,17073706,356787,Savings,2023-07-19,15771.56,Active
91128849,79922737,191161,Checking,2025-11-20,7851.12,Active
84771859,81626676,877572,Savings,2024-10-11,1569.09,Active
65897491,34506298,719176,Checking,2022-03-03,8619.29,Active
42107921,25560636,334053,Savings,2021-10-22,1828.55,Active
31458327,30213700,770487,Checking,2022-08-16,7258.16,Closed
27526169,25560651,356787,Savings,2024-01-25,8267.54,Active
95683609,97617485,356787,Savings,2024-03-24,13089.3,Active
27231262,32998991,334053,Checking,2024-10-13,3746.17,Active
52560929,70649423,388389,Savings,2021-07-30,610.02,Active
51151905,67667535,216739,Savings,2024-08-27,4335.57,Active
17761314,11896401,809570,Savings,2023-04-12,9615.13,Active
74974245,17204820,671858,Savings,2024-07-06,5553.57,Active
55903269,54789719,356787,Checking,2020-08-02,5145.29,Closed
14320679,59344483,191161,Checking,2023-03-12,3789.67,Active
11404325,69863016,191161,Savings,2022-11-17,10793.85,Active
13075495,30574187,719176,Savings,2021-12-08,20459.1,Active
29852721,61998700,207473,Savings,2024-07-06,4611.7,Active
83035190,21857900,770487,Savings,2021-11-03,10893.5,Active
89687101,54855279,356787,Savings,2023-01-06,12623.14,Active
37848128,72779379,216739,Savings,2025-11-12,2615.11,Active
69338176,85231220,388389,Checking,2023-07-17,2425.64,Active
98436160,69273204,877572,Savings,2020-12-16,14277.93,Active
22316104,54068856,770487,Checking,2022-10-20,2732.42,Active
30114890,42534529,719176,Savings,2022-06-18,4188.39,Active
72090698,19728002,877572,Savings,2025-05-28,7524.9,Active
95093837,26510980,246316,Savings,2023-04-11,2310.89,Active
97125454,88049285,719176,Savings,2023-10-10,4585.69,Closed
88376399,16451207,334053,Checking,2020-03-10,7226.57,Active
56919123,54986376,216739,Checking,2024-12-24,975.63,Active
73040981,83920528,246316,Savings,2023-03-21,5735.66,Active
62391383,21038736,719176,Savings,2025-04-07,1526.63,Active
59475037,96077458,207473,Savings,2020-06-05,3440.86,Active
23987295,52528787,876646,Savings,2022-03-03,4520.71,Active
70517856,60688019,356787,Savings,2023-09-26,782.66,Active
63210593,42075796,876646,Checking,2025-11-09,3696.01,Active
72123490,63833750,876646,Savings,2022-10-04,1401.35,Active
76842080,49415833,671858,Savings,2021-07-07,1394.41,Active
28083300,44795549,334053,Checking,2025-12-25,4978.7,Active
94864485,39126690,216739,Savings,2025-02-21,12769.69,Active
65340518,54527653,877572,Savings,2025-05-29,10170.59,Active
83657831,91195046,126225,Checking,2024-02-25,2744.09,Active
33850475,92178088,246316,Savings,2021-04-29,1798.35,Active
43091057,84772521,126225,Savings,2025-05-18,4247.68,Active
61244531,80512681,809570,Savings,2025-01-19,10120.09,Active
44991603,82675371,216739,Checking,2024-09-21,7643.91,Active
76547190,12879541,877572,Savings,2022-12-13,2036.67,Active
74187895,49219254,388389,Savings,2023-11-04,3408.51,Active
56001656,92538551,876646,Savings,2020-04-21,2527.01,Active
12158074,46565047,388389,Savings,2021-07-17,422.65,Active
82576508,33883836,334053,Checking,2022-06-09,13419.3,Active
17499261,59737790,872246,Savings,2022-10-23,8289.03,Active
55510142,33195712,388389,Savings,2021-09-07,19561.26,Active
99386494,92866241,719176,Savings,2023-08-22,17240.82,Active
35292286,21071555,207473,Checking,2021-02-23,5871.12,Active
41944189,91817667,388389,Savings,2020-06-22,12608.39,Active
42992765,76515024,246316,Savings,2020-10-02,3994.16,Active
55805059,69830354,671858,Savings,2023-04-30,6720.51,Active
74744964,10192600,770487,Checking,2022-07-13,3117.53,Active
61539454,93292248,877572,Checking,2024-03-06,5082.32,Active
34636928,68519640,872246,Savings,2025-08-07,8556.62,Active
45679752,56526560,388389,Savings,2022-06-30,9002.2,Active
54396042,91686625,809570,Savings,2024-12-23,633.28,Active
79365260,51840744,388389,Savings,2025-01-27,10845.71,Active
76547214,79693550,191161,Savings,2024-10-01,1697.87,Active
51545232,30181102,334053,Savings,2024-11-03,3127.01,Active
80315538,48957167,334053,Savings,2024-11-21,1031.81,Active
88343701,39683825,246316,Checking,2020-11-20,2798.54,Active
96863385,26937073,809570,Checking,2020-03-12,17530.99,Active
38274202,70289142,877572,Savings,2022-03-31,7025.65,Active
35488922,84674300,809570,Savings,2025-10-09,5667.76,Active
25232542,39552770,216739,Savings,2022-03-13,28597.52,Active
18318497,21989127,877572,Savings,2023-08-24,2648.23,Active
64128162,69240585,809570,Savings,2023-03-01,6205.16,Active
73827503,94242570,246316,Checking,2021-07-30,14627.19,Active
85755055,92964619,809570,Checking,2023-06-17,11400.18,Active
85722289,27985677,334053,Checking,2023-03-31,9009.59,Closed
73761969,50333457,671858,Savings,2023-01-03,13813.94,Active
12485811,69371666,334053,Checking,2024-08-26,11263.63,Active
14812340,16451347,246316,Checking,2020-12-26,8961.26,Active
94143668,51513109,216739,Savings,2022-11-20,1689.97,Active
13534390,88573718,809570,Checking,2023-12-05,5331.82,Active
69829814,78251798,809570,Checking,2022-04-25,13154.68,Active
60097720,96044825,809570,Checking,2022-03-07,2704.9,Active
91980987,90081052,216739,Savings,2025-07-16,2701.59,Active
51840188,40601377,877572,Savings,2024-07-13,5310.11,Active
34276541,87426850,216739,Checking,2025-11-26,13160.72,Active
92800188,62785317,216739,Savings,2023-07-14,2401.23,Active
94700735,12093223,334053,Checking,2021-04-29,2619.35,Active
43812038,58558251,877572,Savings,2024-08-14,946.5,Active
98600135,28477228,334053,Checking,2022-06-16,2444.19,Active
76350662,46663469,719176,Savings,2024-04-21,10153.36,Active
55149770,75695918,246316,Savings,2020-07-01,2430.47,Active
63440075,23496493,809570,Checking,2023-11-14,1940.28,Active
49120460,64522034,207473,Savings,2020-03-11,3624.49,Active
93586638,52823860,246316,Savings,2020-03-16,3558.74,Active
42796240,16844604,877572,Checking,2024-09-11,10314.68,Closed
20088018,15271741,671858,Savings,2021-10-03,1655.84,Active
62850260,13731650,872246,Savings,2021-09-18,1200.26,Active
31818964,64554819,877572,Checking,2023-05-08,13710.16,Active
77071574,42403652,809570,Savings,2021-07-02,7785.18,Active
18220248,75958085,207473,Savings,2021-02-18,1692.96,Active
65570011,50825027,126225,Checking,2023-04-28,14020.71,Active
70255839,35555144,809570,Savings,2021-12-18,838.93,Active
26543328,24217417,809570,Checking,2024-12-19,11446.46,Active
34833632,75728717,388389,Savings,2020-02-11,13744.78,Active
89851109,21137232,334053,Savings,2023-10-25,19616.38,Active
42271973,36865874,876646,Savings,2024-03-25,1707.64,Active
21071085,32114515,388389,Savings,2024-04-10,4857.58,Active
83854573,70387538,334053,Checking,2020-01-08,1317.68,Active
43877615,14157653,126225,Savings,2024-05-04,17930.43,Active
39814382,12224351,809570,Savings,2022-05-29,9132.0,Active
82904305,40175456,216739,Checking,2021-03-11,5397.78,Active
34145523,69961577,126225,Checking,2025-06-18,2477.94,Active
65570036,92112746,671858,Checking,2021-05-14,4109.45,Active
97551607,48039789,719176,Savings,2024-01-21,5142.5,Active
87196924,83396464,719176,Savings,2021-09-28,14758.56,Active
15598844,83953529,216739,Savings,2022-12-20,9521.49,Active
84411652,76711804,388389,Savings,2025-03-02,3701.92,Active
76940549,62457729,719176,Savings,2024-11-14,2462.09,Closed
84804869,78088066,809570,Savings,2020-05-05,7519.0,Active
95094024,89393027,809570,Checking,2020-09-30,10720.82,Active
18318601,69306246,334053,Savings,2024-03-07,13121.71,Active
85165321,70420361,809570,Savings,2022-06-14,2296.42,Active
78185736,14649226,334053,Checking,2023-11-15,3686.33,Active
42501389,51545995,877572,Savings,2020-03-13,9285.9,Active
27723022,80906125,334053,Checking,2024-04-03,2878.71,Active
71697695,28477327,216739,Checking,2021-04-16,6421.66,Active
81757471,76515217,671858,Savings,2022-10-05,5595.19,Active
85624099,70158229,876646,Savings,2022-01-24,2812.33,Active
67896611,59803545,246316,Savings,2025-04-11,17336.78,Active
62260517,26216350,207473,Checking,2023-05-30,4850.39,Active
10978598,19236767,388389,Savings,2025-12-23,2622.7,Closed
18580772,54003619,877572,Savings,2022-11-06,11673.0,Active
89228584,93947812,719176,Savings,2022-01-24,21762.4,Active
62489897,56297382,876646,Savings,2022-01-28,5365.28,Active
11928873,20613030,126225,Checking,2021-09-09,2397.59,Active
37979432,50530217,388389,Checking,2021-06-19,1476.83,Active
15697196,15599529,809570,Savings,2022-11-04,4684.38,Active
33391916,11339690,334053,Savings,2024-09-18,45676.93,Active
94831910,46663600,334053,Savings,2025-03-06,7993.73,Active
30967087,50726836,246316,Checking,2023-04-16,2684.13,Active
62489904,99714997,719176,Savings,2021-06-08,4184.67,Closed
52725048,88639415,388389,Checking,2020-06-02,2382.13,Active
95782201,56985532,191161,Savings,2025-02-22,6522.58,Active
99910968,77203389,719176,Savings,2023-10-07,1225.94,Active
48760123,47646656,216739,Savings,2021-06-28,6981.06,Active
30311740,60229569,216739,Savings,2022-11-07,5040.08,Active
46073149,57640904,216739,Checking,2021-04-20,20748.84,Active
93455674,27625427,809570,Savings,2025-10-12,7972.48,Active
57541951,85493715,877572,Checking,2025-10-18,12157.49,Active
48596288,54921179,877572,Checking,2021-04-25,9736.22,Active
63046972,47417309,334053,Checking,2023-08-16,6053.22,Active
49218882,90277853,809570,Savings,2021-04-25,8474.06,Active
98305347,99026911,671858,Savings,2021-09-22,6116.55,Active
44172610,16877537,877572,Savings,2025-03-25,1746.54,Active
97977664,44730338,719176,Checking,2022-07-04,8250.11,Active
11994429,32245731,388389,Savings,2023-12-15,4171.38,Active
86279500,16517098,191161,Savings,2023-05-30,22174.06,Active
70747469,72189934,809570,Checking,2023-01-31,2439.6,Active
64488780,54331375,334053,Savings,2022-08-22,1470.29,Active
17433938,89851895,770487,Savings,2025-11-10,10400.12,Active
76055891,47941624,671858,Savings,2023-04-13,584.79,Active
58590548,92637178,356787,Checking,2021-03-28,11653.78,Active
35292502,87361531,877572,Savings,2023-02-20,11935.82,Active
29361494,39749628,216739,Checking,2020-09-16,3705.26,Active
71435608,73533443,246316,Savings,2023-09-19,3944.51,Active
37619034,67864579,872246,Checking,2020-11-29,1927.41,Active
93881692,11241479,876646,Savings,2025-02-03,2558.31,Closed
17696093,43124745,876646,Savings,2021-11-09,6093.49,Active
90899806,96962570,877572,Checking,2024-01-15,8517.62,Active
69666141,58918923,207473,Savings,2024-10-08,3628.66,Closed
80414048,64325643,809570,Savings,2022-01-03,3335.87,Active
65602912,92997646,334053,Savings,2022-07-15,5990.11,Active
46040418,87197710,388389,Savings,2022-06-08,9890.19,Active
44270950,79824914,719176,Savings,2022-03-18,5412.86,Active
36177262,45123603,877572,Savings,2022-07-31,7306.88,Closed
53806449,76253213,809570,Savings,2021-06-24,4149.5,Active
12289396,71010335,876646,Savings,2023-03-13,936.84,Closed
70387062,21170209,388389,Savings,2023-10-13,10869.94,Active
61605243,34670627,876646,Checking,2024-02-05,619.58,Active
29951355,79562789,216739,Checking,2025-09-03,2054.01,Active
50070912,22022183,388389,Savings,2021-07-09,5828.04,Active
20317568,49154093,876646,Savings,2024-06-10,2750.08,Active
86738306,63866926,877572,Savings,2021-08-28,5299.24,Active
17401221,58656813,388389,Checking,2021-08-27,16983.95,Active
63341963,81954864,877572,Savings,2023-02-11,1190.91,Active
93521293,37193777,809570,Savings,2024-01-13,6057.8,Active
58262926,46729273,191161,Savings,2024-06-21,1123.69,Active
97486229,77039675,388389,Savings,2020-01-20,3894.31,Active
30639510,82249792,207473,Savings,2023-01-27,2613.6,Active
14976419,61835328,216739,Savings,2025-03-18,1300.19,Active
82871716,34965578,246316,Savings,2020-09-22,16156.57,Active
37586340,74090572,207473,Savings,2020-11-12,6463.33,Active
23889318,37587025,876646,Savings,2021-06-21,17094.62,Active
20448678,80971862,388389,Savings,2023-09-05,2413.27,Active
26871208,44795990,334053,Savings,2024-06-04,13122.09,Active
41584042,47384667,334053,Savings,2022-09-15,7643.17,Active
78644652,37423200,872246,Savings,2024-06-01,1524.66,Active
49251762,44206177,356787,Checking,2020-07-04,1915.81,Active
28804531,80840807,770487,Savings,2022-02-22,1867.88,Active
95520180,74156138,809570,Checking,2021-12-16,6340.3,Active
69961144,53250159,126225,Savings,2025-01-22,6166.16,Active
99681722,53708911,872246,Savings,2022-02-10,19262.95,Active
87819711,97192052,877572,Checking,2024-03-13,2125.83,Active
61048256,88606838,216739,Checking,2021-08-26,7677.47,Closed
19793345,43649142,126225,Savings,2024-06-30,6073.33,Active
11240901,58394743,876646,Savings,2024-10-08,2488.51,Active
94799304,36538490,356787,Savings,2021-10-21,9848.03,Active
42304973,59345025,216739,Checking,2023-10-20,3726.31,Active
93095376,50825346,207473,Checking,2022-02-10,5684.56,Active
80643537,80152714,216739,Checking,2025-01-22,5612.43,Closed
48301522,31066250,877572,Savings,2025-08-07,2863.77,Active
94111189,29591693,809570,Checking,2020-11-27,7137.16,Closed
86148569,45025422,356787,Savings,2024-12-17,8374.53,Active
37029340,12585103,246316,Savings,2020-08-15,13464.63,Active
51185118,38865037,876646,Checking,2024-02-03,3695.61,Active
53741022,58853523,388389,Checking,2022-12-13,4156.98,Active
28739040,40994964,671858,Savings,2025-03-28,1727.27,Active
58721761,29984925,334053,Savings,2024-04-21,3107.26,Active
74089951,27166877,356787,Savings,2024-04-28,2490.83,Active
36570595,63408287,334053,Checking,2021-03-17,6239.34,Active
76842467,23005343,388389,Savings,2025-04-05,9711.47,Active
33687012,62720160,334053,Savings,2025-07-05,12551.86,Active
66029033,12912803,334053,Savings,2023-04-26,14226.2,Closed
87918067,67930276,126225,Savings,2024-02-10,8628.17,Active
28739059,68061350,876646,Savings,2023-06-21,4834.42,Active
93783542,79497382,809570,Savings,2025-02-20,1278.4,Active
75531771,74287273,671858,Checking,2022-05-04,7528.34,Active
90539516,54823092,334053,Savings,2022-08-28,2165.27,Active
68617724,93784251,719176,Savings,2020-05-09,3985.82,Active
51840510,29165758,872246,Savings,2022-12-16,4457.16,Active
99452416,60688574,246316,Savings,2024-03-20,2203.48,Active
40502785,87984321,809570,Savings,2023-12-20,2429.71,Active
93718025,53151943,872246,Savings,2020-02-02,5243.67,Active
34014732,32966864,246316,Checking,2020-08-04,4221.38,Active
75335181,86739153,334053,Savings,2021-12-01,4063.6,Active
66061838,80021715,877572,Savings,2022-05-26,2574.49,Active
53544464,43485397,207473,Checking,2024-11-19,11970.97,Closed
24118809,17500377,246316,Savings,2021-02-01,1221.25,Active
18712092,56264922,719176,Savings,2025-01-26,31065.44,Active
95946269,56461531,671858,Savings,2020-07-05,4953.95,Active
34801184,94570714,207473,Checking,2025-08-28,2727.46,Active
57706019,19630297,216739,Savings,2022-09-12,1229.75,Active
99911207,27822302,334053,Checking,2025-08-18,1727.65,Active
97322542,86509791,877572,Checking,2021-04-15,5907.36,Active
49186351,83167460,126225,Savings,2023-02-13,3342.87,Active
69240367,96602341,809570,Savings,2024-05-01,1481.2,Active
37848623,15042790,876646,Savings,2021-11-09,1557.17,Active
21628462,30738663,207473,Savings,2022-09-05,2748.62,Active
68945458,25331943,671858,Savings,2022-01-17,3294.94,Active
74974772,67045609,334053,Savings,2024-06-27,9715.27,Active
85853749,79530218,356787,Checking,2025-01-11,3017.12,Active
81266230,90900715,877572,Checking,2020-02-18,48094.13,Active
77891127,43026667,356787,Savings,2024-09-07,6003.96,Active
23004728,46303469,809570,Checking,2021-01-07,9120.03,Active
21202489,95979751,334053,Savings,2022-01-25,14217.76,Active
49874490,94341360,207473,Savings,2023-06-19,1410.93,Closed
97551934,96372978,877572,Savings,2025-08-02,2888.6,Active
52168259,69961970,809570,Savings,2024-08-31,3921.92,Active
34244164,17991926,126225,Checking,2025-12-27,13985.98,Active
73860678,81758455,126225,Checking,2020-11-20,4793.16,Active
59934281,91425021,246316,Savings,2025-03-16,5440.54,Active
70518349,58067198,246316,Savings,2020-03-09,11015.74,Active
88311373,24119550,719176,Savings,2023-12-19,10835.98,Active
46761551,97454338,216739,Savings,2025-10-28,20157.41,Active
51250768,77433092,388389,Savings,2021-09-12,1324.52,Active
75761232,11045129,216739,Savings,2020-09-24,2941.25,Active
47810126,16025870,872246,Savings,2021-05-24,3499.96,Active
94635607,66816274,876646,Savings,2023-07-14,2388.56,Active
42894936,71207189,388389,Savings,2023-10-18,7205.08,Active
66750039,27560215,334053,Savings,2023-02-04,9162.08,Active
85493335,13502744,770487,Savings,2023-07-18,993.12,Closed
12387941,33163546,809570,Checking,2020-08-04,8902.14,Active
30836326,73402650,719176,Savings,2021-10-13,2690.14,Active
33097318,23333146,876646,Savings,2022-12-11,5108.16,Active
48694888,81004829,876646,Savings,2023-11-11,2198.93,Active
43517546,66947358,809570,Savings,2023-04-12,10178.13,Active
91424363,74811674,671858,Savings,2023-05-14,2202.06,Active
23037549,38275360,872246,Savings,2023-05-08,4794.06,Active
45713006,69241121,876646,Checking,2024-01-16,8444.19,Active
83854958,14879004,246316,Checking,2021-02-20,6609.45,Active
84772464,23660839,872246,Checking,2020-10-06,2357.04,Active
60622451,28215592,126225,Savings,2024-09-01,4617.85,Active
79595130,69536044,877572,Checking,2022-03-28,4660.5,Active
71992958,79202605,719176,Savings,2022-03-25,9029.2,Active
64161408,77498672,719176,Savings,2022-11-24,4134.06,Active
68748931,95357243,334053,Savings,2024-08-31,3937.0,Active
19269251,25200956,126225,Savings,2022-09-22,3876.85,Active
58164867,59345215,872246,Savings,2021-04-11,1396.59,Active
85788291,86640968,872246,Savings,2023-11-23,11241.02,Closed
97912453,17205577,334053,Savings,2025-05-24,14321.42,Active
18679434,26609992,216739,Checking,2024-08-10,20140.2,Active
32081546,18188640,191161,Savings,2023-05-13,7387.79,Closed
87262864,77990241,356787,Savings,2023-11-26,1682.62,Active
87099024,63998305,809570,Savings,2024-10-30,865.27,Active
90801809,90474851,872246,Checking,2021-02-08,6591.62,Active
97322640,40438117,671858,Savings,2020-02-15,2661.7,Active
84903574,41683303,876646,Savings,2024-11-28,3595.44,Active
10323611,99912043,876646,Savings,2020-03-20,4176.13,Active
68454043,35228013,388389,Savings,2020-06-24,6447.79,Active
38471323,68323698,216739,Checking,2023-07-25,3158.18,Active
16058014,61770098,334053,Checking,2025-08-09,9646.49,Active
79955614,75041138,207473,Checking,2025-05-01,2584.76,Active
73696929,41388411,216739,Savings,2024-06-21,3920.76,Closed
17696417,75663746,334053,Savings,2022-10-18,9296.22,Active
24250019,26872196,388389,Checking,2024-02-03,3701.25,Active
29427364,17992069,719176,Savings,2020-12-20,17287.14,Active
20317859,41978253,872246,Savings,2020-10-05,2578.39,Closed
77465251,63801743,388389,Checking,2021-01-27,12707.64,Active
83232423,32770448,388389,Savings,2023-05-11,1635.72,Closed
76482219,22219154,126225,Savings,2021-05-24,3276.98,Active
33621676,68028820,388389,Savings,2024-11-26,10089.57,Active
59213486,79956373,809570,Savings,2020-04-06,23710.89,Active
36898480,21924247,334053,Checking,2021-12-26,7953.23,Active
68748976,58526106,877572,Savings,2021-07-25,9936.24,Closed
86804146,39717276,216739,Savings,2025-12-10,8140.36,Active
45942449,45517218,334053,Checking,2024-05-14,4231.59,Active
51971760,38013349,388389,Checking,2025-01-03,600.19,Active
26904243,32803247,872246,Checking,2023-06-26,2424.66,Active
79136436,84281776,334053,Checking,2024-08-21,2886.91,Active
57673392,68618675,719176,Savings,2022-02-20,2122.89,Active
59541176,89655735,246316,Checking,2024-08-12,1280.72,Active
55117496,14453175,877572,Savings,2024-09-19,21995.6,Active
52954810,54069691,246316,Checking,2024-08-12,2809.31,Active
89654972,19794370,877572,Savings,2020-06-30,1472.02,Active
85526204,19499463,770487,Savings,2022-05-15,67439.32,Active
66684607,60328392,216739,Savings,2020-02-04,12376.87,Active
73991871,74189263,334053,Checking,2021-07-28,2149.11,Active
41649859,65276371,216739,Savings,2023-08-13,2347.45,Active
31557315,97454554,191161,Checking,2025-01-26,1527.24,Active
68585158,62622174,876646,Savings,2025-02-05,1330.72,Active
52627143,87099880,876646,Savings,2024-08-09,2481.08,Active
43321039,18876915,216739,Checking,2021-03-05,7901.69,Active
69994192,82512371,126225,Savings,2021-01-06,17241.17,Closed
18941648,85068279,809570,Savings,2022-08-07,14529.35,Closed
75630291,39619065,671858,Checking,2022-07-08,15395.44,Active
62752468,83659261,877572,Checking,2025-12-09,4468.64,Active
17663699,73042437,809570,Savings,2025-07-30,8642.69,Active
95061717,48040455,877572,Checking,2020-02-18,7028.17,Active
95061720,91851272,388389,Savings,2022-07-24,5178.3,Active
32245466,35686922,719176,Savings,2020-01-26,14566.39,Active
18056923,50268684,809570,Savings,2022-08-08,9367.39,Active
34375393,88345103,207473,Savings,2021-06-23,6000.69,Active
15861474,30607888,334053,Savings,2025-06-28,2491.86,Active
50071267,86477332,719176,Savings,2023-06-26,16292.44,Active
99157731,64064021,334053,Savings,2021-03-08,1591.05,Active
86443749,19237399,388389,Savings,2020-06-23,1383.74,Active
35325670,25037335,719176,Savings,2023-03-30,647.94,Active
94439139,19204640,216739,Savings,2021-01-17,4656.01,Active
62457569,17205793,216739,Savings,2023-11-17,7034.68,Closed
63407849,56855073,671858,Savings,2021-12-09,1624.89,Active
20678373,10586659,770487,Savings,2025-06-05,4901.02,Active
22939371,82971173,388389,Savings,2024-04-13,13465.3,Active
17237741,58100262,877572,Savings,2022-08-23,8729.59,Active
92112624,95554087,246316,Checking,2022-05-07,3032.77,Closed
87197424,86149672,334053,Savings,2024-03-24,10363.0,Active
29787890,89098795,216739,Savings,2023-05-24,12684.28,Active
38078195,76483119,877572,Savings,2024-12-08,13315.22,Active
19400436,78285360,126225,Savings,2021-03-31,9167.99,Active
68355828,54626867,246316,Savings,2025-05-19,1280.32,Active
59082487,62360117,877572,Checking,2022-10-02,20427.47,Active
75007740,53611062,809570,Savings,2022-04-26,6267.04,Active
74647294,66849336,809570,Savings,2021-06-30,3296.87,Active
66455296,25233976,246316,Savings,2025-11-19,12060.9,Active
40470281,19761723,216739,Savings,2021-09-12,4011.2,Active
44959499,27232830,877572,Savings,2023-06-17,395.15,Active
24708879,35031616,207473,Savings,2021-09-15,13700.05,Active
21006096,98601536,216739,Checking,2021-01-17,3031.7,Active
83003165,43584069,246316,Checking,2020-12-23,4279.47,Active
19891997,74418758,216739,Checking,2020-07-14,5024.42,Active
13960994,82283083,809570,Savings,2023-03-10,3801.91,Active
87033634,50661973,809570,Savings,2025-04-26,5915.0,Active
21890853,36604504,126225,Savings,2022-09-04,10938.05,Active
24151847,65768027,356787,Checking,2024-10-12,7929.08,Active
92047147,10652253,356787,Savings,2021-02-03,1975.45,Active
18286381,24873566,388389,Savings,2021-01-19,1467.7,Active
15632177,52365923,246316,Savings,2020-02-17,3524.27,Active
87131954,32737897,877572,Savings,2021-08-21,2451.9,Active
70747956,62687851,388389,Checking,2023-01-27,2426.37,Active
40077110,55183986,671858,Savings,2023-11-29,2360.12,Active
86804278,33622643,809570,Savings,2025-05-04,16419.26,Active
51152696,50006642,809570,Checking,2024-12-20,7900.01,Active
76842808,13077109,877572,Checking,2024-02-01,3743.21,Active
13600571,35490427,216739,Checking,2024-01-17,5536.44,Active
93882175,65014398,809570,Savings,2023-10-08,7264.61,Active
78350144,78154367,876646,Savings,2025-02-23,2655.18,Closed
26806081,43453059,334053,Savings,2021-05-02,5359.91,Active
79923012,54004355,671858,Savings,2020-05-28,651.29,Active
33589060,21170819,356787,Checking,2020-06-21,5222.37,Active
33687364,88869512,388389,Savings,2023-01-31,8835.43,Active
22054727,84314767,216739,Savings,2025-12-30,8308.46,Active
50005833,81234581,388389,Savings,2024-10-18,5397.97,Active
88573772,43485845,876646,Checking,2024-01-08,1592.03,Active
15533904,94636700,809570,Savings,2025-12-26,6796.82,Active
50562898,92768926,246316,Savings,2021-12-26,12144.22,Active
34146131,37915295,388389,Checking,2021-06-12,11772.86,Active
18646868,29690538,876646,Savings,2025-10-19,4799.45,Active
77727572,89688746,334053,Checking,2020-08-07,6415.34,Closed
72812374,34867891,334053,Checking,2025-08-10,4025.8,Active
96110424,99388087,770487,Checking,2022-07-31,8676.93,Active
90867545,89393857,207473,Savings,2020-06-24,3327.04,Active
38930266,97192646,216739,Checking,2025-07-29,3126.93,Active
76416859,59738823,671858,Savings,2021-12-27,4616.89,Active
89098076,63638216,388389,Savings,2025-07-08,4556.65,Active
24348511,31361738,671858,Savings,2022-04-27,1344.09,Active
36177761,13077195,207473,Savings,2024-05-13,4448.43,Active
62523240,22121170,334053,Checking,2025-04-21,1694.23,Active
40011624,20712150,877572,Checking,2021-10-04,4750.02,Active
31328108,50498263,877572,Savings,2020-01-07,42380.04,Active
80873325,25037526,719176,Savings,2020-08-30,9413.82,Active
60852078,71240406,246316,Savings,2020-04-13,1928.56,Active
59836271,44174038,216739,Savings,2021-07-04,5297.01,Active
48465774,32901851,877572,Savings,2024-06-13,8046.58,Active
99125104,71207649,356787,Savings,2021-07-20,1702.38,Active
45287279,21269218,191161,Checking,2023-10-14,7046.64,Active
10192755,25463529,719176,Savings,2022-04-10,4760.63,Active
65439603,77236970,877572,Savings,2024-07-17,4584.95,Active
13305715,17566443,877572,Savings,2025-08-27,2743.78,Active
84543354,84544238,216739,Savings,2020-09-18,4954.24,Active
64587643,13732591,872246,Checking,2020-03-08,16023.8,Active
31328124,37489392,809570,Checking,2020-06-17,3446.29,Active
93325179,88902387,719176,Savings,2022-12-22,11878.09,Active
41486213,76745463,877572,Savings,2024-05-11,5007.24,Active
55216006,92506873,876646,Savings,2022-04-18,6372.91,Active
26249096,28969722,246316,Savings,2025-05-28,17957.4,Active
71600013,53480195,356787,Checking,2020-04-14,4610.44,Active
17827726,68324110,216739,Savings,2025-05-30,5299.34,Active
59410319,77302548,809570,Savings,2021-09-21,8892.22,Active
60262289,30280473,877572,Checking,2021-02-18,2120.29,Active
53872530,24283930,872246,Savings,2020-03-22,11936.76,Active
51611540,75762459,671858,Checking,2022-02-19,3765.11,Active
46237590,69372702,876646,Savings,2022-07-14,3431.12,Active
47482778,46533408,876646,Savings,2023-10-31,1551.26,Active
89491358,72944417,246316,Savings,2021-03-21,1971.19,Active
40175519,36965153,809570,Checking,2025-03-27,6957.63,Closed
77367203,65440548,872246,Checking,2024-05-31,13335.23,Active
88016807,14420773,388389,Savings,2025-01-20,2445.75,Active
15140778,28019495,388389,Savings,2024-05-26,8486.75,Active
41224116,13536043,719176,Checking,2021-01-06,4122.59,Active
44337077,75336499,877572,Checking,2020-04-30,1447.94,Active
79267766,10029877,877572,Checking,2024-08-13,3310.77,Active
65800118,46107447,126225,Savings,2025-10-04,9062.21,Active
62261175,43191098,216739,Checking,2025-08-03,1991.02,Active
74483641,18484027,719176,Savings,2025-04-09,1548.02,Active
98371514,76614461,877572,Savings,2022-10-02,2776.22,Active
14452665,99224381,334053,Savings,2020-10-31,2659.44,Active
65832892,59312960,388389,Checking,2024-08-19,23725.33,Active
75040700,20941636,388389,Checking,2021-06-14,5815.04,Active
61867968,42830668,126225,Savings,2020-07-10,14529.85,Active
21399490,76483420,388389,Savings,2024-09-19,4660.57,Active
15304648,66718559,876646,Savings,2022-12-20,6513.21,Active
93063113,81234789,334053,Checking,2022-04-17,11140.63,Active
18122698,95488872,246316,Savings,2025-04-18,1494.49,Active
45549512,87460714,872246,Checking,2025-08-18,2019.28,Active
12650444,43879275,126225,Savings,2022-10-27,8092.26,Active
29525965,60099438,809570,Checking,2022-11-29,5411.59,Closed
76515286,16845681,216739,Savings,2025-05-05,8060.72,Active
30672859,94735220,809570,Savings,2021-09-22,2353.28,Active
81266652,44338038,719176,Savings,2020-04-22,4432.8,Active
47843293,71437178,809570,Savings,2024-12-13,17482.33,Active
70027232,35359610,388389,Savings,2022-01-14,2947.16,Active
28510183,85527424,719176,Savings,2022-07-27,10915.63,Active
26511344,99453826,388389,Savings,2022-02-03,7061.99,Active
55576563,61180814,207473,Savings,2025-01-10,2450.71,Active
63342582,26512272,877572,Savings,2024-12-19,14352.01,Active
93423606,37686167,216739,Checking,2024-12-31,15326.0,Active
59377655,84282265,126225,Savings,2024-01-08,1499.44,Active
71731196,10947486,334053,Savings,2021-04-25,10027.14,Active
99092478,25693088,246316,Checking,2024-01-28,3490.9,Active
15927296,22416290,388389,Checking,2021-10-21,4439.15,Active
67733505,97553316,809570,Savings,2021-05-10,784.38,Active
37324801,86805418,356787,Savings,2023-08-29,3587.37,Active
73730050,74517422,207473,Checking,2025-11-22,2282.65,Active
48269316,59902895,246316,Savings,2024-07-10,4515.48,Active
34310149,38472624,877572,Savings,2022-07-16,2010.53,Active
85198859,22842289,719176,Savings,2020-06-02,2176.11,Active
73959436,89328563,334053,Savings,2023-05-01,2150.0,Active
26871819,74091448,216739,Savings,2022-06-17,13980.28,Active
89196559,32771003,872246,Savings,2022-02-27,4267.69,Active
55314450,70749118,809570,Savings,2021-02-09,7486.22,Active
60753938,81005505,770487,Savings,2021-01-09,6584.65,Active
62654484,42994627,388389,Savings,2022-03-16,2631.05,Active
87066647,96635845,809570,Savings,2025-07-23,6920.98,Active
88213528,50105286,719176,Checking,2022-01-19,5289.11,Active
54298648,87067592,671858,Savings,2021-04-16,2471.2,Active
39323674,52366285,126225,Savings,2024-01-30,4344.74,Active
94046237,83987406,207473,Savings,2025-04-26,24157.18,Active
75630621,39586765,246316,Savings,2023-01-04,1596.56,Active
64391205,21892045,246316,Checking,2022-04-19,3207.46,Active
47646757,67177425,356787,Savings,2022-01-31,7565.82,Active
25626665,54234067,877572,Savings,2021-02-04,1330.05,Active
69765162,55643095,334053,Savings,2020-02-28,3863.75,Closed
92506154,47680474,877572,Savings,2021-07-12,13072.63,Active
18876460,60394460,191161,Checking,2024-10-30,3216.27,Active
90834986,72944605,770487,Savings,2023-03-24,12302.97,Active
43190318,18156510,809570,Checking,2023-01-21,2063.55,Active
10258482,57543646,126225,Savings,2022-05-29,16997.83,Active
38733874,47483872,872246,Savings,2024-04-13,35475.85,Active
22513718,84872162,216739,Checking,2021-05-07,979.87,Active
63604794,13536226,719176,Savings,2023-05-10,18388.99,Active
55248958,90213358,872246,Savings,2025-09-13,4219.95,Active
57542719,41389041,809570,Savings,2020-02-01,3510.83,Active
22120516,68029440,246316,Savings,2020-05-09,2027.48,Active
71141444,59968515,388389,Checking,2023-02-19,1818.18,Closed
20613190,52661256,872246,Savings,2025-08-17,9532.79,Active
46303309,29920279,191161,Savings,2024-12-15,3421.24,Active
60524625,37129243,770487,Checking,2020-06-23,848.94,Active
33392724,62491677,334053,Savings,2022-07-29,10849.35,Closed
75139157,56003616,671858,Checking,2020-12-13,5942.33,Active
73304155,99748903,356787,Savings,2020-01-31,3103.8,Active
65734747,70421544,388389,Checking,2024-03-27,14029.79,Closed
56952923,92146730,356787,Savings,2021-03-10,8719.77,Active
53971038,26971186,216739,Checking,2020-03-28,7826.12,Active
92964958,94768182,876646,Savings,2021-06-29,923.78,Active
23464032,59411511,877572,Savings,2025-10-01,6015.78,Active
32082014,20778040,877572,Savings,2022-02-11,9330.61,Active
64522336,93260858,877572,Savings,2020-01-15,2736.58,Active
54593635,63605819,246316,Savings,2022-12-23,3096.29,Active
33130596,67832898,334053,Savings,2023-10-14,748.76,Active
66750565,17992771,126225,Checking,2023-02-08,710.62,Active
88803431,13700169,809570,Savings,2020-03-21,10507.36,Active
96438380,38177866,388389,Checking,2024-01-21,3617.39,Active
61212783,67996754,876646,Savings,2024-09-09,2305.52,Active
81889391,43453525,207473,Savings,2020-03-23,3136.2,Active
85002357,66948190,388389,Savings,2021-09-04,12467.37,Closed
25364597,46402657,246316,Savings,2025-06-25,22905.28,Active
49645688,75893857,671858,Savings,2025-04-02,10870.99,Active
26249337,35032163,719176,Checking,2022-12-15,4609.86,Active
68913274,16551011,809570,Checking,2024-04-23,24079.06,Active
65898626,30313574,809570,Savings,2023-08-19,2376.56,Active
20777094,34442342,671858,Savings,2025-05-10,1652.71,Active
18647179,57412713,216739,Savings,2020-04-29,9615.44,Active
94931084,66063465,671858,Savings,2023-05-16,9863.26,Closed
56821899,42404976,719176,Savings,2022-12-02,6424.15,Active
97552528,23366770,872246,Checking,2025-12-25,6893.9,Active
43649169,15961208,207473,Checking,2020-03-23,1649.95,Active
46499985,55053446,191161,Checking,2023-03-24,5425.69,Active
67635345,67931277,334053,Savings,2024-05-11,1455.62,Active
36407444,79269014,207473,Savings,2024-10-04,5994.55,Active
77858969,46337178,388389,Savings,2020-05-01,15293.98,Active
56985753,18877598,334053,Savings,2025-09-29,7048.32,Active
44042397,49351840,246316,Checking,2025-09-28,2645.79,Closed
83495074,44403873,671858,Checking,2021-05-13,5240.42,Active
53348519,47647905,191161,Savings,2022-12-01,4019.69,Closed
35260584,62852261,207473,Savings,2021-02-08,3529.51,Active
12912807,25758887,334053,Savings,2022-09-14,3707.13,Active
51415212,20941991,388389,Savings,2025-09-05,1690.08,Closed
24479917,14355626,126225,Savings,2022-04-02,6389.65,Active
72648877,66555055,809570,Savings,2022-10-23,4384.55,Active
71469239,13929650,216739,Savings,2023-06-25,15581.14,Active
81299646,17435827,334053,Checking,2021-08-09,7543.92,Active
12454079,24022197,388389,Checking,2022-07-28,21412.91,Active
89753792,69078199,334053,Savings,2024-08-30,18717.61,Active
36178114,91393213,216739,Savings,2020-12-30,1465.49,Active
61769923,15109312,809570,Savings,2020-11-04,2883.15,Active
11864258,32279754,809570,Savings,2023-08-09,1524.86,Active
61409478,19074250,191161,Savings,2023-08-17,2078.75,Active
10062027,36113612,334053,Checking,2020-11-03,2647.94,Active
43649230,66161867,334053,Savings,2023-07-31,24026.99,Active
36800734,65211598,246316,Savings,2023-11-07,19602.67,Active
34932958,50728138,877572,Savings,2021-01-12,6439.11,Active
76286177,91426000,770487,Savings,2021-01-26,3119.52,Closed
81070306,34245844,207473,Savings,2021-12-05,1181.77,Active
52627683,24153304,809570,Savings,2020-07-13,2732.43,Active
32737508,63245529,388389,Savings,2022-08-16,5133.71,Active
77138149,48631003,671858,Savings,2025-06-19,2380.57,Active
70912236,36506844,770487,Checking,2022-05-03,12743.32,Active
67340525,27561180,334053,Savings,2025-08-04,25263.24,Active
27134190,59444446,719176,Savings,2024-06-11,2415.22,Active
74877167,91327713,877572,Savings,2025-02-22,4369.94,Active
89032945,78646505,191161,Savings,2021-01-29,3679.78,Active
97421554,17566955,809570,Savings,2021-07-02,3558.49,Active
60098801,49482988,770487,Savings,2025-07-30,2462.75,Active
57444596,77139181,246316,Savings,2023-02-23,2724.09,Active
40241394,42274031,719176,Savings,2020-04-07,1659.26,Active
49383671,93818096,719176,Savings,2020-08-03,7783.45,Active
51874039,92507376,809570,Savings,2020-09-25,8070.09,Active
81004793,22383858,877572,Checking,2025-07-03,16539.49,Active
99748096,55676146,216739,Savings,2020-01-05,1635.86,Active
60721410,46664946,877572,Checking,2022-12-19,1440.99,Active
78416141,73436403,207473,Savings,2022-01-19,1246.46,Active
55609614,96013558,388389,Savings,2024-06-07,1990.85,Active
66390287,11439350,809570,Checking,2021-06-23,20253.04,Active
94734606,44240120,770487,Savings,2024-10-09,2033.84,Active
87394574,16944370,671858,Savings,2023-05-03,5610.25,Active
57182481,41159925,872246,Savings,2023-06-29,22424.15,Active
57542933,41651456,191161,Savings,2024-12-02,6360.64,Active
97290519,62262529,877572,Checking,2023-11-06,3488.35,Active
25037081,74747138,334053,Savings,2024-02-05,488.07,Active
53709082,55905540,126225,Checking,2024-09-18,4003.05,Active
67602714,29297925,246316,Savings,2024-04-05,7246.54,Active
36374809,25398534,877572,Savings,2023-11-29,4155.22,Active
69830937,39128328,356787,Savings,2022-10-17,4207.4,Active
10062107,66948362,877572,Savings,2022-11-11,1649.05,Active
77662496,74157331,877572,Savings,2024-09-12,26732.17,Active
91752736,57969943,719176,Savings,2022-12-28,3468.05,Active
49514786,22514969,876646,Savings,2022-01-19,9715.66,Active
77793572,98733337,719176,Checking,2022-07-16,4863.78,Active
22481192,10685723,216739,Checking,2022-12-26,3507.96,Active
81594665,82808093,671858,Savings,2024-03-15,3696.35,Active
44730666,30838048,216739,Checking,2021-10-05,13539.33,Active
11602218,11832614,809570,Checking,2020-04-03,2999.66,Active
63539496,29330727,671858,Savings,2022-04-01,7128.92,Active
12323115,26316077,770487,Savings,2022-12-14,6485.82,Active
79300905,28282158,671858,Savings,2023-07-05,2427.41,Active
60819753,21302574,207473,Checking,2024-09-21,2190.18,Active
16779566,65015092,246316,Savings,2020-05-29,7297.04,Active
73435441,98405689,719176,Savings,2025-04-13,25338.32,Closed
27920690,69373245,877572,Savings,2021-01-17,1423.27,Active
76155186,73534782,334053,Savings,2025-06-09,3067.34,Active
68585780,99290446,334053,Savings,2021-10-16,5056.81,Active
91719986,35687763,809570,Savings,2020-08-07,5475.04,Closed
80546098,49417556,126225,Savings,2025-08-27,4377.88,Active
60590392,30477653,334053,Savings,2024-01-29,44798.07,Active
53774650,14060890,877572,Savings,2023-08-12,3968.48,Active
32573760,37358942,216739,Savings,2021-08-27,1254.69,Active
55609668,44600674,246316,Checking,2025-01-19,18278.05,Active
30247239,12488036,216739,Savings,2020-10-27,1808.38,Closed
25758029,57347429,356787,Savings,2024-01-12,4574.74,Active
52431185,41651568,334053,Savings,2020-12-25,2531.52,Active
59181393,79039857,388389,Checking,2021-03-14,2426.91,Active
22841683,22613361,876646,Savings,2021-11-18,1533.44,Active
27199830,61246837,356787,Savings,2022-03-29,9149.6,Active
79628631,65375607,388389,Checking,2025-02-24,12064.65,Active
59803992,34016631,246316,Savings,2022-11-06,8031.09,Active
71108953,84512121,719176,Savings,2020-08-14,19044.79,Active
95750491,22515069,216739,Savings,2021-03-20,2468.98,Active
25790813,95587711,671858,Savings,2024-06-26,3797.47,Active
94931295,88903040,207473,Savings,2022-10-20,2655.27,Active
50334048,57871750,246316,Savings,2020-04-07,7614.73,Active
61344096,51056009,356787,Checking,2020-04-21,5973.69,Active
73861474,37686666,671858,Savings,2024-09-18,1242.22,Active
10357092,14519690,126225,Savings,2021-04-27,16300.45,Active
65112422,80350607,356787,Savings,2023-04-24,2178.99,Active
49121639,43945364,246316,Savings,2024-06-07,1200.3,Active
99813735,11373974,246316,Savings,2020-05-20,1527.84,Active
49678699,98667926,876646,Savings,2022-10-11,14256.49,Active
99256684,34049430,126225,Checking,2020-01-31,21162.66,Active
35260790,47058337,216739,Savings,2024-11-17,4230.45,Active
46303608,45976998,671858,Savings,2022-03-13,10185.93,Active
59672955,88837549,671858,Savings,2022-09-22,2112.0,Active
28215676,38047152,216739,Checking,2020-06-18,8119.06,Active
45058430,98504112,356787,Checking,2021-02-02,7084.87,Active
32803202,73469372,809570,Checking,2023-05-06,1590.05,Active
18876805,17010108,388389,Savings,2020-04-21,4795.65,Active
38603141,36015554,126225,Checking,2024-12-30,5044.46,Closed
34572679,61935044,809570,Savings,2023-09-09,2292.27,Active
20449672,81563076,356787,Savings,2022-01-10,9661.42,Active
59967883,19697093,356787,Savings,2024-03-04,1719.33,Active
20679052,20581831,719176,Checking,2023-09-12,10269.2,Active
57706896,34999755,216739,Checking,2023-03-23,23455.09,Active
64358801,37916110,334053,Checking,2025-05-17,7914.96,Active
31656336,87100880,719176,Checking,2023-06-07,10894.61,Active
24840597,97291731,191161,Savings,2020-03-23,10723.97,Active
56691095,84839893,246316,Checking,2021-05-06,10991.15,Active
75893145,14028257,877572,Savings,2025-09-19,3566.48,Active
83921306,87723491,246316,Savings,2023-09-07,7441.56,Active
27167129,38768103,719176,Savings,2020-08-27,7149.69,Active
11602332,25791975,207473,Checking,2020-08-29,1374.47,Active
39848345,18058732,877572,Checking,2024-01-13,3244.12,Active
20646302,55152111,207473,Savings,2021-09-22,2405.96,Active
90048927,37457394,876646,Savings,2020-06-25,3043.53,Active
92211615,41586172,770487,Savings,2024-08-06,12742.63,Active
68192673,63540735,388389,Savings,2024-12-27,3221.55,Active
14649758,81694209,246316,Savings,2021-06-08,3151.35,Active
87853469,10358277,872246,Savings,2020-07-25,5210.95,Active
53741989,22547977,809570,Savings,2024-04-27,3870.57,Active
98208166,75402764,872246,Savings,2022-01-16,2244.58,Active
76974501,13733392,246316,Savings,2023-04-03,5653.61,Active
78645672,31034897,877572,Savings,2020-12-08,4940.61,Active
39520679,46698001,334053,Savings,2023-09-08,2782.13,Active
59640234,17141275,126225,Checking,2024-12-16,6023.5,Active
43125161,31100444,877572,Savings,2024-07-06,3419.08,Active
58231212,39259677,876646,Checking,2025-11-30,10486.61,Active
40995243,93949472,334053,Savings,2020-08-16,954.11,Active
84740530,85265952,246316,Savings,2020-02-26,3052.75,Active
84674996,39751206,216739,Checking,2021-05-29,5586.58,Active
92342710,86937135,671858,Savings,2025-02-22,3675.8,Active
51153335,51482161,191161,Savings,2025-08-03,1377.54,Active
46401976,53087794,770487,Checking,2020-06-02,28757.75,Active
61737402,31297075,126225,Savings,2025-07-28,5061.14,Active
74123707,73600573,216739,Savings,2025-08-21,1647.57,Closed
38209978,37981761,126225,Savings,2022-09-27,10071.48,Active
75991483,90607170,216739,Savings,2024-03-20,3564.1,Active
77400510,88706625,809570,Savings,2020-06-15,13027.52,Active
64653767,31198792,388389,Savings,2021-12-13,3486.92,Active
43616714,87658064,388389,Savings,2023-03-07,10530.78,Active
20744651,60460632,207473,Checking,2020-03-22,5107.45,Active
59902413,81333850,246316,Checking,2022-07-18,5085.4,Active
56232399,62164584,334053,Savings,2021-06-16,2767.58,Active
10914257,68587112,809570,Savings,2022-06-25,3391.04,Active
38013399,10587760,191161,Checking,2023-01-01,6753.88,Active
77695451,10096242,388389,Savings,2022-03-12,3900.18,Active
62523870,25955956,388389,Savings,2021-08-29,2108.37,Active
42109407,99126902,809570,Savings,2020-10-28,2514.89,Active
51907043,99552886,207473,Checking,2025-07-31,7972.75,Active
67242472,84512376,246316,Savings,2022-08-30,9364.11,Active
58329577,72912509,216739,Checking,2021-02-19,11977.57,Active
66292202,97029758,216739,Checking,2020-03-05,3691.48,Active
41093609,17632895,246316,Savings,2024-03-16,24409.65,Active
53053931,10129023,246316,Checking,2024-06-06,12153.44,Active
34441709,61214343,216739,Savings,2021-03-18,4816.58,Active
51808750,16780935,770487,Savings,2024-04-26,5191.9,Active
29919731,21597835,809570,Savings,2024-09-21,8991.67,Active
67471859,32476811,388389,Checking,2022-10-25,2485.18,Active
50498040,91491981,770487,Checking,2023-09-06,1373.89,Active
62786045,99159705,334053,Savings,2021-08-27,5764.93,Active
12028417,84381342,246316,Savings,2021-04-17,5505.42,Active
24611331,70094499,388389,Savings,2025-06-11,2428.38,Active
11504132,82742951,877572,Savings,2024-06-25,2740.58,Closed
47811079,28085930,191161,Checking,2022-03-13,11599.54,Active
27855368,22187690,388389,Checking,2024-10-18,5522.84,Active
41224713,42864301,671858,Checking,2022-05-31,1168.46,Active
66783754,21794480,216739,Checking,2022-10-25,497.06,Active
59607563,63311538,216739,Savings,2025-12-24,659.57,Closed
20417031,95751861,877572,Savings,2023-01-17,20255.25,Active
53643792,86281910,246316,Savings,2021-04-08,2789.38,Active
82020881,89067193,388389,Savings,2022-11-05,3971.46,Active
64326162,73862843,671858,Checking,2020-11-29,43694.14,Active
68094483,30772924,334053,Savings,2025-07-17,2100.22,Active
55020048,58986173,770487,Checking,2022-10-08,11164.71,Active
87886355,51383995,877572,Checking,2024-02-17,3975.57,Active
46696983,39194304,671858,Checking,2024-12-26,10859.13,Active
29624856,77926084,207473,Savings,2023-01-21,7734.26,Active
43026973,70192839,207473,Savings,2020-06-04,844.02,Active
27036190,30674632,356787,Savings,2023-05-23,2167.65,Active
64358942,23203527,207473,Checking,2020-08-18,2180.77,Active
75041311,69734090,246316,Checking,2024-04-14,6111.29,Active
99650080,62033611,216739,Savings,2025-04-22,2862.92,Active
75565597,61181649,216739,Savings,2024-12-25,6312.77,Active
53250595,99880660,872246,Checking,2023-04-08,8404.93,Closed
54888996,72814294,876646,Savings,2023-03-14,23400.23,Closed
45222432,41946840,207473,Checking,2025-08-19,8191.05,Active
70257187,69930717,388389,Savings,2021-03-09,4690.58,Active
20089384,62295775,216739,Checking,2020-03-11,5999.52,Closed
92899883,70094560,809570,Savings,2022-01-23,1081.39,Active
27429420,61968105,246316,Savings,2020-01-20,3043.53,Active
52791853,54955754,388389,Savings,2024-09-10,2053.89,Active
95095346,21171947,809570,Checking,2024-10-28,13307.22,Active
51087924,67374828,334053,Savings,2024-02-20,9790.63,Active
96471608,34541291,216739,Savings,2020-04-12,949.63,Active
64817721,87363316,719176,Savings,2021-04-04,8976.98,Active
33458745,69078776,216739,Checking,2020-02-28,11099.76,Active
44042812,54562556,207473,Savings,2023-09-03,2538.34,Active
47483456,69439230,334053,Savings,2024-12-31,10452.72,Active
13666881,66817791,388389,Savings,2023-01-02,5838.68,Active
88836674,94179072,877572,Savings,2025-01-22,1578.17,Active
55216707,48074502,877572,Savings,2022-01-30,1407.94,Active
48597572,80121606,334053,Savings,2021-05-26,49475.97,Active
44108357,88215320,334053,Checking,2022-08-12,4061.43,Active
73206339,71896872,876646,Savings,2024-05-19,6908.41,Active
52890176,25399080,388389,Savings,2024-08-04,1291.12,Active
59017793,99553066,246316,Savings,2022-06-28,23331.38,Active
69175880,56266539,671858,Savings,2021-04-26,10513.28,Active
17041988,55578412,207473,Savings,2024-01-15,5747.27,Active
78809674,49647408,877572,Checking,2020-09-11,23071.54,Closed
28576332,46599984,388389,Savings,2025-07-20,1301.78,Active
22874700,85954353,877572,Checking,2025-06-19,2703.8,Active
53447248,15044401,216739,Savings,2024-03-19,5163.18,Active
71469649,74616637,191161,Savings,2020-03-18,2913.23,Active
36702802,61673279,877572,Checking,2023-07-01,10255.18,Active
93096530,76025664,388389,Savings,2025-02-03,7941.34,Closed
25430613,52727619,719176,Savings,2024-11-09,14779.23,Active
53185111,99520328,126225,Savings,2024-07-06,5844.65,Active
92998231,35884872,719176,Checking,2021-11-07,2030.62,Active
84216409,10948426,877572,Savings,2024-05-04,3792.63,Active
96438874,19795789,388389,Checking,2023-04-12,8427.0,Active
50858588,73142096,719176,Savings,2020-02-02,3725.83,Active
35129953,40505177,809570,Savings,2025-06-21,5537.41,Active
91261538,56364889,334053,Savings,2024-03-06,3334.06,Active
26577507,40243036,877572,Savings,2021-02-03,7924.98,Active
53152357,64524124,809570,Savings,2021-03-03,8077.62,Active
39750246,14061405,334053,Savings,2021-12-31,43079.34,Active
98339430,64753508,216739,Checking,2024-05-01,1153.24,Active
32868968,37916520,876646,Savings,2022-05-09,6660.03,Active
94603878,83070826,246316,Checking,2025-12-30,32501.75,Active
68651625,60133229,207473,Checking,2020-11-02,14677.29,Active
86084203,81629042,216739,Savings,2020-09-07,27670.62,Active
30837358,86282104,809570,Savings,2020-08-05,1919.99,Active
80087663,10162044,216739,Savings,2021-05-11,5261.65,Active
21990004,47812478,246316,Savings,2020-12-03,1433.94,Active
23005812,61017988,126225,Checking,2022-03-27,2313.29,Active
35588726,71962500,877572,Savings,2024-10-08,17731.37,Active
52234872,14159751,872246,Savings,2024-01-18,1749.27,Active
46664312,59445129,809570,Checking,2023-02-17,3786.87,Active
90933880,24153995,719176,Savings,2022-03-21,2160.67,Active
56986237,74682252,126225,Savings,2022-06-01,6481.52,Active
77466237,68620174,671858,Savings,2024-07-22,1322.04,Active
19991167,88248208,126225,Savings,2024-09-28,5018.6,Active
84576894,62099344,207473,Checking,2022-07-25,11336.39,Active
47712895,99946386,334053,Savings,2020-01-18,3639.06,Active
28150421,13176727,356787,Savings,2023-05-09,16790.95,Active
24382103,25399193,809570,Checking,2025-04-09,7883.61,Active
38439577,57282459,671858,Savings,2025-08-10,3671.66,Active
68324003,93228956,876646,Savings,2023-09-08,2642.98,Active
67832484,86183837,356787,Savings,2025-03-12,12476.43,Active
38800037,34836379,388389,Savings,2023-01-23,3767.92,Closed
78449316,24874914,246316,Checking,2022-05-26,4480.59,Closed
74189476,83955621,876646,Savings,2020-11-05,33222.59,Active
38406823,29659052,126225,Savings,2022-02-27,12649.45,Active
12782247,46403502,216739,Checking,2020-07-31,2452.33,Active
53250730,89591729,809570,Savings,2021-04-23,5441.67,Active
63802028,57380788,877572,Savings,2023-12-14,12211.3,Active
32901808,85495736,809570,Savings,2022-08-21,2779.77,Active
78973617,45748154,671858,Savings,2023-03-21,18053.24,Active
91228848,45420487,877572,Savings,2023-07-29,7468.93,Active
71862967,60493774,191161,Savings,2021-04-12,39257.9,Active
76778167,58822608,388389,Checking,2023-10-25,3905.34,Active
80120503,27365348,877572,Savings,2025-02-15,8426.94,Active
14420667,88051688,207473,Savings,2020-07-13,2618.4,Active
48564929,46108649,246316,Savings,2021-09-08,4614.78,Active
14650051,82481128,334053,Savings,2025-02-11,2941.29,Active
25365187,95784940,719176,Checking,2022-03-15,12659.8,Active
58919620,37785580,126225,Savings,2024-11-12,1145.89,Active
59738825,82612215,216739,Savings,2025-01-28,392.74,Active
76483275,15306750,191161,Savings,2020-07-29,6477.56,Active
35031757,66359299,191161,Savings,2024-02-19,5327.33,Active
23988945,98373640,246316,Savings,2023-12-24,2503.56,Active
17271507,99061770,877572,Savings,2021-09-26,5498.77,Active
67439319,72945676,246316,Checking,2024-08-07,862.49,Active
96996056,60985357,877572,Savings,2023-11-12,20577.15,Active
91359965,64393234,877572,Savings,2025-08-06,2465.81,Active
78285537,76550163,216739,Checking,2023-03-21,12770.27,Active
58329826,99880988,388389,Savings,2021-10-18,1775.36,Active
78318308,57774108,671858,Savings,2023-10-31,1486.09,Active
95881958,87560220,126225,Savings,2022-04-01,2146.46,Active
38374120,62263332,126225,Savings,2021-03-30,5191.72,Active
39914216,96931877,334053,Savings,2023-06-29,11282.0,Active
63900394,99160100,334053,Savings,2022-12-15,20633.52,Active
20679405,10653733,334053,Savings,2024-08-10,13145.85,Active
50170607,55840809,191161,Savings,2020-07-31,1404.84,Closed
61180656,56954925,809570,Savings,2022-07-16,4190.66,Closed
48859892,61607984,671858,Savings,2023-08-19,3198.56,Active
44665589,17141809,719176,Savings,2022-11-12,4643.23,Active
54201076,62165042,388389,Savings,2022-07-27,7043.65,Active
80153338,34148408,126225,Savings,2025-10-25,2495.93,Active
41356030,46469179,334053,Checking,2021-01-29,29495.16,Active
34900734,34377790,671858,Savings,2023-11-14,3405.51,Active
87755522,10653759,872246,Checking,2020-07-05,9806.91,Active
12421892,29757508,388389,Checking,2024-02-28,1343.84,Active
31984394,54956105,216739,Checking,2023-10-04,29665.54,Closed
95456010,57315402,876646,Savings,2023-02-04,9151.68,Closed
93784846,94769226,872246,Savings,2020-08-15,3825.14,Active
10586896,13340749,809570,Savings,2023-12-22,6880.44,Active
69536531,76189777,246316,Checking,2025-12-13,7373.27,Active
86903572,38146130,246316,Savings,2024-10-22,5947.19,Active
43223828,48828506,126225,Savings,2025-07-15,3907.68,Closed
99683091,14553185,809570,Savings,2022-10-13,1609.94,Active
12290839,86347875,126225,Checking,2025-01-28,20698.78,Active
80415512,90640484,872246,Savings,2021-10-12,5922.89,Active
27069209,49942639,216739,Savings,2021-03-06,2512.6,Active
40700698,34508920,809570,Savings,2020-12-27,3911.43,Active
88050455,23793787,191161,Checking,2023-02-15,14314.78,Active
89197336,42045565,216739,Savings,2025-10-01,15148.15,Active
98044704,88871038,356787,Checking,2020-07-04,3868.57,Active
89230112,36343945,334053,Checking,2024-03-07,3048.76,Active
69962528,17862793,877572,Checking,2020-06-19,3229.47,Active
76942115,39686286,671858,Savings,2024-01-06,12734.96,Active
42044196,27758737,334053,Savings,2021-12-02,16088.0,Active
50662181,92704915,719176,Savings,2021-05-11,3968.61,Active
12913446,40767636,388389,Savings,2024-03-07,8880.63,Active
49548066,49975447,876646,Savings,2022-02-24,3731.51,Active
90934056,93294744,809570,Savings,2022-09-09,1468.41,Active
34999081,61247641,334053,Savings,2021-01-15,8624.2,Active
10881835,71045275,770487,Savings,2023-04-20,4326.83,Active
53087020,42537115,216739,Savings,2021-10-04,4416.2,Active
82447153,41521310,246316,Checking,2023-07-27,10288.91,Active
87952181,75534494,334053,Savings,2025-10-05,1501.81,Active
51874616,99651742,207473,Savings,2025-09-19,737.93,Active
62491448,20549791,809570,Savings,2021-03-21,6956.41,Active
69831485,85692578,770487,Savings,2023-03-12,22932.6,Active
33000256,35524774,334053,Savings,2021-04-16,11930.72,Active
11144001,44273845,216739,Savings,2020-11-06,2517.1,Active
96832327,51286202,809570,Savings,2021-05-05,6423.55,Active
83331913,54464700,877572,Savings,2023-04-13,7956.96,Active
48827210,61542588,719176,Savings,2025-09-11,8334.08,Active
72452939,73961660,334053,Savings,2020-11-18,2929.27,Active
31525708,11571391,356787,Savings,2023-02-20,2905.36,Active
38538061,78450876,334053,Checking,2025-02-01,617.74,Active
36506446,59019460,877572,Checking,2020-07-01,6112.26,Active
29887313,99553480,719176,Savings,2024-08-23,9943.9,Active
86805332,49582281,126225,Savings,2025-03-10,11992.28,Active
62131030,21237964,809570,Checking,2021-08-18,1845.99,Active
37620571,58626258,216739,Checking,2021-06-04,4717.98,Active
35130204,22974675,809570,Savings,2020-11-02,4603.51,Active
77138783,41488594,126225,Savings,2023-03-07,2305.84,Active
75205473,15012055,246316,Savings,2023-07-14,12713.74,Active
52628326,83366106,334053,Savings,2021-07-10,4984.3,Active
17271654,17469659,356787,Savings,2020-04-16,3167.92,Active
76680045,46764256,207473,Savings,2025-02-28,13868.7,Active
62458736,15307003,719176,Checking,2024-09-21,8734.93,Active
28871540,56463619,671858,Checking,2021-08-16,2714.74,Active
64785270,44503300,877572,Savings,2024-01-19,1039.57,Active
28576633,96735493,877572,Savings,2024-01-24,2488.18,Active
92834681,97161477,877572,Checking,2023-12-19,5486.25,Active
92932986,72618249,809570,Savings,2024-10-18,3151.67,Active
82021245,73077002,719176,Checking,2024-06-13,1719.75,Active
49253247,19697929,872246,Savings,2020-12-30,3984.92,Active
28412800,69538057,877572,Checking,2025-02-04,1065.39,Active
68029314,50925836,809570,Savings,2024-10-18,8200.74,Active
53119878,39194894,334053,Savings,2021-01-08,32743.85,Active
52661126,83398940,872246,Savings,2022-01-26,8537.43,Active
61180807,15765789,334053,Checking,2022-07-22,15967.36,Active
20482951,35229985,876646,Savings,2020-08-20,2750.81,Active
93653898,30544162,216739,Savings,2022-01-07,3604.74,Active
54954891,24449320,877572,Savings,2020-04-06,1695.49,Active
99126157,87691564,191161,Checking,2024-12-22,8447.77,Active
91949970,69996845,770487,Savings,2023-07-27,12659.77,Active
30280595,26874157,216739,Savings,2021-08-14,2825.78,Active
18221972,67080495,770487,Savings,2022-06-26,5998.06,Active
43748247,53317940,246316,Savings,2022-07-07,1299.72,Active
27560859,79073602,671858,Savings,2020-09-01,4268.87,Active
65506209,62067012,388389,Savings,2025-01-20,2320.91,Active
84937636,11047240,719176,Savings,2025-07-29,5598.21,Active
41388966,26186057,334053,Checking,2022-05-26,8497.68,Active
19073959,20648266,246316,Savings,2022-02-06,2113.09,Active
42666924,58397003,216739,Savings,2024-01-18,1477.48,Active
40504238,56529227,216739,Checking,2020-07-22,4597.35,Active
31787951,30183757,334053,Savings,2023-08-15,4702.56,Closed
37555120,38146386,126225,Checking,2023-08-23,4465.74,Active
69143472,25432404,877572,Savings,2023-06-25,1594.28,Active
66948020,52433237,246316,Savings,2021-11-06,1613.84,Active
97913781,91656535,770487,Savings,2024-01-29,6189.66,Active
95095735,48501080,216739,Savings,2025-07-14,970.81,Active
94571454,35623259,246316,Checking,2025-01-09,1650.44,Active
20253630,64655712,334053,Checking,2021-05-28,23244.3,Active
57740226,44437861,671858,Checking,2024-06-04,3002.56,Active
80546761,95818087,809570,Savings,2023-10-18,1335.89,Active
48237513,13603181,246316,Savings,2020-04-25,1543.64,Active
72453066,31330685,356787,Savings,2022-05-18,14642.69,Active
57805774,89330049,770487,Savings,2023-03-21,2598.87,Active
83495888,72094090,246316,Savings,2021-01-10,4149.64,Active
16419793,99520907,334053,Savings,2023-08-27,3213.86,Active
46042076,47583627,876646,Checking,2024-11-20,1292.24,Active
35195869,35131787,671858,Savings,2022-05-31,1219.71,Active
17271774,98832782,876646,Savings,2024-12-24,7204.95,Active
99355614,71078287,809570,Checking,2020-01-07,1654.27,Active
39029725,65474960,872246,Savings,2023-03-09,36756.23,Active
91818981,14553490,246316,Savings,2024-06-02,1269.74,Active
19106790,72978834,246316,Savings,2021-08-06,1681.24,Active
13208554,54071706,216739,Savings,2023-10-14,7502.29,Active
21990379,38211997,246316,Checking,2024-07-25,5588.93,Active
40569840,76452258,388389,Savings,2025-08-30,15874.02,Active
37227505,14029218,246316,Checking,2022-02-23,7507.94,Active
73239537,82612653,216739,Savings,2021-08-10,13874.09,Active
31067123,19042736,246316,Savings,2022-11-08,21103.1,Active
34311154,89035184,191161,Savings,2020-12-18,3771.28,Closed
39586808,14356914,216739,Savings,2022-09-01,896.7,Active
78613503,57905587,191161,Checking,2021-10-26,18538.43,Active
15633410,11899314,334053,Savings,2023-03-11,11589.35,Active
53218310,61968830,671858,Savings,2023-04-20,7977.17,Active
16321544,73142719,207473,Savings,2023-11-09,18669.92,Active
84773899,76681664,719176,Savings,2021-08-27,4650.3,Active
19893263,17273282,126225,Savings,2022-01-07,2916.38,Active
85724175,36639171,671858,Checking,2022-07-09,13327.91,Active
62393373,92148163,334053,Savings,2024-03-31,6338.62,Active
99191837,10654149,388389,Savings,2021-04-30,4081.79,Active
84413472,24941000,246316,Checking,2022-11-19,19672.86,Active
71765027,61936075,207473,Savings,2024-02-29,16644.39,Active
54823974,16945612,207473,Checking,2022-12-20,3012.64,Active
93097001,81760722,207473,Savings,2020-10-25,1342.45,Active
89918506,95359444,388389,Savings,2025-10-07,2086.94,Active
22023212,96440788,356787,Savings,2021-05-13,2942.38,Active
47025206,16159192,809570,Savings,2023-06-14,3218.86,Active
23989304,38048221,719176,Savings,2024-10-25,6385.84,Active
46042171,10260958,216739,Savings,2021-12-03,77657.27,Active
88181822,36671969,388389,Savings,2021-06-01,12440.95,Active
55217218,73929185,388389,Savings,2021-04-15,15009.12,Active
50629701,65802725,388389,Checking,2021-09-30,4869.03,Active
73337926,82711014,246316,Savings,2023-02-25,6141.31,Active
12520519,27922919,388389,Savings,2024-07-02,7935.36,Active
16616517,70259175,334053,Savings,2024-09-17,14823.63,Active
55807059,25432554,216739,Savings,2024-06-09,11998.81,Active
52202583,85234156,334053,Savings,2025-04-04,9431.05,Active
40045657,35918320,877572,Savings,2021-07-11,2806.07,Closed
85527644,76648945,809570,Savings,2023-01-19,1079.63,Active
69569631,89592307,876646,Savings,2025-06-29,14654.33,Active
35392608,18321907,246316,Savings,2024-12-26,9662.59,Active
41454692,62558707,719176,Savings,2021-06-20,2833.39,Active
17697896,33657334,334053,Checking,2025-11-09,37520.7,Active
96078953,21434872,334053,Savings,2022-10-10,2338.6,Active
27069555,53514748,671858,Savings,2020-01-09,4844.4,Closed
21924980,69276156,719176,Savings,2021-12-12,4012.9,Active
73862262,49975804,334053,Savings,2023-05-14,2707.11,Active
24972410,47419903,809570,Savings,2020-08-18,3149.56,Active
46435454,64786956,388389,Savings,2024-06-07,2858.41,Active
94375039,23532049,388389,Savings,2023-08-22,2607.36,Active
86609022,36672019,388389,Savings,2022-09-04,8256.71,Active
73370753,19370518,876646,Savings,2020-12-13,10806.55,Active
83070087,40735255,719176,Checking,2021-08-09,2829.1,Active
57805961,50434588,719176,Savings,2025-04-28,3185.87,Active
94178443,82055709,207473,Savings,2021-09-21,7034.28,Active
62164109,13341214,356787,Savings,2021-11-26,6214.64,Active
19106960,50631203,126225,Checking,2021-11-02,5627.58,Active
64294032,25661988,770487,Savings,2025-01-07,5983.42,Active
45780117,12882469,877572,Savings,2023-10-12,8646.83,Active
33950870,10883622,809570,Savings,2021-12-09,13497.26,Active
18582678,27300390,216739,Checking,2024-11-06,3048.63,Active
31427735,61903399,246316,Savings,2025-11-09,6775.52,Active
34180247,88150568,671858,Checking,2024-08-07,3225.3,Closed
20221083,80122411,809570,Savings,2022-06-19,837.3,Active
79334558,69407278,872246,Savings,2024-01-01,2231.99,Active
22351007,38834736,809570,Savings,2022-04-30,25014.41,Active
53021856,63803955,872246,Savings,2021-03-09,12549.69,Active
31034531,67605045,334053,Savings,2023-12-17,819.25,Active
79236259,95261238,216739,Savings,2024-05-27,2681.36,Active
60132517,69046840,334053,Savings,2024-08-22,4286.82,Active
77139110,17306170,877572,Savings,2022-08-01,5162.66,Active
25627814,80908858,388389,Savings,2025-08-13,3015.58,Active
46107816,60297789,334053,Savings,2025-08-03,10155.46,Active
24054951,31429184,207473,Savings,2023-03-30,19722.29,Active
11996330,90509888,719176,Savings,2024-03-26,13844.52,Active
32541867,29102658,334053,Checking,2025-04-28,3055.93,Active
19827884,23859781,719176,Savings,2023-11-10,1454.46,Active
14552235,43422280,126225,Savings,2023-10-26,8603.47,Closed
53939374,37163597,809570,Savings,2024-10-16,1310.81,Active
15731884,98144846,334053,Checking,2025-02-14,9682.58,Closed
49384624,32248400,809570,Checking,2020-08-08,18053.73,Active
12684464,76780112,216739,Savings,2022-02-07,7964.74,Active
35589302,72618582,246316,Savings,2022-02-13,1891.77,Active
96799931,74355290,877572,Savings,2020-05-03,2068.85,Active
76156093,96244314,876646,Savings,2021-07-08,5304.08,Active
23268550,96735838,126225,Savings,2022-12-27,24742.33,Active
31198408,87200361,877572,Savings,2025-01-21,5678.48,Active
88542409,19042921,719176,Savings,2022-11-09,1828.73,Active
80841928,69735019,216739,Checking,2023-01-13,4519.06,Closed
18746572,40931948,770487,Savings,2024-09-20,33452.51,Active
70716627,11604596,388389,Savings,2024-08-07,1326.33,Closed
55905492,21435000,207473,Savings,2021-02-10,16921.84,Active
33721556,56332924,719176,Savings,2022-08-04,3704.74,Active
93228243,11833987,809570,Savings,2025-06-14,7729.64,Active
16518359,88380036,246316,Checking,2025-07-27,11568.92,Active
72420569,69866120,770487,Checking,2024-07-01,2557.85,Active
62491866,76550794,876646,Savings,2020-02-25,14382.24,Active
50236633,15766156,356787,Savings,2025-01-07,7789.74,Active
55282905,67146381,671858,Savings,2025-08-18,17296.34,Active
92015838,17961621,216739,Checking,2021-09-06,7194.24,Active
13274336,96899734,216739,Savings,2023-02-13,28138.9,Active
49810657,98144918,876646,Savings,2020-03-06,1136.63,Active
16223460,40637088,334053,Savings,2023-12-04,9403.62,Active
70552806,38933153,356787,Savings,2023-06-21,6448.92,Active
74648810,54858411,872246,Savings,2021-06-05,1917.58,Closed
99093739,51679917,388389,Savings,2025-02-01,16173.7,Active
36736236,90837681,809570,Savings,2025-09-06,1860.13,Active
55020780,32543416,207473,Savings,2025-07-07,9534.49,Active
80219375,55939770,877572,Savings,2021-12-19,3518.94,Closed
91491568,76550843,356787,Savings,2025-03-07,39179.53,Active
61705455,99390140,388389,Checking,2025-10-12,8853.19,Active
24349938,43160253,246316,Savings,2024-11-13,9055.64,Active
96931059,59740862,809570,Savings,2023-02-25,22274.61,Closed
74419444,65442497,246316,Savings,2020-10-18,5139.5,Active
53841141,87298758,334053,Checking,2023-07-14,8045.85,Active
29068535,75895494,876646,Checking,2020-10-21,1553.31,Active
18091258,48468682,216739,Savings,2021-08-18,5263.01,Active
29953274,44864205,126225,Savings,2020-04-30,5454.75,Active
65899773,67539664,671858,Savings,2023-05-10,922.73,Active
50760958,49353426,877572,Checking,2020-03-13,7636.73,Active
87133440,69505755,809570,Checking,2021-11-02,17430.82,Active
20352257,46764766,877572,Savings,2023-03-21,11075.22,Active
13077765,10130147,246316,Checking,2024-04-02,16085.7,Active
92540166,96047846,876646,Savings,2020-03-07,9390.61,Active
40930568,30348007,876646,Savings,2023-11-29,5296.09,Active
43257100,11440873,877572,Checking,2023-06-26,983.67,Active
39062797,19043051,334053,Savings,2021-07-21,2288.49,Active
64949523,47092461,876646,Checking,2025-09-18,5485.95,Active
85986581,55415535,334053,Checking,2022-02-14,3059.63,Active
30838041,22319855,191161,Savings,2025-01-13,2198.81,Active
87788831,53842673,877572,Savings,2023-02-15,57476.76,Active
80579872,73241333,246316,Savings,2024-05-18,18274.95,Active
64425247,60232443,334053,Savings,2020-08-10,35810.65,Active
26250534,62526204,334053,Checking,2021-11-21,3122.22,Active
26905895,56595198,126225,Savings,2021-06-12,4635.59,Active
49286440,52826881,246316,Checking,2023-04-07,3514.61,Active
44993837,54891281,191161,Checking,2021-09-23,898.58,Active
21728561,12489493,809570,Checking,2025-09-21,7347.75,Active
16944435,95064857,877572,Checking,2023-08-23,3296.4,Active
55971125,11539226,126225,Savings,2023-02-27,3162.38,Active
24644917,56824602,719176,Savings,2021-11-28,2494.39,Active
57281846,42996518,216739,Checking,2020-09-07,4736.1,Active
38145336,52335406,216739,Savings,2020-07-19,10067.92,Active
77008186,26252081,216739,Checking,2023-05-08,2144.42,Closed
79465787,28447541,671858,Savings,2020-07-11,3670.9,Active
74059068,95949625,877572,Savings,2024-07-31,3972.25,Active
58330429,61150012,388389,Savings,2021-11-21,4431.49,Closed
32247105,86315836,216739,Checking,2022-10-05,2362.19,Active
91917640,99390270,388389,Savings,2025-02-16,8135.98,Active
22449481,72913729,877572,Savings,2022-08-19,5058.35,Closed
18648397,90936129,719176,Savings,2021-06-01,3911.91,Active
95882574,97751877,216739,Savings,2021-04-23,7208.97,Active
96243023,61150027,207473,Savings,2022-05-03,4473.93,Active
66489677,74355531,216739,Savings,2020-10-24,2376.54,Active
59018576,29692749,719176,Checking,2022-01-26,6428.7,Active
54037843,78058316,671858,Checking,2022-04-07,5611.65,Active
31165784,40407887,246316,Savings,2020-07-04,871.87,Active
37358937,16290641,719176,Savings,2024-07-10,12233.22,Active
98471258,72717139,334053,Savings,2020-08-17,1629.54,Closed
63245660,68752214,388389,Savings,2023-10-26,5010.71,Active
87199068,32150359,246316,Savings,2023-11-13,3503.5,Active
18353501,86741851,191161,Savings,2023-12-23,5837.27,Active
81104223,68129629,246316,Savings,2023-09-10,3155.86,Closed
16223584,17404767,719176,Savings,2023-03-12,6484.96,Active
64752989,67605349,126225,Savings,2020-01-15,16216.4,Active
69668196,98603880,388389,Savings,2024-07-28,3189.77,Active
93687141,45880174,877572,Checking,2022-10-28,3518.91,Active
75828588,80286575,719176,Checking,2023-12-18,2661.98,Active
45190509,75404146,770487,Savings,2023-04-01,6648.38,Active
96308601,70292341,877572,Savings,2022-09-05,3954.37,Active
45485433,54760311,246316,Savings,2024-07-10,5564.68,Active
45124986,65999743,809570,Savings,2021-04-02,1744.87,Active
59182457,24646532,719176,Savings,2022-10-06,5266.66,Active
64064894,95523717,809570,Savings,2024-10-23,1000.93,Active
19533183,93787014,388389,Savings,2023-05-24,7904.16,Active
78613890,40670085,126225,Savings,2024-04-11,2767.76,Active
29265282,92476296,388389,Savings,2025-10-20,3487.39,Active
91458948,70194064,246316,Checking,2021-03-14,5597.77,Active
22875525,62034833,207473,Checking,2024-03-22,1929.39,Active
20548997,37000081,872246,Checking,2022-01-29,1982.16,Active
31624590,85103508,216739,Savings,2025-02-21,43173.54,Active
65703311,25432983,334053,Savings,2020-07-21,4926.15,Active
80973199,97981337,216739,Savings,2025-07-29,11533.09,Active
78646672,22221724,191161,Savings,2023-07-22,2767.98,Active
82742675,46994334,872246,Checking,2023-06-25,4261.11,Active
95423898,93885343,719176,Savings,2023-05-27,2584.91,Active
56298907,94999461,356787,Savings,2024-01-07,17361.3,Active
40963485,31658922,719176,Savings,2020-08-20,6304.45,Active
92212640,99161003,246316,Checking,2021-08-20,3606.18,Active
10358178,84153263,877572,Savings,2020-11-11,8043.19,Active
18517411,50729909,126225,Checking,2024-07-19,2740.18,Active
97521058,47453110,877572,Savings,2022-09-08,1533.14,Active
49974692,98931640,356787,Checking,2024-04-24,13973.41,Active
62655906,22156219,207473,Savings,2025-07-30,4037.97,Active
43421099,62559164,126225,Savings,2023-10-26,6997.91,Active
19926444,68752317,216739,Savings,2023-05-12,3909.22,Active
97783214,60724162,334053,Savings,2022-05-21,7166.89,Active
31722927,74879943,877572,Savings,2021-04-03,867.99,Active
43519408,48075729,388389,Savings,2021-04-22,2444.28,Active
85200310,92115925,216739,Checking,2020-02-26,972.26,Active
79367608,71209942,872246,Checking,2020-05-22,22384.07,Active
33066424,65737690,876646,Savings,2025-06-19,5720.48,Active
35687866,34149339,334053,Savings,2021-09-15,3717.32,Closed
56757695,23958503,334053,Savings,2023-11-14,2336.53,Closed
85659071,47027175,334053,Savings,2020-02-01,13806.51,Active
49122760,38573034,876646,Checking,2020-04-19,24695.43,Active
92212681,71537646,719176,Savings,2025-07-10,6723.05,Active
35687882,65836016,872246,Savings,2021-01-23,6191.41,Active
96570824,48894962,388389,Savings,2021-02-19,6394.46,Active
65211852,37196786,191161,Savings,2020-09-27,3134.53,Active
68947405,66884597,356787,Savings,2024-03-15,4341.26,Active
86576584,12817399,809570,Savings,2025-06-17,970.5,Active
65441233,11211767,872246,Savings,2021-04-13,1994.19,Active
68947411,70652921,877572,Savings,2025-04-03,6997.8,Active
86937043,33625083,356787,Checking,2022-01-07,4003.95,Closed
12520919,90412028,388389,Savings,2023-04-09,14703.97,Active
87625178,69473277,671858,Checking,2024-06-09,1701.65,Active
62098907,92836863,671858,Savings,2023-11-26,13187.0,Closed
17894876,36967434,207473,Savings,2025-06-15,2941.98,Active
41192927,83334155,207473,Savings,2022-08-24,2866.75,Active
65179104,64656395,334053,Savings,2024-05-27,2867.19,Active
72945120,80352288,216739,Savings,2024-05-17,2561.02,Closed
60788195,35460131,334053,Savings,2021-09-04,8780.26,Active
37522916,35394597,809570,Savings,2024-06-01,3031.46,Closed
25529829,84481064,246316,Savings,2025-11-09,939.52,Active
59084263,30020648,388389,Savings,2022-10-08,6572.94,Active
87035368,63738922,191161,Savings,2025-05-31,6845.62,Active
77434347,72750122,246316,Savings,2025-07-28,4495.63,Active
84774380,49714236,356787,Checking,2024-05-08,5221.43,Active
96669167,90870850,809570,Checking,2023-04-23,4826.0,Active
98569712,68981830,671858,Checking,2025-09-24,9333.3,Active
50695666,53351495,872246,Savings,2023-10-11,18397.18,Active
97848818,18519119,388389,Savings,2021-12-28,1743.83,Active
17075698,59184207,876646,Checking,2023-09-29,27267.4,Active
95423995,70521942,207473,Savings,2020-05-08,17457.48,Active
33426940,81794136,877572,Savings,2022-02-06,3862.09,Active
52465147,99783778,719176,Savings,2024-11-21,6545.53,Active
51088896,92869735,388389,Savings,2022-11-25,16217.76,Active
16977413,85824617,809570,Checking,2020-01-18,9158.79,Active
74649094,54367338,334053,Savings,2021-01-14,8446.69,Active
94277127,77337709,216739,Savings,2024-10-29,13553.76,Active
79728135,27759726,809570,Checking,2022-03-16,1286.89,Active
16977416,84972655,877572,Savings,2020-11-04,2232.33,Active
56987143,92181618,770487,Savings,2020-02-29,4395.62,Active
29298186,25793656,876646,Checking,2022-09-14,12840.22,Active
39652877,76190847,770487,Savings,2022-04-29,24779.34,Active
81038862,11932801,388389,Savings,2025-10-21,9233.91,Active
72355344,94868610,388389,Savings,2021-12-25,3154.39,Active
48500243,63313041,876646,Savings,2024-02-20,4712.67,Active
65506836,29627540,334053,Savings,2025-01-01,2606.11,Active
92409365,19010715,216739,Savings,2021-02-12,3019.93,Active
64294421,20026524,246316,Savings,2022-08-05,2592.91,Active
46206485,67212446,809570,Savings,2025-04-12,8232.42,Active
11111960,69538978,719176,Savings,2021-07-01,7339.96,Active
56200729,76027043,246316,Savings,2021-01-11,13002.66,Active
10456602,19469477,809570,Savings,2023-08-17,6176.07,Active
32902685,33264807,216739,Savings,2024-03-02,3526.25,Active
66555424,69997737,207473,Savings,2024-01-10,7822.0,Active
32476705,67966121,388389,Savings,2022-02-03,14862.2,Active
61607457,50599083,809570,Savings,2023-12-23,8820.16,Closed
95194660,85431466,191161,Savings,2024-03-23,16817.14,Active
45321765,90641581,877572,Savings,2024-01-06,6370.18,Active
58396198,76616878,246316,Savings,2024-11-17,1387.11,Active
38342186,77993135,191161,Checking,2021-08-01,10759.93,Active
60427834,42341555,877572,Savings,2022-02-07,10348.18,Active
67898938,27301044,809570,Checking,2020-12-02,23184.97,Closed
14454330,70030521,216739,Checking,2022-02-04,2481.2,Active
25464385,91854015,334053,Savings,2023-05-07,6207.68,Active
67767878,33559749,216739,Savings,2025-02-25,5944.88,Active
26775116,33821893,246316,Checking,2024-08-25,4069.64,Active
68947533,29136082,877572,Checking,2025-02-26,1390.8,Active
88444494,95392984,719176,Checking,2021-12-31,3671.37,Active
40144463,18158813,191161,Savings,2024-07-08,4012.02,Active
82120270,38573279,356787,Savings,2025-07-26,3425.47,Closed
70192727,72684768,719176,Savings,2021-11-14,7212.82,Active
56659544,76846303,388389,Savings,2023-01-08,20768.85,Active
35360345,31462628,246316,Savings,2021-08-09,9806.39,Active
84708958,92280042,876646,Savings,2025-01-17,2381.4,Active
20319838,30512365,334053,Savings,2021-03-31,12546.84,Closed
64523874,86217978,877572,Checking,2025-08-08,13887.16,Active
22154851,58397949,671858,Savings,2022-06-16,8538.88,Active
79498850,27268353,388389,Savings,2025-11-20,21843.48,Active
19402342,34641164,877572,Savings,2021-07-29,4328.78,Active
72846951,89756942,388389,Savings,2023-06-16,35819.81,Active
60100199,65180948,334053,Savings,2022-10-15,6447.58,Active
45747821,17995030,356787,Savings,2025-12-20,627.82,Active
37817966,28906776,126225,Checking,2021-02-22,37119.07,Active
90869358,34116894,207473,Savings,2022-05-12,1769.9,Active
72781422,48796960,809570,Savings,2025-02-10,4578.43,Active
51613298,83727650,334053,Savings,2023-01-12,3394.46,Active
14159480,60495141,334053,Checking,2020-11-26,3902.81,Active
75435642,62493989,809570,Savings,2023-02-17,4983.35,Active
63278715,12621097,877572,Savings,2025-10-29,11954.23,Active
66752122,24089904,207473,Checking,2024-01-02,7562.22,Active
55938685,95327540,216739,Savings,2024-04-28,4968.27,Active
99323518,10327349,876646,Savings,2021-03-25,3333.96,Active
59870846,85103926,877572,Checking,2021-06-29,4274.22,Active
88411782,42177848,877572,Savings,2024-05-25,13741.01,Active
32312966,25433401,809570,Checking,2020-01-27,6347.24,Active
84610694,73176382,191161,Checking,2024-12-23,2603.52,Active
50073227,21239102,207473,Savings,2020-08-20,8403.22,Active
92278415,42669377,770487,Savings,2025-08-29,23843.11,Active
36310671,17208642,388389,Savings,2023-10-29,2389.97,Active
32902802,41424194,216739,Savings,2020-03-23,968.97,Active
61345428,82580806,876646,Savings,2024-12-19,5209.72,Active
34737815,95327566,334053,Savings,2022-02-25,8613.29,Active
68259483,56792399,356787,Checking,2024-07-27,20539.55,Active
57773723,22943056,216739,Checking,2020-10-26,2486.36,Active
88280734,82089297,334053,Savings,2022-04-24,4141.29,Active
94834336,85661010,216739,Savings,2020-09-10,3416.84,Active
17403555,83334481,334053,Savings,2022-02-16,9519.52,Active
44895909,44438867,126225,Savings,2020-03-28,1880.47,Active
16944806,36738390,334053,Savings,2020-06-04,17883.22,Active
44437157,67114327,334053,Checking,2020-05-27,8330.19,Active
82546344,40637785,388389,Savings,2020-06-19,1639.88,Active
71306921,19797356,334053,Savings,2023-11-25,3892.56,Active
55774890,88216942,207473,Savings,2022-11-06,5778.61,Active
47255211,17831280,671858,Savings,2020-09-17,2600.67,Active
41324203,56071537,770487,Savings,2021-09-05,2617.07,Closed
14847662,67343730,207473,Checking,2020-03-21,2722.28,Active
67243697,57251186,334053,Savings,2023-09-20,2664.8,Active
54202034,91657586,246316,Savings,2025-01-23,733.33,Active
60198579,92607861,388389,Savings,2025-10-19,11289.91,Active
13340342,65279350,216739,Savings,2021-06-24,15804.45,Active
26906298,93787514,356787,Savings,2022-06-21,1049.11,Active
77106875,43029894,216739,Savings,2021-04-29,5619.33,Active
11112124,68097419,872246,Savings,2020-03-14,3712.52,Active
17436349,69113227,334053,Savings,2020-09-04,3645.2,Active
30314182,44373400,246316,Checking,2024-10-06,2228.96,Active
31821510,31987097,246316,Savings,2024-12-18,3548.64,Active
32870090,84645277,671858,Checking,2020-04-11,37784.42,Active
34737868,77534621,246316,Checking,2021-04-25,9841.06,Active
64360142,70620579,876646,Savings,2020-04-09,4634.89,Active
32673496,59643306,216739,Checking,2023-07-10,1412.27,Active
86478552,70882730,719176,Checking,2024-12-22,3225.66,Active
94244568,79599020,216739,Savings,2025-06-28,4874.97,Active
20811481,52598189,126225,Checking,2023-05-10,2317.75,Active
89231068,52139442,719176,Savings,2024-09-10,6049.18,Active
74682077,54957494,246316,Savings,2021-08-23,4408.34,Active
33525469,91461049,877572,Savings,2025-11-28,10338.56,Active
66948837,88544699,877572,Checking,2025-04-27,2470.93,Active
37457637,80549307,126225,Savings,2024-12-18,7727.36,Active
76353255,56759741,809570,Checking,2024-03-25,8400.46,Active
71438058,28251582,877572,Savings,2023-02-24,6412.2,Active
95096555,50435523,809570,Savings,2021-07-01,4017.29,Active
18124524,20878787,770487,Savings,2024-04-13,9056.62,Closed
94179053,87954885,126225,Checking,2025-10-03,2915.02,Active
63934190,91624905,388389,Savings,2023-12-20,927.97,Active
60395249,78910923,388389,Savings,2022-03-10,3528.87,Active
58855153,70260178,388389,Checking,2021-03-27,5127.15,Active
24612595,60790227,207473,Checking,2024-01-26,2377.87,Active
79630067,88774100,246316,Savings,2023-08-25,4579.89,Active
42209013,55317976,809570,Savings,2021-12-01,958.06,Active
73371388,16029145,216739,Savings,2023-02-14,8696.68,Active
38080254,43980250,216739,Checking,2020-10-23,8506.71,Closed
99061502,88446428,246316,Checking,2021-10-18,4879.08,Active
20483839,67966437,207473,Checking,2025-10-31,15646.24,Active
90476289,23401959,877572,Savings,2021-02-18,2186.06,Active
47353601,48862698,877572,Savings,2020-04-16,10164.56,Active
22908675,63870443,809570,Savings,2024-07-04,7113.0,Active
79924996,55416300,770487,Checking,2021-02-05,3381.03,Closed
44142341,35722735,388389,Checking,2022-10-29,4321.03,Active
50958085,43783663,207473,Savings,2022-10-15,4659.39,Active
20647687,58562037,246316,Savings,2024-07-21,6364.11,Active
32476935,72914439,388389,Savings,2025-05-15,5608.77,Active
56528642,72848904,877572,Checking,2021-02-25,1452.49,Active
16748299,56530441,877572,Savings,2022-07-27,10447.62,Active
70061838,12097035,876646,Savings,2023-11-10,11296.41,Active
72650510,23172619,207473,Savings,2023-03-22,5639.48,Active
64491282,31757837,246316,Savings,2024-11-11,12044.88,Active
73305875,20649487,719176,Checking,2021-06-01,2307.77,Active
38670099,56104466,877572,Checking,2024-01-12,21996.78,Active
39128850,56268308,770487,Savings,2021-07-22,2304.17,Active
67473172,62756380,207473,Savings,2020-08-25,12306.67,Closed
54955799,96572962,388389,Checking,2022-03-09,5948.44,Active
64917268,68490788,191161,Savings,2025-11-03,7060.54,Active
19795738,85923366,876646,Checking,2025-11-18,15580.96,Active
47353629,76027431,719176,Savings,2024-09-14,8792.56,Active
32870175,36738600,126225,Checking,2025-06-15,2521.32,Active
88936224,55678510,356787,Savings,2022-09-20,8130.56,Active
99159845,12916275,246316,Savings,2023-07-18,33704.56,Active
69898026,69703221,877572,Checking,2025-09-18,27175.53,Active
87166763,44570168,388389,Savings,2023-09-10,12527.47,Closed
38211372,57939516,872246,Savings,2022-10-05,7642.61,Active
58036014,56071748,216739,Savings,2022-02-09,2476.55,Active
13012782,30053961,388389,Savings,2022-11-19,7372.15,Active
48631598,53614153,388389,Savings,2025-03-17,4675.99,Active
32739121,71800394,334053,Savings,2020-01-15,3071.93,Closed
74944305,55678549,876646,Savings,2023-07-21,4247.34,Active
25956147,53712470,770487,Savings,2021-02-01,2562.81,Active
71733044,39786072,216739,Checking,2020-02-26,41077.43,Active
57413429,15570521,877572,Savings,2024-01-22,3546.43,Active
40111928,59053656,216739,Savings,2022-09-06,10354.06,Active
84545337,46339682,671858,Savings,2023-03-19,5051.44,Active
89984825,71964259,246316,Savings,2025-03-09,1588.97,Active
99454777,20846182,334053,Checking,2021-11-14,4642.05,Active
93458233,46863976,356787,Savings,2022-01-31,5348.3,Active
24514369,28284520,671858,Savings,2024-11-25,19640.54,Closed
31493955,81532525,356787,Savings,2021-12-07,4560.96,Active
19205956,16619118,872246,Savings,2025-08-07,1999.97,Active
32116549,79206005,809570,Checking,2021-09-07,1805.32,Closed
62558020,12129911,126225,Checking,2024-12-29,12736.52,Active
70192963,60561023,388389,Savings,2023-03-15,2819.46,Active
88706896,42505856,356787,Savings,2023-12-28,5456.04,Closed
73174866,70456961,126225,Savings,2023-11-19,1074.91,Active
50859859,87791234,207473,Checking,2022-09-06,22783.66,Closed
51842904,44242563,246316,Savings,2022-11-05,2122.48,Active
63410013,58857090,877572,Savings,2022-07-19,11399.37,Active
42733406,75241100,719176,Checking,2022-08-01,13417.22,Closed
79400797,42178190,191161,Savings,2021-01-21,34029.67,Active
45551455,72488591,872246,Savings,2025-05-26,1996.84,Active
11865954,65640081,216739,Checking,2022-08-29,5331.35,Active
29101922,82187923,877572,Savings,2020-11-09,71466.09,Active
78548836,95000213,877572,Savings,2025-11-10,2938.8,Active
13209445,51189400,126225,Savings,2020-05-03,4690.13,Active
70029158,33461913,356787,Checking,2023-09-07,10059.84,Active
21106538,56104604,877572,Savings,2022-10-01,11836.66,Active
71896939,26711711,876646,Checking,2024-03-17,28504.33,Active
47976300,42210978,356787,Checking,2025-05-11,3130.62,Active
74190701,80909990,126225,Savings,2021-06-11,3181.36,Closed
12488563,77338280,719176,Savings,2023-01-19,5795.65,Active
85036915,89527979,719176,Savings,2024-11-07,23155.22,Active
50990965,11998899,719176,Savings,2022-10-29,2925.37,Active
27201397,71931577,388389,Checking,2023-07-29,3805.58,Active
38473591,19306171,719176,Checking,2024-12-20,3069.67,Active
66621300,13211324,246316,Savings,2024-12-21,4194.38,Active
32313209,96802493,671858,Checking,2021-11-26,3195.46,Active
76451708,51058368,246316,Checking,2022-07-12,7137.24,Active
91950973,55252674,207473,Savings,2020-10-26,4027.16,Active
31985532,69768903,216739,Savings,2021-09-13,12751.53,Active
63737727,48764617,388389,Savings,2022-05-16,5056.03,Active
83169150,24843978,877572,Checking,2024-05-27,984.97,Active
74190721,10917585,216739,Savings,2024-04-05,20589.35,Active
96178052,58562258,126225,Savings,2023-11-15,10486.62,Active
30969734,98997981,191161,Checking,2024-02-17,14646.77,Active
53088140,87201502,809570,Savings,2021-03-08,3895.08,Active
57413518,24876776,334053,Checking,2020-10-06,32121.4,Active
66293647,49288941,207473,Savings,2025-03-17,9908.19,Active
60657550,90314481,216739,Checking,2024-05-21,9924.24,Active
28086162,78550769,719176,Savings,2021-06-05,716.02,Active
59215766,75208435,126225,Checking,2023-12-29,4287.95,Active
50073497,49452788,719176,Savings,2025-04-24,8953.99,Active
16484930,13768437,877572,Checking,2020-07-05,6615.81,Active
88543135,86218490,388389,Checking,2021-05-14,3030.74,Active
27070375,27203328,207473,Savings,2022-04-30,422.35,Closed
43257773,22255362,876646,Checking,2025-09-03,5926.69,Active
47812528,17078019,877572,Checking,2024-07-17,6715.81,Active
59609009,45586189,207473,Savings,2020-06-15,18684.08,Active
72585136,91592462,877572,Savings,2025-09-29,8950.17,Active
84643766,36607759,126225,Checking,2024-02-05,5983.29,Active
22941629,61675284,216739,Savings,2021-10-10,5608.19,Active
21335999,64329495,770487,Checking,2023-02-22,5845.06,Closed
48828353,93427480,334053,Savings,2021-09-14,3333.27,Active
71765956,39655194,388389,Checking,2024-04-22,3413.8,Active
30445510,65443611,809570,Savings,2021-06-21,6025.78,Active
60133318,97228572,388389,Savings,2020-08-17,15755.15,Active
23629768,67770141,671858,Checking,2022-05-21,10273.97,Active
44208074,22910752,191161,Savings,2020-11-14,7968.94,Active
38473676,98473762,334053,Savings,2021-12-08,1359.71,Active
33820621,16946980,334053,Checking,2023-04-25,11947.27,Active
13864908,66033448,126225,Savings,2023-04-04,7160.61,Active
37031885,12293930,671858,Savings,2021-07-21,47447.38,Active
68194257,61642540,719176,Savings,2025-01-12,5440.7,Active
46370771,92837679,388389,Savings,2025-11-25,9705.21,Active
68947927,57906991,334053,Checking,2023-09-14,7930.14,Active
15437784,89200432,246316,Checking,2025-12-20,4934.37,Active
77238242,67278646,877572,Savings,2024-09-10,5142.08,Active
95391715,74225466,719176,Savings,2022-05-18,3336.84,Active
60461027,46700350,388389,Checking,2023-09-04,8868.73,Active
69701604,94082879,207473,Savings,2022-02-02,1639.77,Closed
39129062,77174597,877572,Savings,2025-08-08,64617.77,Active
23302118,37033804,719176,Savings,2023-09-11,4665.41,Active
52858856,47683408,388389,Savings,2022-06-15,3259.11,Active
80121833,50861910,246316,Checking,2023-10-07,4373.16,Closed
69144556,26810201,216739,Checking,2024-10-05,12331.23,Active
31100909,56596314,876646,Savings,2025-03-09,9863.95,Active
43028466,91363169,719176,Savings,2024-12-20,5075.64,Active
47321075,32839523,876646,Savings,2022-08-10,3586.48,Active
88248308,66557799,719176,Savings,2021-01-01,2032.41,Active
70979572,71636846,246316,Savings,2021-12-27,5010.38,Active
67309562,19142510,207473,Savings,2022-10-15,7275.96,Active
54431738,74749808,216739,Checking,2022-01-26,744.64,Active
78778363,41686897,356787,Checking,2024-10-21,12435.0,Active
65474556,53942135,334053,Savings,2021-05-06,8382.56,Active
63606786,57284472,809570,Savings,2023-05-21,3953.26,Active
81432585,72456068,809570,Checking,2023-04-14,5366.11,Closed
30806031,24909701,334053,Savings,2020-12-09,2407.61,Active
57741329,94443397,207473,Savings,2022-12-09,5824.76,Active
39391250,49420164,126225,Savings,2022-05-17,826.96,Active
38146069,15800202,207473,Savings,2021-03-16,12823.61,Active
87134232,79796106,876646,Savings,2024-02-21,4341.54,Active
26120217,52926346,334053,Checking,2024-02-16,960.13,Active
17174555,72947597,216739,Savings,2022-07-07,13703.31,Active
30904348,35788686,388389,Savings,2025-05-14,3482.09,Active
85397533,53122962,334053,Savings,2021-01-10,3210.65,Active
11014183,33626002,216739,Savings,2025-12-23,3582.1,Active
71536679,41424788,877572,Savings,2025-05-31,3206.67,Active
96538664,22419350,876646,Checking,2024-11-03,8960.35,Active
56004651,16783254,126225,Savings,2025-09-18,4603.11,Active
96997420,72816536,191161,Checking,2021-02-13,3550.64,Active
42897453,99915673,872246,Checking,2020-01-11,3911.06,Closed
98308145,26351514,246316,Checking,2025-03-03,15794.97,Active
41062451,86185885,334053,Savings,2021-04-15,2858.01,Active
51548212,42211232,246316,Savings,2022-06-20,4818.62,Active
99061811,60200866,207473,Savings,2024-03-16,2116.68,Active
83038263,87529382,216739,Savings,2023-10-28,15961.62,Closed
42700856,87496616,334053,Savings,2024-02-19,2881.47,Active
95227961,91297709,356787,Checking,2020-06-19,20587.97,Active
48369722,29562798,388389,Checking,2023-03-26,46618.0,Active
67997755,93984686,876646,Savings,2024-03-14,9780.38,Active
55283771,32446387,876646,Checking,2021-05-17,2844.88,Active
91230269,77731767,216739,Savings,2023-07-14,2180.67,Active
84742206,57350072,388389,Savings,2024-11-26,15093.96,Closed
99586110,30709689,334053,Savings,2020-12-15,6700.55,Active
48238655,51025856,877572,Savings,2020-06-08,5133.98,Active
19533894,50468810,809570,Savings,2020-03-17,8283.64,Active
31658059,54663117,356787,Savings,2021-09-26,2227.12,Active
14422092,74553293,877572,Savings,2023-06-24,4255.65,Active
18223187,95852507,876646,Savings,2023-11-30,2189.75,Active
61182036,94181342,334053,Savings,2022-08-16,7194.42,Active
70783063,29104097,770487,Savings,2023-09-14,9466.64,Active
92737633,85268458,877572,Savings,2023-10-17,14203.34,Active
60493921,42571755,334053,Savings,2022-12-12,2937.81,Active
77140067,44472300,671858,Savings,2021-09-15,13073.71,Active
19206242,78223341,356787,Savings,2020-09-11,1093.98,Closed
63279205,82122731,877572,Savings,2022-07-22,1945.61,Active
27955301,74487792,207473,Savings,2020-06-12,9241.03,Active
51581031,75470834,334053,Checking,2023-08-21,8491.18,Active
65409128,92477427,388389,Savings,2025-08-01,7493.53,Active
14159979,79927287,216739,Savings,2021-05-19,1240.98,Active
85626989,27301884,877572,Savings,2023-08-28,13478.45,Active
95752301,11442173,126225,Savings,2021-07-04,6891.52,Active
56594543,33888258,388389,Checking,2024-07-20,6152.9,Active
85102704,81664003,334053,Savings,2023-09-20,10077.22,Active
36474993,96311307,126225,Savings,2025-03-26,3515.4,Active
70094965,67213325,207473,Savings,2025-12-23,15565.23,Active
59412598,85301263,877572,Savings,2024-04-10,6654.35,Active
26382456,50927633,876646,Checking,2024-03-30,7388.77,Active
67735672,29759507,877572,Savings,2023-09-20,10576.2,Active
13144185,13899798,126225,Savings,2020-07-25,1143.3,Active
68325499,71342104,246316,Savings,2023-10-03,3485.87,Active
85299324,10328089,770487,Savings,2024-06-21,3717.53,Active
10588283,15505434,877572,Savings,2025-09-25,2837.24,Active
10293374,88840225,809570,Savings,2025-07-13,6652.97,Active
80449660,88840228,334053,Savings,2024-07-19,3689.32,Active
26251389,47323176,809570,Savings,2025-06-15,11133.73,Active
70881409,20420650,877572,Savings,2023-01-08,6537.69,Closed
61051011,10655788,872246,Checking,2025-08-05,2741.03,Active
74387592,83269677,216739,Savings,2021-05-19,6373.92,Active
71012489,23042098,877572,Savings,2022-01-20,2040.82,Active
50401421,10524722,126225,Savings,2025-09-07,1744.82,Active
12095630,57710644,388389,Savings,2024-10-27,4040.75,Active
89067663,25368629,207473,Checking,2021-12-12,8376.03,Active
90902672,84842554,809570,Savings,2021-06-08,8779.08,Active
86544529,30873661,388389,Savings,2020-04-29,9038.48,Active
81825933,52828222,216739,Checking,2022-08-14,3118.92,Active
58921104,32577599,877572,Savings,2020-03-14,3030.29,Active
67735701,56301632,872246,Checking,2020-01-28,567.43,Active
77959317,39131204,877572,Savings,2020-02-23,1399.71,Active
71110808,71473223,876646,Savings,2022-10-29,23581.91,Active
19533977,56924234,334053,Savings,2024-01-06,5454.55,Active
49189017,31496269,388389,Checking,2020-05-17,3389.45,Closed
58593435,82712656,671858,Savings,2020-06-02,10933.47,Closed
67801244,27793490,877572,Savings,2021-09-25,7741.26,Active
90345629,66885714,246316,Savings,2020-06-13,6810.36,Active
44994717,28088407,770487,Savings,2020-11-03,3514.89,Closed
75960481,43685975,719176,Savings,2020-08-11,4703.75,Active
94900387,90904666,872246,Savings,2024-04-03,9074.73,Active
62689453,59873371,216739,Savings,2020-03-10,12746.04,Active
65147054,76519519,334053,Savings,2025-08-05,4558.97,Active
13045941,30120034,216739,Savings,2020-05-10,9026.81,Closed
25235645,21698661,126225,Savings,2024-11-11,1127.75,Active
61870271,98539627,191161,Savings,2021-12-02,2512.21,Active
20582596,44308591,809570,Savings,2021-02-11,3721.49,Active
82940101,67770480,246316,Savings,2021-03-10,1910.82,Active
12030148,82483315,809570,Savings,2020-06-09,3298.24,Active
65802437,99784822,876646,Savings,2025-10-01,54119.33,Active
80449736,84711545,334053,Checking,2024-09-25,26750.15,Active
98308296,16291963,191161,Savings,2020-08-20,1614.41,Active
11047114,44210302,719176,Savings,2025-09-04,4023.54,Active
96243916,65542271,334053,Checking,2023-07-10,3688.39,Active
43913420,67180677,877572,Savings,2025-04-15,2812.8,Active
64622800,96802950,877572,Savings,2025-04-02,1501.73,Active
91787475,10918028,809570,Checking,2024-03-27,4470.06,Active
90018004,36509837,877572,Savings,2025-01-09,2419.91,Active
36638932,87005329,356787,Checking,2025-10-02,1550.72,Active
70422743,59775121,876646,Savings,2021-02-13,2740.86,Active
87658711,61905041,719176,Checking,2024-06-10,14223.48,Active
30839000,17537175,809570,Savings,2021-01-25,3146.4,Closed
10326238,76716184,671858,Checking,2023-01-27,3091.03,Closed
66785504,81533086,126225,Savings,2020-01-29,5090.16,Active
39031010,88184991,809570,Savings,2023-05-30,13157.38,Active
73502947,83859615,126225,Checking,2021-12-15,1398.11,Active
46600419,13375649,719176,Savings,2021-09-28,8625.01,Active
77992163,82516135,877572,Checking,2025-07-18,5946.31,Active
84447462,19863721,334053,Savings,2024-06-02,11048.3,Active
14258407,60037289,388389,Checking,2020-05-29,8686.12,Active
92672229,47192240,877572,Savings,2023-11-26,27633.06,Active
85397737,27236529,770487,Checking,2020-03-24,2968.68,Active
19435754,32512176,356787,Savings,2022-05-12,2262.77,Active
79007979,10786998,246316,Savings,2020-11-15,2769.1,Active
72028395,83531963,388389,Savings,2021-12-23,6396.54,Active
13177067,63281344,388389,Checking,2025-11-12,14142.17,Active
38179050,40835265,246316,Checking,2020-12-23,18095.3,Active
85201148,98212034,876646,Savings,2025-12-05,2924.4,Active
99356926,62789827,216739,Savings,2020-09-24,24605.34,Active
65409278,69441728,719176,Savings,2021-06-17,6247.06,Closed
60100864,93624519,207473,Savings,2023-07-24,4733.01,Active
37884166,55941320,334053,Savings,2023-09-04,4729.52,Active
72421642,90511561,809570,Savings,2023-05-08,16796.99,Closed
67768586,30316746,207473,Savings,2025-11-29,2211.3,Active
49320205,36772043,877572,Savings,2024-08-29,6977.09,Active
61935886,93067471,216739,Savings,2025-12-03,5831.79,Active
23728398,96344275,809570,Savings,2023-04-18,1514.03,Active
70422800,39557332,334053,Savings,2022-06-30,477.26,Closed
63934737,41621717,126225,Savings,2021-05-28,5500.43,Active
87986452,16750807,719176,Checking,2022-09-15,1650.72,Active
30249236,17864921,216739,Savings,2025-01-30,3904.82,Active
73306391,39557337,671858,Savings,2023-11-30,4778.28,Closed
57905434,67147996,671858,Checking,2021-12-20,1092.29,Active
47354141,71309534,671858,Savings,2021-03-02,4238.61,Closed
34279710,58104033,216739,Checking,2024-04-27,3065.4,Active
53219615,56072417,388389,Checking,2020-12-27,3034.82,Active
17994017,99817700,191161,Savings,2024-11-10,3205.85,Closed
60887332,84613348,207473,Checking,2022-12-11,3504.72,Active
66490660,28547302,877572,Savings,2024-01-09,1917.15,Active
21270822,24320234,216739,Savings,2024-11-22,169678.73,Active
50696489,51419377,334053,Savings,2022-09-03,1074.08,Active
35131690,48339185,872246,Savings,2023-03-24,7227.84,Closed
28315945,55580923,876646,Savings,2025-08-07,3741.44,Active
78352687,82614526,334053,Checking,2020-08-01,2446.11,Active
29823280,91134206,809570,Savings,2023-10-22,8462.92,Closed
36999473,62953728,246316,Checking,2021-07-14,13009.15,Active
41455919,49584387,356787,Checking,2022-10-23,5771.73,Active
70062387,56039686,334053,Savings,2025-05-23,5691.12,Active
73732408,13048073,207473,Savings,2024-10-03,6074.14,Active
55054649,15800590,770487,Checking,2022-03-23,4065.75,Active
59380026,85137680,809570,Savings,2022-12-20,9477.34,Active
64164155,63805725,719176,Checking,2023-10-07,1716.89,Active
36344124,22976798,334053,Savings,2023-01-02,1600.14,Closed
79204668,31955229,207473,Savings,2025-10-04,13486.8,Active
10162494,26548517,876646,Savings,2022-01-31,1013.78,Active
43422012,69474598,246316,Savings,2021-01-24,3926.18,Active
85102915,36477223,207473,Savings,2020-03-19,1572.92,Active
16912707,80189736,334053,Checking,2021-08-26,4208.97,Active
23499076,82778413,872246,Savings,2020-01-11,2956.25,Active
36344134,58792241,876646,Savings,2024-05-31,11569.79,Active
26874184,15800627,877572,Savings,2024-01-28,23876.73,Active
58003784,94509364,246316,Savings,2024-10-07,1817.53,Active
10588488,92019001,207473,Savings,2023-01-19,2327.44,Active
24187211,65640764,334053,Savings,2020-09-02,3164.73,Active
34443596,22419779,356787,Savings,2022-06-18,4160.86,Active
19992912,68393286,872246,Savings,2023-09-02,10957.82,Active
66982227,52861263,877572,Checking,2021-02-26,2004.11,Closed
23466324,67606865,191161,Checking,2025-12-16,3916.93,Active
60756308,55515474,809570,Savings,2023-06-05,4025.51,Active
21729622,82909523,216739,Savings,2023-02-12,3327.78,Active
62165332,57350485,877572,Savings,2025-01-10,8535.51,Active
94507348,89233755,671858,Savings,2023-05-04,4016.21,Active
52040025,90642791,246316,Savings,2020-11-17,1143.44,Active
49516889,44800368,216739,Savings,2021-07-29,1478.48,Active
50336089,84187504,334053,Savings,2025-10-12,4483.38,Active
66457952,28744055,876646,Savings,2024-12-11,25773.09,Active
77500769,27662714,809570,Savings,2022-10-14,8002.61,Active
72356195,32414082,671858,Savings,2024-08-28,11931.97,Active
97882469,99490181,207473,Savings,2021-01-02,4832.33,Active
81564006,68065670,719176,Savings,2025-05-07,5065.03,Active
81531241,64035208,770487,Savings,2020-07-01,6243.09,Active
65343852,38640008,334053,Savings,2020-03-02,5277.9,Closed
81826156,25729422,191161,Checking,2024-03-18,5953.49,Active
62329198,23927190,246316,Savings,2024-08-27,13317.94,Closed
22385009,62888348,246316,Savings,2022-06-28,5396.25,Active
83530097,17668509,877572,Checking,2021-11-13,4603.96,Active
37523827,89233826,671858,Savings,2021-07-07,21422.16,Active
53547380,79665571,334053,Savings,2021-07-20,7887.59,Active
90542459,70818211,809570,Savings,2023-07-21,1005.86,Active
50794875,60791205,216739,Savings,2024-07-14,2384.8,Active
26513789,32283045,876646,Savings,2021-10-07,1531.7,Active
49582461,97687975,876646,Savings,2022-01-30,8082.38,Active
81531263,47716777,126225,Savings,2024-04-27,16336.9,Active
76321150,74553778,671858,Checking,2022-06-24,10173.8,Active
44667265,32414131,877572,Savings,2024-06-30,4408.61,Active
29757824,63052213,126225,Checking,2021-06-07,24182.77,Active
52400515,17144245,809570,Savings,2024-01-13,6540.17,Active
47387011,72915390,356787,Savings,2021-05-27,11351.24,Active
97096070,39328191,356787,Savings,2020-07-04,7134.88,Active
16322950,64395717,876646,Checking,2021-05-11,1865.45,Active
18420105,35035590,126225,Savings,2023-12-04,3504.41,Active
29331849,73669065,334053,Checking,2021-02-04,7834.23,Active
73175435,59480527,388389,Savings,2021-11-23,6826.48,Active
31003025,27171287,356787,Checking,2021-02-08,4345.15,Active
91984273,64362971,334053,Savings,2020-12-09,3438.81,Active
81629587,74586588,334053,Savings,2021-12-10,8527.42,Active
97489300,98769374,388389,Checking,2023-05-26,12224.66,Active
79303061,59349471,356787,Checking,2023-10-11,6379.25,Active
85987734,41589221,334053,Checking,2025-08-29,21097.1,Active
65573272,64788966,809570,Savings,2021-06-19,14616.48,Active
58528155,76782059,126225,Checking,2025-07-04,3328.05,Active
55841180,56498672,356787,Savings,2021-10-21,10122.6,Active
42865053,28875252,216739,Checking,2024-11-02,64796.82,Active
88773027,95492598,216739,Checking,2021-09-26,2431.35,Active
83661220,58071544,809570,Checking,2020-09-07,8646.59,Active
87921068,32512506,334053,Savings,2022-06-08,1094.29,Active
95392172,69999099,334053,Checking,2021-04-08,9752.58,Active
71668143,95525373,126225,Savings,2022-03-03,11458.34,Active
99062195,79108609,246316,Checking,2025-01-24,4746.36,Active
68882871,66492929,246316,Savings,2024-03-12,3861.9,Active
44536250,35887622,334053,Savings,2021-11-30,5000.44,Active
92180923,43686408,356787,Savings,2025-02-13,1712.3,Active
47288768,14785037,388389,Checking,2023-08-11,3714.14,Active
42340802,35527189,191161,Savings,2020-12-09,4556.24,Active
89592266,55286295,246316,Savings,2020-06-26,10293.09,Closed
88183243,73243159,216739,Savings,2023-12-22,641.36,Active
11243979,31136281,246316,Checking,2025-03-29,5886.81,Active
92639694,18618920,388389,Savings,2021-06-30,2334.22,Active
84775375,93035050,246316,Checking,2021-02-06,5207.06,Active
97849807,19962414,216739,Savings,2024-03-25,30852.16,Active
73601487,87005743,216739,Savings,2023-05-04,3158.11,Active
50532818,35658291,356787,Checking,2022-01-01,1486.44,Active
27365843,86874676,216739,Savings,2020-06-29,1180.2,Active
56398291,68917812,356787,Savings,2025-08-28,5642.59,Closed
89756118,48732723,809570,Savings,2023-05-27,15230.14,Active
69243351,68000317,246316,Checking,2023-12-03,1124.34,Active
88379862,71572033,246316,Checking,2021-04-10,9517.71,Active
26972632,53647949,876646,Checking,2023-12-24,2727.91,Active
70652376,84580942,388389,Savings,2024-12-17,4885.72,Active
17011163,50174547,809570,Savings,2025-10-14,16771.73,Active
73175517,26778200,809570,Savings,2023-12-03,3783.87,Active
82678238,47258201,388389,Savings,2023-08-21,7699.12,Active
99389920,30284382,246316,Checking,2024-12-19,2877.39,Active
86512099,25860705,872246,Savings,2024-10-13,3875.03,Active
25629156,41425510,671858,Savings,2023-05-02,4672.28,Active
45126119,54729319,207473,Savings,2024-07-08,4017.56,Active
35885543,13900400,207473,Savings,2022-10-26,766.34,Closed
17338859,38345330,246316,Savings,2024-04-23,5505.24,Closed
65180142,17504883,809570,Checking,2020-12-16,8520.43,Active
23794158,57842293,872246,Checking,2023-03-01,5669.19,Active
60658162,50829944,246316,Checking,2023-01-11,11014.66,Active
18289139,50764409,719176,Savings,2020-09-12,6571.01,Active
24121842,50207357,877572,Savings,2024-09-30,1431.85,Active
91427314,69409407,388389,Savings,2025-10-21,3456.88,Active
63836662,58694273,334053,Checking,2025-05-30,2083.51,Active
75305462,66984581,671858,Checking,2022-03-04,477.3,Active
62165498,21633669,719176,Checking,2025-10-25,12632.84,Active
15340028,25565838,334053,Savings,2022-12-06,66647.2,Closed
16126461,80550543,191161,Checking,2022-05-21,2725.24,Active
19239427,76487310,877572,Savings,2021-10-22,5976.43,Active
98898437,91298449,388389,Checking,2024-12-13,2190.32,Active
79204870,40082066,877572,Savings,2022-09-30,6105.89,Active
43979271,63806099,126225,Savings,2020-03-25,15039.01,Active
97686025,67869329,872246,Savings,2025-03-18,7860.55,Active
46207497,25565853,388389,Checking,2023-07-16,12380.28,Active
57872910,92314272,356787,Savings,2023-12-12,18981.59,Active
61673999,10951333,388389,Checking,2025-01-15,23744.67,Active
15700497,49093288,872246,Savings,2021-06-25,6653.21,Active
27693586,56072878,126225,Checking,2023-02-08,2322.3,Active
63705619,45849262,207473,Checking,2021-09-02,2801.73,Active
80351767,11147952,809570,Savings,2025-10-12,4371.92,Active
57512472,25041588,770487,Checking,2021-08-02,3910.47,Active
62820887,35166910,126225,Savings,2023-08-10,1416.03,Active
52236825,33004224,388389,Checking,2021-10-18,4918.01,Active
47845920,76815040,356787,Savings,2022-09-19,5623.73,Active
71897632,72653508,388389,Savings,2024-11-17,2225.04,Active
11375138,28187342,671858,Savings,2023-12-24,4745.5,Active
51417633,27269849,216739,Savings,2020-10-19,1743.15,Active
42537509,69180122,126225,Savings,2025-05-04,6232.97,Active
60625447,25795290,719176,Savings,2023-12-21,2382.69,Active
79827495,97196767,809570,Checking,2024-10-19,6698.57,Active
13373997,98638560,877572,Savings,2025-06-18,8620.31,Active
39162415,46897895,216739,Savings,2025-07-24,10296.4,Active
89985585,70032106,334053,Checking,2022-11-15,24615.07,Active
92672562,30481130,334053,Checking,2022-07-14,7625.14,Active
55513650,13605615,876646,Checking,2024-08-30,4817.39,Active
88674866,31464176,334053,Savings,2022-05-15,11521.66,Active
65573433,30087920,388389,Savings,2020-01-18,1205.09,Active
54465082,76389110,126225,Savings,2020-07-06,3402.55,Active
82285113,59120375,216739,Savings,2022-02-26,3239.11,Active
37425725,50469625,872246,Savings,2025-02-27,2478.78,Active
43881021,30219017,356787,Checking,2025-11-22,4126.63,Active
65671747,97032971,246316,Savings,2024-10-12,32851.17,Active
56234566,75995916,719176,Checking,2021-07-02,4085.45,Active
71406153,36248338,671858,Savings,2023-12-29,7922.57,Active
34902601,65542934,809570,Savings,2025-03-26,2374.96,Active
99095113,15276822,809570,Checking,2021-08-31,2528.23,Active
93786700,94116630,877572,Checking,2020-07-19,2177.53,Closed
64229961,29203224,207473,Savings,2025-05-28,2564.7,Active
93000272,19372830,877572,Checking,2025-08-22,19260.53,Active
67211857,65575714,876646,Savings,2024-02-08,3515.89,Active
34181715,69770024,191161,Savings,2025-08-02,2518.38,Active
65573459,61741869,356787,Savings,2025-01-08,7564.73,Active
83890773,91790125,876646,Savings,2024-05-24,5492.68,Active
65704535,30055217,809570,Checking,2020-07-19,23123.65,Active
53678681,83958578,356787,Savings,2024-08-07,6909.7,Active
45683289,18225976,876646,Savings,2024-08-02,17873.01,Active
52957791,24484665,877572,Savings,2022-01-17,1755.68,Active
72454752,14097211,809570,Savings,2023-03-30,4560.82,Active
79762015,77175617,872246,Savings,2020-07-10,9627.65,Active
92869225,29989700,246316,Savings,2025-09-02,2719.0,Active
43127402,20880197,356787,Savings,2020-05-27,5431.71,Active
63738475,69180235,671858,Checking,2021-01-09,1727.23,Active
68325999,61741901,876646,Savings,2024-05-12,4764.15,Active
42504817,22289232,876646,Savings,2022-08-21,1339.92,Active
35066481,14424915,334053,Savings,2022-11-12,2492.55,Active
73077363,26123098,388389,Checking,2025-02-09,1588.38,Active
95654516,28220251,388389,Savings,2020-09-24,4091.48,Active
17601140,73702238,207473,Savings,2023-04-09,8008.58,Active
99357300,62167903,876646,Savings,2020-02-03,1449.1,Active
81236597,15866720,671858,Savings,2024-09-25,7667.03,Active
79204985,19831649,334053,Checking,2024-09-30,2893.63,Active
69767803,63773543,876646,Savings,2023-05-05,736.33,Active
26808955,48175976,246316,Savings,2023-04-27,9862.0,Active
87134844,77699945,876646,Savings,2020-05-02,7050.31,Active
43225726,11934573,126225,Savings,2020-08-02,3543.54,Active
95588990,40868717,216739,Savings,2024-03-18,10835.98,Active
69767807,60857200,876646,Savings,2024-09-10,32846.14,Active
70095488,74783604,877572,Savings,2020-09-09,5516.62,Active
80843394,78224244,388389,Checking,2021-03-13,14410.49,Active
84841091,39951222,334053,Savings,2020-01-28,1147.83,Active
40931972,88021881,246316,Checking,2022-01-12,7161.72,Active
66556542,31497085,770487,Checking,2024-01-04,7613.04,Active
87134856,30743424,719176,Checking,2021-02-10,7492.73,Active
39522955,97033089,126225,Checking,2021-05-22,1404.36,Active
25203340,27073410,719176,Checking,2020-04-18,3040.1,Active
16454285,18422659,246316,Checking,2020-10-11,6638.4,Active
82612878,59710339,216739,Savings,2020-10-28,4683.63,Active
63935119,79666060,809570,Savings,2024-12-25,3646.8,Active
28152464,72194957,334053,Savings,2024-03-07,9019.09,Active
56496785,49552275,388389,Savings,2025-08-10,2684.94,Active
21172882,46799764,216739,Savings,2022-04-16,3495.9,Active
97096340,80616342,216739,Checking,2024-12-11,8361.85,Active
96703124,73505691,809570,Checking,2022-01-12,13865.24,Closed
17961623,41032607,191161,Savings,2023-01-06,6530.95,Active
47813275,24353696,334053,Savings,2022-04-09,21278.35,Active
35721885,12458919,334053,Savings,2023-09-04,20616.36,Active
25793182,62692263,216739,Savings,2021-02-06,24713.55,Active
48763550,66165676,876646,Savings,2023-05-11,2012.82,Active
10130079,80583596,388389,Checking,2020-02-29,4599.54,Active
16945825,26778540,877572,Checking,2024-04-04,5648.38,Active
31855262,29858736,876646,Savings,2020-01-09,2019.98,Active
51417763,74718137,877572,Savings,2024-09-25,4182.13,Active
43094693,63019962,216739,Checking,2021-05-18,2687.38,Active
49648294,14687171,877572,Savings,2021-11-14,721.86,Active
87134885,79797193,809570,Savings,2022-07-24,1927.53,Active
91394731,82713551,809570,Checking,2025-12-06,5122.26,Active
73994924,21765072,388389,Savings,2025-09-16,23110.01,Active
93131441,11541456,207473,Savings,2022-04-06,1537.98,Active
73077426,51190741,719176,Checking,2022-07-20,15198.77,Active
45126325,70851542,876646,Savings,2025-11-02,5002.32,Closed
71406267,61414361,388389,Savings,2021-05-22,4430.36,Active
24416958,48208861,872246,Savings,2021-09-21,2352.71,Active
39228094,26614750,334053,Savings,2024-11-30,3350.14,Active
32707268,43260898,809570,Savings,2024-01-27,3973.86,Active
51647174,33987554,719176,Savings,2023-06-03,9661.22,Closed
47452871,71539686,216739,Savings,2021-09-08,4350.23,Active
77402824,61905894,334053,Checking,2020-08-04,25042.67,Active
81793735,44145650,719176,Savings,2025-09-12,1763.17,Active
69145290,57711604,671858,Savings,2021-12-22,18670.15,Active
39719626,93035510,388389,Savings,2023-01-05,2628.38,Active
72553158,63642615,126225,Checking,2020-07-16,2875.56,Active
71209672,60791799,191161,Checking,2023-11-19,7249.04,Active
19665614,51715067,877572,Checking,2025-08-04,1744.96,Active
44667599,63937534,877572,Checking,2020-12-23,20667.64,Closed
75240144,98606079,388389,Savings,2021-08-29,4505.91,Closed
74158800,33004548,388389,Savings,2025-06-14,5577.98,Closed
18191057,84352009,388389,Checking,2023-07-02,5126.43,Active
54956755,71474186,872246,Savings,2023-08-20,11831.33,Active
69014228,85793804,126225,Savings,2022-10-22,2404.41,Active
84906709,19438607,876646,Savings,2023-06-16,1693.6,Active
35984086,46930960,334053,Savings,2020-03-24,5933.75,Active
47387351,48864288,356787,Savings,2023-06-25,4457.16,Active
65376984,63511584,770487,Checking,2023-08-16,3475.12,Active
79074008,17472546,356787,Savings,2025-06-05,11708.12,Active
57676501,15604773,877572,Savings,2023-09-02,3636.7,Active
31265499,71965736,246316,Savings,2021-03-02,1426.77,Active
98276064,36248617,216739,Checking,2020-11-18,73355.13,Active
81236704,74783790,216739,Savings,2022-02-02,2555.6,Active
74060514,91069490,216739,Savings,2025-02-03,8644.62,Active
36573920,68918324,719176,Savings,2023-09-22,4468.18,Closed
93262564,34544692,246316,Checking,2025-07-16,523.66,Active
33755874,12459062,216739,Savings,2020-10-16,2472.72,Active
41063143,70589493,334053,Savings,2022-04-27,4163.8,Active
94278378,42474554,334053,Savings,2025-08-18,505.81,Active
45224683,89168961,388389,Checking,2023-06-18,1857.88,Active
96965354,34217029,877572,Savings,2024-10-02,2845.09,Active
88707822,15375433,334053,Savings,2021-08-17,3739.46,Active
88249073,32349259,126225,Checking,2022-05-02,15778.83,Active
23368436,35363915,809570,Checking,2025-02-22,4002.51,Active
11244278,91495501,809570,Savings,2024-02-22,2945.47,Active
95425274,70917200,334053,Savings,2020-09-22,11221.38,Active
99390203,17144913,770487,Savings,2021-01-31,2311.68,Active
37917435,82418770,246316,Savings,2021-02-06,25186.84,Active
20878074,14097493,246316,Savings,2024-02-29,2557.81,Active
93623038,49323096,388389,Savings,2025-06-02,3502.85,Active
64000767,25402457,876646,Checking,2021-07-12,4033.7,Active
48108288,24616039,877572,Savings,2020-09-02,8662.97,Active
28447488,82517098,246316,Savings,2022-01-12,10934.86,Active
10294021,38476907,872246,Savings,2022-07-19,6651.31,Closed
21107465,18324593,719176,Checking,2020-08-12,3085.74,Active
54924044,33954930,671858,Checking,2023-05-14,1731.59,Active
72684301,27565175,126225,Checking,2022-07-09,6852.48,Closed
93328144,29105286,877572,Savings,2024-09-13,8144.47,Closed
93262610,90414219,872246,Savings,2023-08-17,11113.37,Active
17928980,55090315,216739,Savings,2024-05-09,1511.76,Active
99029782,87891085,719176,Checking,2023-11-04,5128.53,Active
18256663,89234573,877572,Savings,2024-08-25,1645.53,Active
94606102,47586447,877572,Savings,2020-12-25,5707.49,Active
56857367,63544468,388389,Savings,2020-06-09,2993.97,Active
40637210,87694485,388389,Savings,2024-05-20,2671.96,Active
62919451,43752598,388389,Checking,2022-03-12,16260.13,Active
22418201,94870682,719176,Savings,2020-06-26,13786.24,Active
59151133,52501664,877572,Savings,2021-12-13,6034.92,Active
10031902,79174820,877572,Savings,2020-07-12,2935.25,Active
91165467,62004389,719176,Checking,2021-08-05,9607.56,Active
70095645,79535276,334053,Checking,2021-05-10,11251.69,Active
95327009,39722157,126225,Savings,2022-11-28,4914.26,Active
33428258,74914988,246316,Savings,2021-01-12,10358.78,Active
35164963,94739630,356787,Savings,2023-08-17,5059.28,Active
23860004,35888304,246316,Savings,2022-06-06,3089.26,Active
18846501,16161969,388389,Savings,2025-12-10,6543.07,Closed
89953062,27434164,246316,Savings,2023-08-28,1832.04,Active
28939046,36805812,809570,Savings,2022-08-28,2104.92,Active
19567395,42867893,388389,Savings,2023-02-25,1169.47,Active
45519657,54598843,207473,Savings,2020-06-29,19782.91,Active
54596393,42147005,388389,Checking,2025-07-04,3099.35,Active
10392359,68263103,207473,Checking,2023-10-24,16321.09,Active
34673455,72719553,356787,Checking,2020-12-12,872.82,Active
52335410,72260804,356787,Savings,2025-08-01,46950.28,Active
61608757,29990089,872246,Savings,2025-11-09,4104.57,Closed
66687798,75766986,334053,Savings,2025-11-01,6483.86,Active
62001975,80026835,334053,Checking,2025-11-16,1672.57,Active
32871224,17898708,876646,Savings,2020-01-04,4316.52,Active
31036217,54795481,334053,Savings,2024-01-17,2776.5,Active
59577145,84647131,876646,Savings,2022-04-12,2181.49,Active
21861177,67443937,126225,Savings,2024-08-17,3784.84,Active
45126461,58694889,246316,Savings,2020-07-18,1086.8,Active
39392062,98016489,388389,Savings,2020-01-13,28714.26,Active
99980099,43982057,809570,Savings,2025-05-18,3917.89,Active
75141955,16260337,334053,Savings,2023-06-27,14525.07,Active
75699013,85204210,809570,Savings,2022-03-25,68294.17,Active
61248326,35298555,671858,Checking,2023-08-13,2666.72,Active
95818566,67411199,334053,Savings,2020-08-21,6883.22,Active
33395529,73342209,216739,Savings,2020-03-09,7667.95,Active
50729804,36936963,216739,Savings,2022-04-26,1615.25,Active
89953100,77765893,246316,Savings,2025-07-22,10737.73,Active
90837837,63806725,246316,Savings,2025-07-06,17014.51,Active
97784655,63610121,334053,Savings,2023-07-30,3411.44,Active
13996877,51518739,809570,Savings,2023-02-28,7466.13,Active
84087633,87498010,388389,Savings,2020-11-12,5592.29,Active
80646997,49552670,388389,Savings,2020-12-25,4172.22,Active
90346328,27598115,246316,Checking,2024-02-10,12617.95,Active
20386649,54435111,876646,Savings,2025-10-31,2693.08,Closed
78943070,29695271,388389,Savings,2021-04-21,3561.13,Active
38048609,90807597,809570,Savings,2021-02-26,1411.87,Active
79860579,76520752,191161,Savings,2025-06-26,3261.12,Active
64852840,30645556,334053,Savings,2025-07-12,11895.23,Active
73732970,20159797,246316,Savings,2023-01-11,4507.12,Active
60101486,42507587,216739,Checking,2021-08-15,2869.11,Active
57217902,76684613,334053,Savings,2024-09-03,923.56,Active
96113520,57711948,216739,Checking,2023-09-05,1256.06,Active
49058672,59546957,876646,Savings,2025-05-31,1472.8,Active
91558768,22748495,770487,Savings,2021-05-14,5224.05,Active
30315379,38411599,334053,Checking,2022-01-19,25217.4,Active
51155823,90479954,877572,Checking,2023-12-23,8717.07,Active
41194360,27434323,216739,Savings,2021-05-26,4457.74,Active
91460472,60267859,388389,Savings,2021-01-23,10084.56,Active
34902907,91331926,809570,Savings,2025-04-29,3120.23,Active
42636158,16391511,809570,Savings,2025-04-12,395.83,Active
24777599,76979544,126225,Checking,2021-05-05,9603.28,Active
56988543,54402396,334053,Savings,2025-10-18,11300.97,Closed
34247553,30055773,334053,Checking,2020-05-12,1762.52,Active
31757189,38378846,872246,Savings,2023-10-08,5482.98,Active
41096074,41524575,809570,Savings,2022-03-04,13000.54,Active
46404493,43490657,770487,Savings,2020-11-27,1434.73,Active
13308817,23993698,388389,Checking,2020-12-31,15003.8,Active
22811539,76619106,671858,Savings,2024-11-11,11021.97,Active
42505109,85073253,876646,Savings,2024-07-25,15687.88,Active
39654295,99884390,356787,Savings,2024-09-19,31809.95,Active
60986270,46636396,191161,Savings,2025-04-04,2340.64,Active
63935391,82845036,334053,Savings,2025-02-11,10555.47,Active
13046687,72392045,770487,Checking,2025-11-11,1625.38,Active
62657439,69344625,334053,Savings,2020-12-11,2881.81,Active
24974239,68918645,334053,Savings,2024-01-03,28121.41,Active
43160483,44113274,334053,Savings,2024-03-31,9866.47,Active
53547939,11115902,876646,Savings,2020-02-03,2850.07,Active
91624353,29236613,216739,Savings,2021-11-09,2219.97,Active
18682795,17243531,719176,Checking,2021-01-09,4943.28,Active
42341292,97557905,876646,Checking,2025-12-10,2511.66,Active
76387246,86810005,207473,Savings,2022-09-01,1011.92,Active
17044401,38837659,356787,Checking,2023-02-15,4464.24,Active
69440435,50568604,388389,Checking,2021-04-15,1540.04,Active
93262773,53943711,388389,Savings,2025-06-23,3086.12,Active
20943798,89791905,216739,Savings,2021-08-18,24241.03,Active
79139766,53157286,877572,Checking,2025-06-18,3287.62,Active
10851257,54402470,216739,Savings,2022-02-10,1351.0,Active
32904132,44277166,334053,Savings,2025-10-31,9064.42,Active
69211077,96935346,809570,Savings,2023-04-27,5671.27,Active
81302471,96542130,770487,Savings,2022-11-15,12385.52,Active
85169096,30743996,876646,Savings,2022-03-10,4993.51,Closed
28447687,59907517,334053,Checking,2023-10-20,5171.49,Active
94933959,26844607,719176,Savings,2024-04-30,6595.03,Active
41522123,98704837,809570,Checking,2025-02-23,15288.66,Active
78451665,29334982,334053,Savings,2021-09-01,1848.53,Active
81105876,63937995,246316,Savings,2022-08-01,13009.13,Active
66950100,34938316,388389,Savings,2025-01-04,5902.16,Active
14390230,43982285,388389,Checking,2023-10-28,10224.67,Active
66261978,71212493,191161,Checking,2023-06-13,1650.05,Active
88249308,41622989,671858,Checking,2021-04-19,2442.31,Closed
97588190,51420621,246316,Savings,2020-09-10,1121.74,Active
77730785,98573777,876646,Savings,2025-01-23,2713.67,Active
28709858,43458001,246316,Savings,2025-11-11,4221.26,Closed
33264613,28515794,809570,Savings,2021-08-20,1553.34,Active
46797799,50142677,334053,Savings,2022-07-15,2669.4,Active
78189543,29793750,877572,Savings,2020-02-22,6540.64,Active
64164841,82517466,388389,Savings,2024-01-20,12327.76,Active
19174378,64396768,719176,Savings,2025-04-21,4603.6,Active
13636587,13802982,809570,Savings,2022-12-13,5585.76,Active
38015977,95886828,770487,Savings,2020-03-05,4068.56,Active
91067373,47881714,872246,Savings,2021-08-21,2769.19,Active
55481326,50470393,126225,Savings,2021-09-11,3686.67,Active
68817904,73866746,876646,Savings,2024-09-14,3837.01,Active
76944368,35593723,671858,Savings,2022-01-12,9282.15,Active
29168628,84385280,877572,Savings,2022-11-07,11560.9,Active
37819381,34708995,207473,Savings,2020-03-21,5067.95,Active
89330676,82353670,877572,Savings,2025-04-18,2675.71,Active
21402615,98672138,207473,Checking,2022-09-18,721.54,Active
59053049,38936075,216739,Savings,2024-08-24,2083.99,Closed
69211131,93134347,671858,Savings,2022-04-23,6536.49,Active
92312572,63217173,770487,Savings,2021-08-19,3530.11,Active
24679419,53091868,877572,Savings,2021-03-24,3978.52,Active
91067387,34184736,334053,Savings,2024-03-11,1205.05,Active
37590015,10034722,191161,Savings,2020-06-08,3635.45,Active
77009918,48668201,334053,Savings,2023-05-09,9753.45,Active
79238146,35462697,671858,Checking,2024-12-20,992.06,Active
91755523,88776235,876646,Checking,2023-01-21,172.93,Active
24220676,40345133,388389,Savings,2023-08-05,1551.96,Active
30086148,91594291,388389,Savings,2023-05-07,6033.79,Active
97784836,95166003,216739,Savings,2023-10-05,2116.71,Active
20190215,68623923,207473,Savings,2020-04-13,9945.0,Active
23401476,85204539,334053,Checking,2021-06-28,11739.11,Active
26022921,70655552,876646,Checking,2020-01-22,1371.29,Active
44766218,66526786,334053,Savings,2025-11-12,10675.27,Closed
81794055,93986371,719176,Checking,2023-12-18,11368.87,Active
54727687,13180485,671858,Savings,2024-09-06,5771.44,Active
74257421,82255435,191161,Savings,2022-06-14,3953.08,Active
38343695,61414988,334053,Savings,2021-01-06,12940.81,Active
28185616,45588047,356787,Savings,2022-01-13,21798.45,Active
30610448,84319828,207473,Savings,2022-07-03,4642.96,Active
26547218,72785505,719176,Savings,2025-05-12,6266.72,Active
67179539,44605026,770487,Checking,2020-04-26,9528.31,Active
62395415,13901411,216739,Savings,2024-03-30,25066.33,Active
41063448,30023268,809570,Savings,2021-12-19,15996.17,Closed
31921179,53091943,356787,Checking,2021-02-27,3181.68,Active
19731485,80289384,388389,Savings,2021-09-26,15557.67,Closed
82219803,60563048,356787,Savings,2023-09-19,764.86,Active
68228128,13966953,671858,Savings,2024-09-10,8066.18,Active
75338800,43621991,216739,Savings,2020-09-07,64654.53,Active
11867186,42311282,671858,Checking,2024-08-17,1615.01,Active
51057715,92839540,388389,Savings,2022-09-06,4325.53,Active
12686388,84024948,719176,Savings,2024-12-02,3206.5,Active
31921204,50437758,246316,Savings,2023-04-21,3682.69,Active
10130483,67608193,872246,Savings,2020-02-21,11729.27,Active
13145143,61775493,877572,Savings,2024-03-12,10907.8,Active
35820600,88383111,334053,Savings,2022-06-24,9209.0,Active
20911160,38510215,246316,Savings,2021-03-22,6122.78,Active
55678006,43228814,126225,Savings,2021-03-08,10010.87,Closed
73405500,50994840,246316,Savings,2023-04-18,3007.65,Active
59216962,77438617,877572,Savings,2024-10-15,8604.37,Active
77599811,88448668,388389,Savings,2024-04-02,7987.73,Active
26514500,65773216,388389,Checking,2025-04-11,2665.13,Active
83301442,10067616,207473,Savings,2020-08-14,4795.11,Active
55710787,13115044,877572,Savings,2021-11-27,5436.39,Active
36508744,31956648,877572,Savings,2025-04-24,4436.13,Active
53908553,62267053,770487,Savings,2023-08-07,3162.88,Active
87299150,21044911,809570,Checking,2020-01-15,2501.19,Active
63181904,36347568,191161,Savings,2022-04-07,2066.17,Active
36279376,24256177,246316,Savings,2024-12-15,4003.64,Active
59413585,52928178,356787,Savings,2023-10-25,5726.07,Active
21599317,99393215,334053,Savings,2023-12-22,20112.79,Active
54105176,29040328,809570,Savings,2022-09-05,1087.15,Active
76026971,76127947,126225,Checking,2024-02-02,10514.65,Active
35460188,89595595,356787,Savings,2023-12-31,29454.73,Active
50205791,28974799,126225,Savings,2020-07-06,829.95,Active
38966370,43261648,877572,Checking,2022-12-13,26137.01,Active
12391523,73932497,126225,Checking,2021-04-17,21713.0,Active
26055780,66789076,207473,Savings,2023-10-07,5565.0,Active
22549604,28319454,246316,Savings,2022-12-16,4128.97,Active
54891624,57712356,207473,Checking,2021-06-20,2798.33,Closed
90641516,30744292,356787,Checking,2021-07-15,3664.13,Active
40080495,26222310,876646,Savings,2024-06-19,4028.53,Active
33363058,90709734,877572,Savings,2022-09-15,3606.19,Active
12489843,45948650,334053,Checking,2021-01-26,3209.91,Active
39916662,99753706,877572,Savings,2024-05-23,38116.57,Active
27464823,88874730,388389,Checking,2020-08-24,4724.39,Active
37753977,47128306,334053,Savings,2025-07-04,3553.34,Active
63935610,90808054,809570,Checking,2025-02-03,6894.01,Active
74945658,99229431,334053,Savings,2022-05-17,17574.83,Active
94442620,58990326,877572,Savings,2022-02-27,2963.54,Active
77403261,65117946,207473,Savings,2025-07-19,12259.13,Active
65475710,37854971,770487,Savings,2020-07-06,6662.68,Active
54105213,69541630,216739,Checking,2021-02-23,3556.13,Active
24056956,88121087,770487,Checking,2022-11-07,8703.52,Active
46208129,59285251,876646,Savings,2025-08-08,20629.5,Active
19272837,76095236,388389,Savings,2021-03-08,6467.56,Active
31888518,43491080,809570,Savings,2022-11-04,10730.52,Active
83039367,13180683,719176,Savings,2020-04-13,6589.21,Active
51844232,12099364,207473,Savings,2021-04-29,109263.84,Active
57709705,15212326,126225,Savings,2023-01-14,6768.57,Active
79238283,73572140,877572,Savings,2024-05-01,42417.98,Active
29234317,29499181,216739,Checking,2025-11-07,18642.73,Active
38311056,38739758,388389,Savings,2020-05-12,5745.75,Active
43160723,66920243,388389,Savings,2023-01-15,3299.13,Active
64689300,59055924,216739,Checking,2022-10-27,5201.84,Active
55186579,50536246,334053,Savings,2023-10-17,9937.92,Active
17634454,78683959,207473,Savings,2020-08-12,8272.97,Closed
23336087,37297976,872246,Savings,2022-03-11,2294.76,Active
78910617,41164601,388389,Savings,2023-08-30,7263.42,Active
39982233,74850109,872246,Savings,2021-01-06,2491.07,Active
54695066,28254014,388389,Savings,2024-08-02,20716.08,Active
45454492,52174665,334053,Savings,2022-07-07,1813.67,Active
75535518,99688266,216739,Savings,2020-07-12,1567.35,Active
61379744,55254864,246316,Checking,2023-12-10,6483.06,Active
58627236,14982996,191161,Savings,2022-03-09,3270.01,Active
89560229,52305753,876646,Savings,2024-02-05,7323.94,Active
42013862,75702105,334053,Savings,2022-11-28,17870.37,Active
79008938,15179613,246316,Savings,2021-02-09,25630.85,Closed
23434411,40542047,216739,Checking,2024-02-22,1426.72,Active
48960688,20520801,671858,Savings,2025-01-23,3903.75,Active
77862064,98803554,719176,Checking,2021-01-05,10000.06,Active
54334643,97820518,388389,Savings,2024-07-16,13700.09,Active
50664631,32939881,876646,Savings,2020-12-11,1281.61,Active
60626103,93757290,246316,Savings,2024-12-07,3355.98,Active
64132288,28286828,216739,Savings,2021-01-26,28283.98,Active
29856960,54009714,246316,Checking,2024-06-21,3547.54,Active
19338435,83926899,809570,Checking,2021-03-05,11528.52,Active
42243271,52174709,126225,Savings,2021-03-23,17486.38,Active
53777609,51552121,356787,Savings,2021-08-20,14308.76,Active
12850378,46374784,207473,Savings,2023-03-06,4694.57,Closed
70980810,87433088,876646,Checking,2020-08-25,16124.72,Active
74716365,13934470,876646,Checking,2025-03-22,4047.17,Active
64197839,38870922,216739,Savings,2025-04-03,926.62,Active
82351312,24813451,207473,Checking,2021-08-05,629.43,Active
80483536,35004300,877572,Savings,2024-10-01,3872.38,Active
86611158,25239435,334053,Savings,2022-10-06,7614.69,Active
46240982,83828623,334053,Checking,2022-07-09,2440.1,Active
94311639,93495185,216739,Savings,2020-08-31,8591.26,Active
29267161,79732631,246316,Savings,2024-06-21,2024.59,Active
53122268,18227106,809570,Savings,2020-02-13,10307.7,Active
74847454,99688354,126225,Savings,2025-10-25,16848.44,Active
93131998,64004006,388389,Savings,2022-06-01,7692.65,Active
95163618,49651627,809570,Savings,2022-06-24,1680.26,Active
77436131,63971244,876646,Savings,2022-02-13,2425.02,Active
94967012,43687852,216739,Savings,2025-10-25,4355.46,Active
85464293,37593013,809570,Savings,2023-02-11,7582.73,Closed
67409130,90021813,126225,Checking,2025-12-28,5105.31,Active
53744878,67837879,877572,Savings,2020-11-05,1495.7,Active
46273775,56336311,356787,Savings,2020-02-20,14429.15,Closed
59741426,94576571,877572,Checking,2021-02-26,21617.2,Active
94016755,68394941,216739,Savings,2020-06-29,7391.96,Active
38900980,78553022,126225,Checking,2023-11-07,5479.88,Active
95982837,47194050,388389,Savings,2020-02-05,1676.41,Active
70030582,99065797,809570,Checking,2025-08-04,597.49,Active
96376054,66133962,334053,Savings,2024-05-03,5627.04,Active
24810745,19439565,877572,Checking,2020-08-27,7277.43,Active
96048381,47357912,356787,Savings,2021-01-26,20819.15,Active
89527554,66822104,388389,Savings,2023-10-27,10140.2,Closed
75994374,67182554,207473,Savings,2024-02-25,21649.0,Active
96769288,49815520,671858,Checking,2023-10-08,8522.97,Active
51483913,11345889,334053,Savings,2025-04-23,15304.83,Active
58070282,47325155,872246,Savings,2021-05-12,1868.11,Active
89658633,91561957,388389,Savings,2020-07-14,9458.51,Active
63509768,11608040,770487,Savings,2021-10-29,4110.54,Active
49190153,32841704,809570,Savings,2021-03-23,6086.23,Active
83432718,65904618,246316,Savings,2022-02-11,9968.81,Active
87102735,83369977,388389,Checking,2022-12-15,3764.42,Active
41424136,31334398,388389,Savings,2022-09-12,1491.15,Active
70980882,60432382,246316,Savings,2024-09-14,4550.52,Active
44406034,82354182,126225,Savings,2022-03-15,2230.16,Active
46601492,37003272,216739,Savings,2021-12-24,12128.24,Active
72881430,11083792,877572,Savings,2024-03-07,12928.96,Active
71046426,75767828,126225,Savings,2021-06-12,8939.41,Active
11703582,22683673,246316,Savings,2022-06-12,17868.85,Active
34313502,78880796,770487,Checking,2020-06-01,6808.53,Active
98407711,19406877,207473,Savings,2020-05-14,5391.58,Active
45389088,86974494,770487,Checking,2023-06-18,9585.66,Active
99161378,55844895,126225,Checking,2023-05-19,7642.71,Active
27432227,10526751,388389,Savings,2021-06-19,2473.66,Active
20092196,77078561,216739,Checking,2025-07-03,10713.28,Active
84907298,25305128,207473,Checking,2022-07-20,560.03,Active
61576479,32153640,246316,Savings,2021-01-21,18127.96,Active
57283877,22061098,877572,Savings,2022-08-06,10595.76,Active
72291629,55943211,388389,Checking,2024-05-14,1608.26,Active
91886893,97067062,770487,Savings,2025-09-28,9052.36,Active
48895279,55320630,876646,Checking,2023-05-24,9867.84,Active
65082683,96903233,334053,Savings,2025-10-16,8657.13,Closed
24024381,55615554,334053,Savings,2023-08-11,6892.25,Active
37688637,17932354,809570,Savings,2023-10-18,1640.03,Active
49222974,65413189,388389,Savings,2020-03-25,15303.76,Active
97359172,57057352,388389,Checking,2021-07-24,1579.63,Active
83891526,91136076,809570,Savings,2025-07-19,3195.12,Active
33428806,39067726,207473,Savings,2022-12-04,1188.95,Active
58824009,83566672,334053,Savings,2020-08-11,6019.78,Active
46470477,90939475,356787,Savings,2021-12-18,3642.24,Active
77796685,90054740,356787,Checking,2020-04-25,1514.12,Active
94115154,19308637,877572,Savings,2020-03-20,33741.01,Active
41030995,18391138,246316,Checking,2020-12-25,1431.65,Active
76911958,59482210,388389,Savings,2025-03-06,4795.98,Active
43685209,41230435,671858,Savings,2024-08-25,4511.95,Closed
95982938,85663847,877572,Checking,2022-08-25,2380.6,Active
90314075,25600105,246316,Savings,2023-07-05,5136.66,Active
74093913,24551530,719176,Savings,2022-12-21,5279.12,Closed
18814301,66166893,334053,Savings,2022-07-24,4101.43,Active
71767391,78127214,216739,Savings,2025-02-18,1224.24,Active
89101664,37789808,246316,Savings,2020-03-10,2983.37,Active
76191073,12951669,126225,Savings,2025-03-26,8279.04,Active
29627745,71835770,334053,Checking,2022-12-02,3061.04,Active
66098533,78651531,246316,Checking,2020-08-09,3169.66,Active
90903918,75636875,388389,Savings,2021-02-11,3612.8,Active
95458671,72196238,126225,Savings,2023-12-07,5384.68,Active
75142514,47489167,809570,Checking,2021-05-31,14899.17,Active
49026419,47227024,671858,Savings,2020-10-27,6709.17,Active
60560759,97296533,334053,Savings,2023-11-14,9052.57,Active
25859448,15081624,388389,Savings,2024-04-18,13669.37,Active
87922039,41296026,877572,Savings,2021-02-18,8678.33,Active
95196538,69050527,216739,Savings,2025-08-07,3066.76,Active
89658749,65970337,719176,Savings,2021-10-19,4055.56,Closed
63575423,91201698,809570,Savings,2020-07-29,4847.39,Active
28677504,14426273,356787,Checking,2025-08-04,19278.1,Active
80680321,18063521,216739,Savings,2025-06-16,1401.89,Active
54826370,44409001,388389,Checking,2024-11-02,4594.27,Active
82679170,37462187,388389,Savings,2025-08-10,4810.31,Active
26416517,28778669,809570,Checking,2020-07-20,2075.18,Active
18748806,40345776,877572,Checking,2020-07-26,3685.73,Active
80254343,35954866,388389,Savings,2022-11-02,2883.58,Active
90117512,80650419,334053,Savings,2024-07-11,13310.32,Active
75961739,71311543,334053,Savings,2023-10-15,4478.67,Active
38770060,37920954,876646,Checking,2021-12-03,2012.56,Active
94541197,19505341,876646,Checking,2021-10-04,1057.69,Active
65148305,72851645,216739,Savings,2021-08-24,3585.85,Active
15340945,80126144,334053,Savings,2024-05-12,13759.35,Active
61216147,40673472,770487,Savings,2021-01-28,2606.51,Active
20092311,57286850,876646,Savings,2023-05-26,1678.13,Active
91133340,32350402,246316,Savings,2023-03-20,8501.27,Closed
27661725,91234500,334053,Savings,2022-11-30,4488.88,Active
47289758,92283077,207473,Savings,2021-09-22,6404.08,Active
69473695,27107524,207473,Checking,2024-05-17,45843.97,Active
63739296,87859399,876646,Savings,2020-09-24,14171.91,Active
23827875,22290632,191161,Savings,2024-08-29,2683.7,Active
27006374,87040211,809570,Savings,2023-10-27,2129.82,Active
91821482,76947674,809570,Checking,2022-07-13,1095.8,Active
72848817,72065244,207473,Checking,2021-09-25,4433.43,Active
28644786,10658013,207473,Savings,2020-12-16,11233.05,Active
21337523,71868638,809570,Checking,2023-01-18,1244.82,Active
92673460,85795037,877572,Checking,2023-01-20,10488.45,Active
34674103,52633826,216739,Checking,2025-12-25,8888.9,Active
61969848,74948835,388389,Checking,2024-12-27,6898.32,Active
25826745,46637295,207473,Savings,2023-07-24,2991.39,Active
99227066,33792252,876646,Savings,2022-08-06,5598.75,Active
71079355,94281988,388389,Checking,2020-07-07,9214.49,Active
95524284,21668101,334053,Checking,2021-01-08,7896.12,Active
84809148,90611976,809570,Savings,2024-03-19,5553.83,Active
90379710,48439562,334053,Savings,2025-01-04,5807.19,Active
36804030,87499021,246316,Savings,2022-01-28,13041.85,Active
71767489,73703699,191161,Savings,2023-11-28,2755.95,Active
36279746,20586772,356787,Savings,2023-08-12,8212.9,Active
84317635,86057239,216739,Savings,2024-05-28,21565.98,Active
10524100,79634711,671858,Checking,2022-08-20,2772.82,Active
96376260,32514329,207473,Checking,2025-03-31,3520.02,Active
14587333,40771866,207473,Checking,2020-01-17,999.94,Active
52762055,26353949,388389,Savings,2023-02-05,4768.51,Closed
72816071,65478943,388389,Checking,2020-03-08,11895.29,Active
72750537,70656290,334053,Savings,2020-01-16,8468.06,Active
39065034,94413093,216739,Savings,2024-05-01,2021.75,Active
23205315,84582694,877572,Checking,2021-12-25,2737.78,Active
87037380,64299304,216739,Savings,2023-02-03,2647.8,Active
14882253,48079144,334053,Savings,2021-11-17,11790.01,Active
70489549,42574125,126225,Checking,2020-01-14,757.08,Active
36902350,50372913,334053,Checking,2024-08-25,2028.49,Active
44963280,78127411,216739,Checking,2024-06-23,5520.85,Active
51221970,97263926,770487,Savings,2022-02-27,4918.29,Closed
37492180,63742264,770487,Savings,2024-12-15,1111.75,Active
17700309,24420665,207473,Savings,2023-03-27,16254.28,Active
39556567,72130890,191161,Savings,2021-02-04,2128.82,Closed
48797143,98869581,719176,Checking,2023-10-28,2032.98,Active
30578137,50307411,770487,Checking,2023-10-04,2717.23,Active
75109854,30843221,216739,Checking,2022-07-06,3959.25,Active
90838495,99000662,388389,Savings,2021-09-07,11308.43,Active
45749728,15704406,216739,Checking,2020-06-12,12185.61,Active
50697697,71934298,877572,Checking,2021-01-09,14652.11,Active
29693407,60989790,877572,Savings,2023-01-01,1254.64,Active
65312224,25239904,246316,Savings,2025-05-22,4674.38,Active
75273703,69345636,207473,Checking,2020-08-19,3207.89,Active
91690471,37134697,876646,Savings,2020-02-03,6753.26,Active
48174569,25108848,809570,Checking,2021-03-19,11286.01,Active
60855790,53977460,356787,Savings,2020-11-18,2989.75,Active
18945519,48669045,246316,Savings,2025-12-22,5661.3,Active
71079408,33202555,388389,Checking,2022-12-19,3475.21,Active
67081714,34775420,246316,Checking,2023-02-19,1517.32,Active
49124853,97296766,216739,Checking,2020-04-17,1487.64,Active
74290678,43983232,388389,Checking,2024-04-06,16162.27,Active
15799797,34283905,872246,Checking,2025-02-22,30322.14,Active
29824502,75669891,334053,Checking,2023-09-17,2176.64,Closed
70817272,98083206,388389,Savings,2025-11-30,8077.39,Active
66164220,72458631,671858,Checking,2021-05-15,4411.73,Active
80418302,52339082,126225,Savings,2023-04-19,1304.11,Active
97555968,24289676,877572,Savings,2020-06-21,10522.21,Active
42210817,31498636,216739,Checking,2022-03-22,4895.27,Active
51877379,18522518,809570,Checking,2023-05-10,922.6,Active
53384710,45195672,246316,Checking,2023-06-12,7799.77,Active
81171981,35856800,388389,Savings,2020-01-29,20770.33,Active
66360847,73998756,216739,Savings,2021-03-20,1460.0,Active
41522703,64627111,770487,Savings,2024-08-26,1711.83,Active
90215956,14688680,876646,Savings,2022-12-29,6551.04,Active
95524375,91759024,877572,Savings,2022-08-07,13499.62,Active
13932056,94151089,719176,Checking,2022-09-20,2984.03,Active
65836568,73146805,246316,Savings,2025-07-09,6998.52,Active
71210526,64430519,216739,Savings,2021-10-25,7436.33,Active
85235230,47849912,877572,Checking,2022-07-15,18931.55,Active
88249892,52011449,207473,Checking,2020-07-07,1878.48,Active
97457701,55648706,334053,Savings,2023-01-22,7407.52,Active
70063654,27926980,719176,Savings,2025-07-13,18955.37,Active
82941480,56009159,388389,Savings,2025-02-12,8346.53,Active
10065449,42803655,216739,Checking,2023-10-04,27661.04,Active
39097896,43327948,877572,Savings,2021-07-18,4868.58,Active
51910185,83927501,388389,Savings,2020-04-20,4745.29,Active
25695789,97919442,809570,Savings,2025-04-29,1996.01,Active
89855534,43131349,877572,Savings,2022-12-03,10272.02,Active
33855022,90874328,356787,Savings,2025-12-19,25562.59,Active
30348850,21340637,191161,Checking,2025-05-18,612.65,Active
28186165,37593567,207473,Checking,2025-11-20,1723.78,Active
30742075,48112097,356787,Checking,2022-08-24,10647.96,Active
87070268,97460707,809570,Checking,2022-04-07,21612.47,Active
45487678,74523112,770487,Checking,2025-04-29,21192.31,Active
31856191,58958314,877572,Savings,2020-06-14,5873.66,Active
46601795,38281706,770487,Savings,2020-02-15,14541.04,Active
75273797,31498743,191161,Checking,2024-07-30,6025.45,Closed
44275271,19669496,126225,Savings,2024-09-02,928.27,Active
20747850,18620921,191161,Savings,2025-01-21,6203.93,Active
16225868,27435514,719176,Savings,2024-12-24,2277.52,Closed
19863117,43950587,809570,Checking,2022-06-10,5281.26,Active
91919950,70754811,334053,Savings,2025-04-28,10733.58,Active
61511246,95625725,876646,Savings,2021-02-12,2585.48,Active
31168076,83075582,809570,Checking,2025-02-25,1171.82,Active
91100755,63152639,246316,Savings,2024-06-17,6468.26,Active
63247955,89661954,191161,Savings,2024-11-17,16904.49,Active
19994196,44605956,809570,Checking,2025-05-31,2034.08,Active
67737174,89465353,207473,Savings,2021-03-25,3880.53,Active
19043932,98574862,872246,Checking,2022-03-01,10532.65,Active
64001631,93626897,770487,Savings,2023-07-11,2485.75,Active
42374752,21602842,770487,Savings,2020-01-08,12457.72,Active
17995360,65839647,719176,Checking,2021-02-25,984.99,Active
75011680,29958692,191161,Savings,2025-10-29,6739.05,Active
38671971,58139173,126225,Savings,2022-06-11,20105.09,Active
71472737,54239781,877572,Checking,2022-08-28,2777.55,Closed
84907616,99197484,334053,Savings,2021-08-18,4939.65,Active
10131046,90743345,126225,Savings,2023-11-21,345.05,Active
11736679,44114482,216739,Checking,2021-10-12,2400.56,Active
34051686,17277491,246316,Savings,2024-09-11,4405.56,Active
72259178,80388660,246316,Savings,2024-03-21,12489.99,Closed
69965419,31924788,809570,Savings,2025-12-17,15803.34,Active
17208939,10756664,876646,Savings,2021-05-07,8634.12,Active
30905965,13541945,207473,Savings,2021-10-14,1090.79,Active
30512753,32547386,334053,Savings,2024-11-17,4071.01,Active
96540274,58860094,877572,Savings,2022-10-05,3866.17,Active
73340533,41853502,877572,Savings,2023-07-07,7861.47,Active
23991925,15966785,388389,Savings,2023-10-13,8161.67,Active
70588023,10527303,872246,Savings,2022-06-12,4028.99,Active
40474231,54796874,809570,Checking,2023-04-22,6865.07,Active
35001978,63021643,246316,Savings,2021-08-29,2335.93,Active
82318972,66757196,809570,Checking,2024-03-16,12639.85,Closed
65869436,83436108,334053,Savings,2021-04-01,2094.09,Active
65083008,40870477,356787,Checking,2024-12-16,3741.78,Active
32020097,33694289,126225,Checking,2020-01-21,14325.97,Active
73832068,44704340,877572,Checking,2020-03-22,7603.21,Active
52860548,81044054,388389,Savings,2023-12-19,2664.08,Active
46634632,75407960,809570,Checking,2020-05-20,5760.09,Active
46470794,77537883,334053,Checking,2025-10-12,5917.56,Active
96278155,71901792,246316,Savings,2024-03-05,25015.61,Active
24319630,57320034,877572,Savings,2025-09-15,11104.36,Active
91788943,17801838,388389,Savings,2020-11-09,9448.25,Active
68523662,54698618,388389,Savings,2020-12-28,2276.29,Active
94672527,89989755,872246,Savings,2025-03-13,2366.13,Active
82089621,15803003,191161,Savings,2024-03-26,2735.62,Active
31102614,97788541,216739,Savings,2021-01-06,23120.0,Active
87627415,85729920,207473,Savings,2020-10-21,3366.27,Active
84350616,77472385,388389,Checking,2022-01-10,3680.86,Active
61970072,89629316,388389,Savings,2024-12-20,1420.46,Active
55121564,72131205,126225,Savings,2021-12-18,1558.84,Active
47650461,19047050,872246,Savings,2024-04-01,5345.99,Active
37164702,70591117,770487,Savings,2025-03-23,13600.63,Active
32609951,51716752,719176,Savings,2022-10-25,4692.44,Active
98408094,97985170,388389,Savings,2024-01-30,5107.29,Active
28808861,70034069,207473,Savings,2022-10-03,22756.13,Active
45258401,48407192,809570,Checking,2024-12-12,5068.1,Active
85431973,30876314,719176,Savings,2022-02-18,4884.37,Active
34608805,22848155,388389,Savings,2023-01-12,12615.12,Active
23172773,24715933,246316,Savings,2022-12-24,10784.32,Active
99784360,58499748,877572,Checking,2025-02-26,2999.33,Active
14096040,36151974,809570,Checking,2021-08-02,3932.11,Active
37787305,65446571,872246,Savings,2025-09-05,7260.08,Active
89364140,45163181,877572,Savings,2021-03-09,6041.49,Active
31168173,36348589,719176,Savings,2022-09-26,20199.76,Active
90805937,46178992,877572,Checking,2020-03-21,3884.1,Active
96802484,69542582,216739,Savings,2025-11-07,9369.17,Active
60855991,55747258,809570,Checking,2020-02-07,7496.13,Active
33887931,28746426,877572,Checking,2025-04-22,7197.56,Active
46995136,39068348,671858,Checking,2023-09-16,2858.49,Closed
44013249,98509501,388389,Checking,2023-10-25,4656.86,Active
51484355,23929531,770487,Savings,2024-02-29,4945.56,Active
82679492,91267783,719176,Savings,2021-02-02,17327.7,Active
56465093,92512975,334053,Savings,2023-06-09,3820.51,Active
77895372,49423056,719176,Savings,2021-08-30,4886.3,Active
75568844,35267280,876646,Savings,2025-12-19,5031.1,Active
76158673,38445777,126225,Savings,2023-07-31,26368.37,Active
99292882,76096209,334053,Savings,2023-07-23,9855.37,Active
31266515,58401492,388389,Checking,2020-11-13,8581.51,Active
56497879,73310932,671858,Savings,2020-03-08,5557.44,Active
16226009,19997397,770487,Savings,2021-12-30,3376.07,Active
31069914,88122067,671858,Savings,2021-09-05,13118.24,Active
45127386,86647503,334053,Checking,2024-08-15,3564.96,Active
77207261,87892707,207473,Checking,2025-05-05,27261.34,Active
85432029,17081068,334053,Savings,2021-08-20,5893.4,Active
57087711,72917740,388389,Savings,2022-12-15,9075.4,Active
42866401,70492912,216739,Savings,2023-03-31,5103.84,Active
20354785,99492594,719176,Checking,2020-07-03,56204.43,Active
39196386,98509557,877572,Savings,2021-04-14,1988.17,Active
95196903,53256950,334053,Checking,2025-04-18,3629.4,Active
40998638,97166075,356787,Checking,2024-02-03,2218.63,Active
24844015,62792444,216739,Savings,2025-07-21,1669.9,Active
21468917,57615106,216739,Checking,2024-01-24,6875.5,Closed
38344438,57352968,216739,Checking,2025-02-14,3514.95,Active
11671285,74162953,770487,Savings,2021-07-18,3750.37,Active
56858360,21111564,876646,Savings,2022-10-03,3925.02,Active
47519480,12133134,334053,Savings,2021-04-28,5244.72,Active
64231161,57778960,356787,Savings,2024-11-11,1396.64,Active
40310524,74654483,356787,Checking,2021-06-07,1777.87,Active
23238397,98935572,334053,Savings,2024-05-28,1615.23,Active
94181119,62202645,246316,Savings,2022-10-04,5456.81,Active
55678725,38183701,207473,Savings,2021-11-16,5359.12,Active
55940873,97559319,246316,Savings,2025-05-01,5070.61,Active
24188682,21373720,877572,Savings,2021-05-25,7818.45,Active
90052364,11608857,671858,Savings,2021-04-20,6803.53,Active
64657165,92414746,719176,Savings,2020-05-13,1204.01,Active
80221964,81634077,388389,Savings,2024-02-03,4475.62,Active
12687119,97231652,388389,Savings,2022-01-22,5906.54,Active
93984529,82846503,809570,Checking,2020-01-14,1999.97,Active
26023698,19047209,877572,Checking,2022-09-22,1394.03,Active
28284691,45392686,207473,Savings,2023-10-05,9663.06,Active
31332118,63415093,809570,Savings,2025-06-26,2269.92,Active
25761559,76620601,388389,Savings,2023-12-03,10859.27,Closed
35395354,93561661,876646,Savings,2023-04-30,5212.56,Active
76977946,39887679,809570,Savings,2024-12-30,3844.82,Active
28219166,59089728,191161,Savings,2024-09-07,8842.2,Active
43063073,83436356,809570,Savings,2021-05-16,5656.03,Active
31299362,15475529,388389,Savings,2021-12-10,4571.19,Active
25270051,31662928,388389,Savings,2021-01-07,2344.23,Active
72881956,95495012,216739,Savings,2024-06-29,18748.11,Active
47355681,25699176,809570,Savings,2022-10-06,2033.98,Active
25073447,48833388,126225,Savings,2023-05-13,13501.1,Active
75536169,21865330,770487,Savings,2020-03-25,1341.24,Active
73209641,53945212,877572,Savings,2021-11-01,7469.48,Active
14391083,85730175,246316,Savings,2025-04-27,10111.35,Closed
37852975,48898945,126225,Savings,2023-03-23,5541.07,Active
84940593,72098694,356787,Savings,2021-10-31,9237.36,Active
39491385,90940302,388389,Savings,2023-01-14,14541.87,Active
15570747,58532759,388389,Checking,2025-10-01,8652.04,Active
31463228,85369753,334053,Savings,2025-03-05,22800.78,Active
68917054,84026266,126225,Savings,2022-06-23,34014.17,Active
84940609,90416028,356787,Savings,2023-07-11,20033.75,Active
78944067,46441374,216739,Savings,2022-06-12,9296.0,Active
56825671,93954976,334053,Savings,2024-12-25,3598.4,Active
21894985,50865061,872246,Savings,2023-03-02,6691.02,Active
43030347,37888933,207473,Savings,2022-03-18,8494.49,Active
30447435,24290214,191161,Savings,2024-03-25,1782.54,Active
90838861,91923368,126225,Savings,2023-01-10,4577.69,Active
87332687,68264870,388389,Checking,2024-11-22,2068.18,Active
13965137,79078311,719176,Checking,2021-09-30,3183.48,Active
79861588,10888112,246316,Savings,2022-11-11,6869.6,Active
25728855,80913332,877572,Checking,2025-04-20,4363.38,Active
58726232,24585141,876646,Checking,2021-02-03,2973.97,Active
25368409,13706170,126225,Savings,2020-03-12,7194.9,Active
44635993,39134138,809570,Savings,2022-06-01,4627.33,Active
49977178,54371261,207473,Checking,2025-03-20,5141.3,Active
80910174,91792318,719176,Checking,2021-10-11,5104.97,Active
29005663,32875453,770487,Savings,2020-07-06,6865.26,Active
19404642,33235901,216739,Checking,2020-06-21,1165.3,Active
64886627,71279554,809570,Savings,2022-03-23,5154.14,Active
96966499,67937221,719176,Savings,2020-02-18,21214.42,Active
68130665,80847814,388389,Savings,2023-10-23,490.2,Active
77666154,75932621,126225,Savings,2020-09-29,3573.63,Active
16783211,51717070,126225,Savings,2024-09-18,5620.64,Active
86513519,65119183,216739,Savings,2021-04-06,1804.23,Active
90249075,75637712,876646,Savings,2022-05-14,1204.22,Active
36640629,50406351,719176,Savings,2025-05-14,3371.35,Active
77404022,84550610,388389,Savings,2020-11-13,2938.9,Active
75896696,52995027,872246,Savings,2021-04-23,9318.3,Active
59447161,21668838,356787,Savings,2022-04-04,2948.4,Active
44373881,92185579,246316,Savings,2025-10-13,7924.22,Active
25991042,91300843,126225,Savings,2022-11-20,6131.09,Active
16291715,65479667,388389,Savings,2025-07-29,9510.78,Active
17766277,92021749,872246,Savings,2025-05-28,3629.76,Active
93198217,84976636,246316,Savings,2023-05-29,4340.58,Active
11343760,78816254,126225,Savings,2023-12-03,13438.5,Active
67671956,94282757,671858,Checking,2022-05-10,15786.62,Active
18618261,62268428,216739,Savings,2020-01-13,22922.55,Active
78682006,50766875,207473,Checking,2023-08-07,1873.29,Active
51386263,34546715,809570,Savings,2021-11-09,2262.56,Active
43095958,15868959,388389,Savings,2024-08-17,6773.58,Active
53352344,29533216,388389,Savings,2021-07-17,3712.86,Active
79763351,13411363,191161,Checking,2023-11-14,781.96,Active
99325851,42705956,356787,Savings,2023-07-25,7347.18,Active
31528854,21701669,126225,Savings,2023-11-05,2352.86,Active
75929505,70624300,126225,Savings,2024-08-21,5090.61,Active
63182758,88548401,719176,Checking,2025-12-09,6348.81,Active
54859687,91399222,770487,Savings,2021-04-17,3478.5,Active
14751655,58336314,334053,Savings,2025-10-03,3840.31,Active
62035882,86844475,388389,Savings,2022-05-21,9011.95,Active
34805675,73344062,877572,Savings,2022-11-13,1030.89,Active
43554732,43623486,207473,Savings,2021-03-01,1605.89,Active
98834351,87991358,126225,Checking,2022-10-20,500.77,Active
82122671,19539013,334053,Savings,2021-08-09,2854.28,Active
54564789,53486662,877572,Savings,2021-05-14,20652.76,Active
16881594,43033676,356787,Checking,2022-10-27,1823.2,Active
12425149,68428877,877572,Savings,2024-06-25,5553.46,Active
10655679,32875600,126225,Checking,2025-05-26,4736.93,Active
30775232,24454228,191161,Savings,2024-08-02,2002.54,Active
32020416,62563413,334053,Savings,2021-10-28,2705.91,Active
42211272,13018198,809570,Savings,2023-05-13,823.63,Active
69965768,63611988,126225,Checking,2025-08-17,7360.08,Active
23664586,10789974,356787,Checking,2025-02-24,18914.47,Active
51779531,82388053,876646,Savings,2020-02-22,1575.01,Active
50632651,39560278,770487,Checking,2020-11-21,5782.71,Active
64952272,33006680,216739,Savings,2024-06-04,13514.61,Active
87988176,10822748,719176,Savings,2020-12-27,11607.34,Active
35461072,17507424,126225,Checking,2024-12-17,9386.86,Active
80713683,79635562,671858,Savings,2022-10-05,19431.87,Active
63543254,87630954,216739,Savings,2024-11-16,1434.41,Active
26154968,68756586,207473,Checking,2020-07-28,2626.36,Active
62592989,92021866,719176,Savings,2023-06-03,4496.75,Active
19273697,60302450,388389,Savings,2025-05-18,9333.07,Active
89888738,23569523,809570,Checking,2020-07-26,11453.08,Active
80058340,71214195,671858,Savings,2021-12-16,5101.5,Active
24221668,56665214,877572,Savings,2020-02-27,7833.62,Active
35264487,70886528,388389,Checking,2021-02-12,7061.79,Active
46438376,76457090,388389,Savings,2021-01-21,993.44,Active
95950826,93561987,671858,Savings,2021-02-26,2702.29,Active
90183659,14558338,246316,Savings,2021-06-29,727.74,Active
76421101,25568389,207473,Checking,2020-11-12,3579.62,Active
72456174,16655503,216739,Checking,2022-08-04,4662.94,Active
88709104,13739154,246316,Savings,2025-02-02,5307.28,Active
59283441,88384663,876646,Savings,2021-02-14,3203.27,Active
34969585,64595096,356787,Checking,2024-08-08,6734.33,Active
40671219,23274657,872246,Checking,2022-04-28,5007.12,Active
47224820,44901538,877572,Savings,2022-10-12,2521.96,Active
88807414,23110817,246316,Savings,2023-12-19,1458.47,Active
75208696,15606948,809570,Savings,2021-09-25,2501.81,Active
63182841,30844067,876646,Checking,2020-09-15,6406.85,Active
42342394,49194152,388389,Checking,2024-08-31,4598.15,Active
83269627,30680239,334053,Savings,2024-10-05,5965.13,Active
34150396,95593647,334053,Savings,2020-06-21,5943.14,Active
33265658,55911599,246316,Savings,2020-10-31,14342.87,Active
44505080,57484464,388389,Checking,2021-03-24,2698.18,Active
30185467,41559219,126225,Savings,2020-05-16,9966.83,Active
23861248,39953588,334053,Checking,2025-04-13,25194.13,Active
98998273,71312564,809570,Savings,2025-07-16,1303.45,Active
80615430,36906165,207473,Checking,2020-02-02,6648.4,Active
17438728,25142455,334053,Savings,2024-07-29,3101.42,Active
37427210,19440816,388389,Savings,2020-08-27,2370.24,Closed
80713738,25175225,246316,Checking,2023-02-02,34704.91,Active
53843980,12133562,388389,Savings,2024-07-05,8210.19,Active
67049485,51127483,216739,Savings,2024-11-17,3581.9,Active
89200654,29074620,388389,Savings,2024-09-13,12519.45,Active
22157326,31827138,770487,Savings,2020-11-25,11174.32,Active
90707984,46802127,246316,Checking,2023-01-06,5282.43,Closed
56989712,90907857,246316,Savings,2023-03-31,5626.64,Active
57153554,97952978,246316,Checking,2021-07-24,4427.66,Active
21141520,99296467,216739,Savings,2021-05-14,4290.62,Active
19273745,77571285,388389,Savings,2021-06-22,2361.23,Active
57907222,34284760,126225,Checking,2024-07-12,3044.37,Active
73439255,85107929,216739,Checking,2025-05-19,4862.24,Active
51517465,90907871,216739,Savings,2023-04-14,3596.45,Active
76388378,13411552,216739,Savings,2022-07-13,2586.66,Active
25270299,64824544,334053,Savings,2024-07-16,24097.7,Active
96540699,18031842,191161,Savings,2021-07-17,7413.99,Active
65509402,15967458,809570,Checking,2022-09-18,3805.99,Active
58890270,95397096,719176,Savings,2022-11-06,13496.35,Active
64624669,88876266,809570,Savings,2022-11-16,3604.35,Active
75012122,56665326,191161,Savings,2022-05-04,3123.57,Active
59709474,18818288,877572,Savings,2024-05-30,2017.09,Active
11638822,52339954,388389,Savings,2021-11-10,4247.69,Active
41883690,52897013,126225,Savings,2022-08-11,9701.42,Active
58628139,89138429,126225,Savings,2024-09-07,8863.44,Active
66525228,98870526,334053,Checking,2023-06-30,7014.37,Active
58660908,30647550,334053,Savings,2025-09-07,6046.97,Active
81303598,16524543,388389,Savings,2021-09-23,3551.49,Active
48470063,20391169,877572,Checking,2025-02-14,21752.03,Active
24811571,80422146,809570,Savings,2022-10-03,47396.33,Active
61413427,42771715,388389,Checking,2023-03-23,4622.22,Active
72718389,56075524,877572,Savings,2023-04-28,5092.6,Active
85137464,12166405,388389,Savings,2024-12-09,949.75,Active
61970490,65414406,246316,Savings,2022-02-18,5130.01,Active
45422655,39560456,770487,Checking,2025-07-17,2581.62,Active
25958464,31073546,719176,Savings,2020-01-14,15248.87,Active
39917631,88581388,877572,Savings,2021-03-16,17033.94,Active
29169734,49882385,809570,Checking,2021-08-06,1599.57,Active
89069644,31171858,770487,Checking,2022-10-27,3282.98,Active
95819855,58696977,388389,Checking,2024-07-07,5826.76,Active
74913872,17802521,809570,Savings,2020-06-06,19082.94,Closed
71080020,53716254,719176,Savings,2022-11-02,14564.26,Active
37263444,58467615,246316,Savings,2022-09-15,15761.5,Active
69933144,37528864,246316,Savings,2025-02-28,4308.94,Active
70817881,41002277,809570,Savings,2025-12-16,16353.91,Active
95787097,90154282,877572,Checking,2023-04-29,1077.09,Active
43456605,63055148,770487,Savings,2021-07-21,8250.14,Active
28088415,90449200,809570,Checking,2020-01-11,5243.43,Active
95656032,83010869,246316,Savings,2021-06-15,21890.11,Active
69998690,91432247,126225,Savings,2023-06-24,2985.8,Active
76486755,83928378,876646,Savings,2025-03-04,10051.81,Active
70948966,55158076,388389,Savings,2021-09-04,32268.12,Active
59447401,10298696,877572,Savings,2025-10-03,4612.89,Active
59611242,51488074,876646,Savings,2021-10-25,7395.02,Active
38705261,81438028,671858,Checking,2020-06-28,4839.39,Active
63117423,39101773,770487,Checking,2025-03-01,2831.05,Active
96573553,59286860,216739,Savings,2021-12-26,3248.66,Active
60299379,14165325,877572,Savings,2024-03-18,7965.04,Active
39557237,91202896,770487,Savings,2020-07-26,3133.39,Active
37689461,24126805,126225,Savings,2022-01-15,5919.98,Active
70719605,57845082,671858,Savings,2023-12-27,2513.58,Active
80287868,31237474,809570,Checking,2024-10-29,12770.61,Active
78223485,66790757,719176,Checking,2020-08-19,9629.45,Active
62822526,43328870,126225,Savings,2021-11-15,1850.03,Active
26450049,96380268,246316,Savings,2025-02-20,3387.69,Active
55482501,63841648,334053,Savings,2022-05-18,2833.94,Active
80582796,21210481,877572,Savings,2020-01-10,4061.98,Active
99522701,77636982,719176,Checking,2021-06-19,10023.94,Active
81107087,29107575,877572,Savings,2022-02-28,2718.39,Active
43030672,74818938,334053,Savings,2022-07-02,2941.84,Active
52730001,69215610,770487,Checking,2025-03-02,3815.02,Active
40933521,41264519,334053,Checking,2023-02-15,7343.6,Active
14850195,87336330,356787,Savings,2024-04-03,799.16,Active
21731472,87860620,809570,Savings,2023-07-14,6997.18,Active
95197333,51422604,246316,Checking,2023-02-19,709.92,Active
14686359,18621840,191161,Savings,2023-07-23,4933.08,Active
85202936,67380624,809570,Savings,2022-06-09,2910.8,Active
55548057,48932241,809570,Checking,2023-07-15,1070.51,Active
17176730,75900307,334053,Savings,2020-12-26,11721.72,Active
46602402,80881042,216739,Savings,2024-08-09,3288.35,Active
40048805,86582679,126225,Savings,2020-06-14,1646.85,Active
93788326,41067928,872246,Checking,2024-06-05,6593.26,Active
61773993,48145817,334053,Checking,2020-04-09,12718.66,Active
37984434,57157019,216739,Checking,2025-06-02,1658.99,Active
71899316,58172834,388389,Savings,2020-03-12,12161.42,Active
98441401,84420003,126225,Savings,2024-03-12,1216.05,Active
91920569,18359717,216739,Savings,2023-12-05,789.77,Active
87267518,88417702,876646,Checking,2021-12-06,3706.52,Active
88512703,43296168,719176,Savings,2025-05-06,4636.0,Active
96606400,48375209,246316,Savings,2020-05-25,12554.0,Active
88971457,84551091,877572,Savings,2024-08-31,3214.12,Active
30382270,41592244,126225,Savings,2022-04-14,4792.37,Closed
13473993,91366836,809570,Savings,2021-01-17,2854.1,Active
90151113,92186036,877572,Savings,2025-12-20,34162.91,Active
12884172,26125751,671858,Savings,2024-10-17,3405.12,Closed
32151758,42476984,126225,Checking,2022-10-27,2936.97,Active
89462991,40445367,809570,Savings,2020-11-11,3786.3,Active
84252887,77571514,216739,Savings,2023-02-21,4016.65,Active
72390872,72590779,216739,Savings,2025-02-23,842.52,Active
14620889,62825914,216739,Checking,2020-04-01,2159.36,Active
86612190,38643142,809570,Savings,2025-08-27,1543.33,Active
70981857,92087751,216739,Checking,2021-11-28,2579.75,Closed
49158370,85042631,388389,Savings,2022-02-14,21574.39,Active
78911718,23537098,126225,Checking,2020-08-01,707.21,Active
59807975,13215183,876646,Checking,2022-05-05,1522.19,Active
75077864,27174355,246316,Savings,2020-02-16,8026.44,Active
45062376,33793492,877572,Savings,2021-06-21,2347.69,Active
96966890,87631318,770487,Checking,2023-04-07,11962.98,Active
37984488,70428122,356787,Savings,2022-10-12,14049.25,Active
93559014,93922781,207473,Checking,2022-07-27,946.87,Active
34740462,65709534,356787,Checking,2021-09-07,1514.6,Active
17570030,40314336,872246,Savings,2025-10-10,26641.4,Active
50338032,72164834,876646,Checking,2021-09-15,7534.51,Active
15505650,78652903,877572,Savings,2021-08-10,1406.77,Active
62789874,36152810,719176,Savings,2023-08-25,2210.37,Active
44177652,63940074,126225,Checking,2023-01-26,9456.62,Active
29661430,16721388,126225,Savings,2022-03-31,4607.11,Active
95983868,13280750,876646,Savings,2023-08-29,6160.94,Active
21993726,72885745,877572,Savings,2021-09-08,2897.8,Active
91363583,26682866,388389,Savings,2021-04-22,3311.52,Active
86219010,33105395,872246,Savings,2022-02-22,13343.02,Active
75438341,70460919,719176,Savings,2020-03-07,10267.5,Active
39950597,80160252,876646,Savings,2023-01-15,1292.41,Active
56662282,16066047,809570,Savings,2023-12-13,3289.45,Active
73931022,96478719,334053,Checking,2020-09-01,11316.32,Active
94509328,87893509,671858,Savings,2025-04-04,386.46,Active
86251793,71771659,246316,Savings,2024-12-19,681.1,Closed
46176531,29500942,207473,Savings,2024-11-21,23040.75,Active
82811158,16852499,334053,Checking,2020-01-02,4960.97,Active
61479193,13280789,246316,Savings,2022-08-30,4356.29,Closed
50469146,77702677,216739,Checking,2020-09-23,9694.0,Active
89987356,92579351,126225,Savings,2025-09-01,836.71,Active
14194973,83076631,334053,Savings,2023-07-01,5856.23,Active
86022430,39265818,334053,Savings,2024-02-28,12616.85,Closed
74488097,80651805,246316,Savings,2023-12-22,3402.21,Active
13277473,59254308,872246,Savings,2023-11-20,21750.54,Active
46274857,55846438,809570,Savings,2025-07-17,24133.54,Active
93559083,80815655,356787,Savings,2020-01-10,16733.41,Active
33102124,36349479,334053,Checking,2024-07-23,6848.02,Active
38115633,28747306,388389,Savings,2023-01-21,4525.48,Active
62200114,24487467,877572,Savings,2022-10-07,3274.19,Active
10197299,56141360,334053,Savings,2020-01-10,4703.07,Active
84646194,15443504,876646,Checking,2024-05-03,12459.87,Active
23075125,27862581,809570,Savings,2022-12-08,1511.53,Closed
87365941,12330551,388389,Savings,2021-11-04,6072.75,Active
39196983,10855998,872246,Checking,2022-09-22,9994.29,Active
46668084,97723966,809570,Savings,2022-10-18,2364.56,Active
41523514,83699264,207473,Savings,2020-11-18,4754.09,Active
76192059,83633726,334053,Checking,2021-09-28,10541.08,Closed
69212474,78980674,246316,Savings,2025-05-28,8045.91,Active
10197309,28943936,216739,Checking,2023-08-28,3223.31,Active
14129472,81339972,877572,Savings,2021-03-21,2152.19,Active
20420929,27305539,877572,Savings,2021-12-19,1768.38,Active
60922178,98543180,809570,Savings,2023-12-18,4705.1,Active
25893187,61154893,809570,Savings,2023-03-28,7511.63,Active
80419142,37693007,246316,Checking,2021-04-10,4647.68,Closed
88250699,58730067,671858,Savings,2022-10-05,2444.77,Active
93854031,86812248,356787,Savings,2025-04-26,8006.12,Active
45062480,55125593,246316,Savings,2024-03-05,4470.31,Active
90118482,50996827,809570,Checking,2025-11-11,2204.23,Active
91953493,87008862,334053,Checking,2021-06-17,1773.51,Active
37132629,54470247,334053,Savings,2025-07-12,3813.61,Active
73374043,96577129,877572,Savings,2024-09-03,3516.71,Active
15047004,32777840,719176,Savings,2025-10-19,3583.23,Active
45259102,60892785,876646,Checking,2022-07-23,20421.47,Active
64657758,65021554,334053,Savings,2021-04-22,7171.79,Active
81140066,77670003,388389,Savings,2024-02-17,6151.7,Active
10262883,85829234,356787,Savings,2022-12-24,3098.16,Active
87005538,37660273,207473,Checking,2025-08-06,7491.39,Active
71604584,52897398,388389,Savings,2025-09-04,3241.55,Active
54794603,69248631,872246,Savings,2020-12-07,27572.94,Active
91461995,85272184,770487,Savings,2020-10-07,19609.02,Active
62101869,82060922,388389,Savings,2024-11-18,1557.74,Active
94443886,86222461,334053,Checking,2025-10-24,2183.5,Active
20781419,45229697,719176,Checking,2023-09-12,21098.07,Active
43751787,55387787,770487,Checking,2022-05-21,4073.6,Active
87038322,21079693,671858,Savings,2023-08-29,7211.06,Active
80583028,44312208,877572,Savings,2023-10-31,3405.19,Active
61348214,47752850,334053,Savings,2020-07-29,411.89,Active
52369784,61122198,876646,Savings,2023-04-25,1743.9,Active
28973437,75605654,876646,Checking,2023-03-25,6745.63,Active
24648063,75507352,216739,Savings,2023-02-02,4792.79,Active
38803839,36054686,356787,Savings,2023-10-25,3798.52,Active
82909569,58533538,246316,Savings,2025-08-28,4821.15,Closed
49650049,13477539,356787,Savings,2020-01-20,1686.23,Active
75897219,78718631,356787,Checking,2023-10-09,1476.5,Closed
25401732,69609128,126225,Savings,2024-03-26,867.47,Active
93559171,40478377,388389,Savings,2023-11-09,5413.96,Active
78977411,38774443,719176,Checking,2020-03-09,12068.54,Active
54630791,28026540,216739,Checking,2021-12-10,11244.1,Active
34085250,31467181,246316,Checking,2025-01-06,13267.19,Closed
96016779,53913260,216739,Savings,2024-12-29,828.5,Active
30710155,71345840,246316,Savings,2022-01-14,3295.01,Active
45390221,71902897,216739,Savings,2022-12-29,7699.46,Active
50993550,78718643,809570,Savings,2021-12-12,5147.62,Active
70785421,81012403,216739,Savings,2022-10-10,3518.19,Active
90970512,15836858,216739,Checking,2021-12-28,10622.62,Active
45947279,51193532,126225,Savings,2025-02-12,26094.68,Active
78977427,41002695,126225,Checking,2023-06-25,1123.29,Active
12491156,97363655,876646,Checking,2023-04-10,19176.48,Active
42801557,92939975,809570,Checking,2022-07-15,3592.71,Active
12851606,86189770,809570,Checking,2022-06-09,5578.74,Active
68655511,87271115,216739,Savings,2025-12-14,4235.76,Active
19437976,43099853,809570,Checking,2020-07-20,1752.58,Active
71342489,82061007,671858,Savings,2021-09-27,5798.84,Active
25336218,64366290,877572,Checking,2021-08-20,7876.28,Active
47389079,81831636,388389,Checking,2024-01-07,2885.05,Active
11868577,90810071,877572,Savings,2025-08-17,753.12,Active
23763362,79701720,216739,Checking,2024-03-03,5705.72,Active
13244837,96806616,876646,Savings,2021-10-20,14642.88,Active
82778537,35137242,719176,Savings,2023-09-29,4549.84,Active
76093866,36316891,877572,Savings,2024-02-24,2993.16,Active
78125483,95954647,216739,Checking,2021-07-31,10552.26,Active
34445740,65513178,334053,Checking,2023-11-27,4056.43,Active
56203689,17901280,877572,Savings,2023-10-13,3495.24,Active
48142768,53880552,877572,Savings,2024-12-05,4260.52,Active
75110832,15902440,770487,Savings,2024-12-23,3494.32,Active
79141300,39921388,719176,Savings,2020-04-17,4461.08,Active
50338231,60335858,876646,Savings,2025-09-04,6668.96,Active
61643194,88942330,334053,Savings,2021-09-06,14446.15,Closed
91265470,28485370,334053,Savings,2025-02-09,700.83,Active
97098177,42772218,876646,Checking,2024-10-23,3254.71,Active
68327873,95594238,246316,Savings,2021-10-08,17266.89,Active
71276995,95069961,126225,Savings,2021-02-28,3507.47,Active
26122691,47720202,216739,Savings,2023-05-03,13574.34,Active
88578499,75736846,876646,Savings,2024-03-05,5936.99,Active
39262663,20981522,334053,Savings,2022-02-25,17420.67,Active
66001353,66299666,671858,Savings,2025-11-27,6499.66,Active
29366732,94218004,246316,Savings,2020-09-23,14448.62,Active
45128146,76621591,876646,Checking,2020-10-05,6644.79,Closed
72096216,76424984,216739,Savings,2021-02-15,13653.94,Closed
32315864,72689431,719176,Savings,2025-06-12,24160.39,Active
23370207,54273820,877572,Savings,2024-01-16,9252.9,Active
36608482,65742620,388389,Savings,2025-07-09,11762.52,Active
42211812,76392224,877572,Savings,2022-12-08,2894.85,Active
14293477,37496608,246316,Savings,2020-05-09,5009.73,Active
63314406,14559011,809570,Savings,2025-11-04,1561.7,Active
76880359,47654696,334053,Savings,2025-02-20,7918.91,Active
21600740,98084649,671858,Savings,2022-08-19,10558.72,Active
56728045,70821675,809570,Savings,2023-02-15,1796.07,Active
78682606,58631981,719176,Savings,2021-07-25,24424.33,Active
47520239,88909615,388389,Checking,2021-05-05,3547.5,Active
60168687,25438005,216739,Savings,2022-05-10,12082.86,Closed
45292020,71214909,207473,Savings,2021-06-01,3869.95,Active
11704822,22226750,809570,Savings,2023-04-08,4050.65,Active
37034486,86714178,334053,Checking,2020-04-23,416.11,Closed
95525368,46933833,719176,Savings,2025-09-06,5046.53,Active
65346040,98051920,246316,Savings,2025-02-24,1893.51,Active
89397755,44509009,246316,Checking,2024-03-02,10091.76,Active
59546108,79046488,809570,Savings,2022-09-13,2495.74,Active
84646397,46442330,877572,Checking,2020-11-01,2870.38,Active
77044223,57124706,126225,Savings,2023-05-26,4962.37,Active
88971775,65644387,876646,Savings,2025-01-29,11149.27,Active
41359875,57911145,356787,Savings,2020-06-24,5741.78,Active
71211523,68036462,356787,Checking,2023-06-30,3550.58,Active
33954309,45000560,356787,Savings,2020-12-14,8166.71,Active
20388359,89859954,388389,Savings,2023-03-29,6847.75,Active
44833288,41854837,388389,Savings,2025-11-07,3389.21,Active
79698443,65415031,207473,Savings,2021-09-08,662.21,Active
97196558,56895356,388389,Savings,2021-02-05,17033.05,Active
51780111,61679484,809570,Checking,2025-07-15,2917.65,Active
64100881,23439234,356787,Savings,2022-11-23,9828.02,Active
85498391,83666820,671858,Savings,2022-10-30,8151.18,Active
43457050,98674564,334053,Savings,2020-03-07,1502.31,Active
15407643,46704525,216739,Checking,2021-11-18,3112.48,Active
82975258,14133133,334053,Checking,2023-09-08,1146.8,Active
60955165,39528335,207473,Checking,2023-04-18,1392.65,Active
24255006,97757074,872246,Savings,2023-01-08,4110.87,Active
85924383,36054934,216739,Savings,2025-02-18,7620.35,Active
87988765,55289753,809570,Savings,2025-06-06,16848.11,Active
95885858,58730400,671858,Savings,2025-08-19,4652.82,Active
36805154,66955169,334053,Savings,2021-02-26,1726.91,Active
90741284,79079333,719176,Checking,2024-05-06,5297.48,Active
50305575,36382643,770487,Savings,2025-04-08,4761.75,Active
15899176,81176505,809570,Savings,2024-03-01,4647.85,Active
76061225,36284346,246316,Checking,2025-07-08,5947.16,Active
24582701,34056124,216739,Checking,2023-10-31,33134.02,Active
98834990,45164479,334053,Checking,2022-04-20,8367.51,Active
38214189,53356480,207473,Savings,2020-01-11,1313.44,Active
95885875,70264769,388389,Checking,2023-12-27,5500.01,Active
70588980,91203522,191161,Savings,2021-12-24,1231.33,Active
30939700,61482947,876646,Checking,2021-12-26,8013.67,Active
29989430,10954692,388389,Savings,2024-05-22,5094.79,Active
10426936,45950912,877572,Savings,2022-03-01,1600.94,Active
26122810,86419399,334053,Savings,2023-05-09,3887.51,Active
43620927,52013010,388389,Checking,2021-11-11,4670.53,Active
58366530,48834514,216739,Savings,2023-02-19,26342.13,Active
97262148,21768147,334053,Checking,2024-12-06,1206.98,Active
82221637,78981080,388389,Savings,2020-11-09,5629.88,Active
62921286,58566617,126225,Savings,2025-09-23,5919.55,Active
10852935,14657496,246316,Savings,2024-03-11,3775.79,Closed
77765190,88319964,126225,Savings,2023-11-05,3750.02,Active
84843081,67905500,877572,Checking,2020-08-24,2028.32,Active
69474886,40839134,809570,Savings,2022-04-01,7074.84,Active
80484939,67381214,246316,Checking,2025-10-07,3345.37,Active
58169932,92088288,334053,Savings,2020-03-21,2961.0,Active
16980556,88844260,877572,Savings,2020-03-15,10488.01,Active
86743630,13477862,207473,Checking,2020-12-06,9729.16,Active
94739020,28714992,207473,Checking,2024-07-26,14614.82,Active
52861515,34744306,876646,Savings,2023-06-23,3095.68,Active
21830221,57419763,216739,Savings,2021-12-18,22058.77,Active
35101260,27109366,207473,Savings,2020-03-09,2034.56,Closed
15604302,74459130,876646,Savings,2025-12-26,3093.92,Active
10525272,84649979,207473,Savings,2022-01-04,883.49,Active
35068505,60729345,126225,Savings,2024-01-19,1486.56,Active
18291290,67840003,207473,Savings,2021-01-31,15857.12,Active
89922138,39856133,719176,Savings,2023-09-21,2174.01,Active
25434718,56076297,877572,Savings,2020-02-29,7227.35,Active
84417119,72099851,246316,Savings,2021-02-11,1017.34,Active
27400801,97757204,246316,Savings,2021-12-19,4461.76,Active
55548514,55355413,126225,Checking,2022-05-30,349.85,Active
33364581,90187796,877572,Savings,2021-11-09,2425.35,Active
35527270,93235223,216739,Checking,2024-11-29,7896.88,Active
77044328,59942937,671858,Savings,2022-03-12,11144.24,Active
16259692,45361178,126225,Savings,2021-06-18,7851.31,Active
74586732,26355739,872246,Savings,2024-11-09,27763.55,Closed
66132595,14198813,126225,Checking,2022-08-29,3882.12,Active
14785140,28289061,876646,Savings,2020-02-18,6717.8,Active
45554295,78194726,246316,Savings,2025-02-26,5300.76,Active
54663800,33040424,671858,Savings,2021-06-05,13854.4,Active
35592828,98412586,719176,Savings,2022-03-10,7229.25,Active
15342208,39266348,246316,Checking,2022-09-02,5507.85,Active
51223173,86353968,877572,Savings,2023-02-04,25793.08,Active
18455178,60663857,334053,Savings,2025-06-20,2392.37,Active
51911307,60074035,126225,Savings,2022-11-24,9932.41,Active
70851213,48146483,877572,Savings,2023-12-23,5179.1,Active
82483854,69118005,877572,Checking,2021-01-30,1091.49,Active
96737935,26028086,334053,Savings,2023-02-03,4628.99,Active
34216590,50571322,809570,Savings,2025-09-01,10752.04,Active
59316885,30976064,877572,Savings,2020-04-25,4843.88,Active
37231256,99756097,388389,Checking,2022-09-08,1735.15,Active
85007001,35989570,872246,Savings,2020-12-20,5010.7,Active
82647704,16820288,719176,Checking,2022-04-17,664.98,Active
73636515,30812231,809570,Savings,2022-12-02,10551.18,Active
66165413,68790343,216739,Savings,2020-01-07,1635.7,Active
11311788,58337355,246316,Savings,2024-05-29,9549.3,Active
64494252,52439116,388389,Checking,2021-08-21,5924.54,Active
81533615,37627980,356787,Savings,2020-09-20,810.91,Active
22682293,45295703,246316,Savings,2020-11-27,3993.08,Active
43096758,41592929,207473,Savings,2025-01-18,3717.03,Active
71015095,70821990,216739,Savings,2025-05-04,2280.74,Active
59939511,25897063,246316,Savings,2022-08-21,9965.3,Closed
52107965,18688111,809570,Checking,2021-05-08,762.19,Active
26254014,88385651,872246,Savings,2020-08-19,1707.85,Active
28089025,57911413,246316,Savings,2023-01-20,4227.81,Active
87333569,51456118,388389,Savings,2020-07-21,24030.82,Active
14883525,43198583,216739,Savings,2022-01-30,13678.67,Active
96246474,51226745,216739,Savings,2021-03-10,3194.36,Closed
85564109,95430781,246316,Checking,2025-11-01,2655.93,Active
88480462,90810494,877572,Savings,2020-07-12,16687.11,Active
58956495,71903361,719176,Savings,2025-07-16,11426.27,Active
17963727,73246853,216739,Checking,2023-10-18,4220.07,Active
22846161,62269576,246316,Savings,2022-05-03,11269.1,Active
16358098,52930699,356787,Savings,2020-09-10,13527.05,Active
80878292,46475405,207473,Checking,2021-05-10,2993.99,Active
52533981,72951949,207473,Savings,2020-06-01,6569.45,Active
56761054,30058642,877572,Checking,2024-01-28,1043.06,Active
11639520,58992789,809570,Savings,2022-10-23,8049.71,Active
36084448,80849046,246316,Checking,2021-12-05,6092.94,Active
65280738,49588376,334053,Savings,2022-04-20,3505.16,Active
99850979,32811161,388389,Checking,2020-02-14,1883.68,Active
41491173,25471133,216739,Checking,2021-08-03,1829.08,Active
49879782,72296606,216739,Savings,2023-09-01,17584.58,Active
61184741,53356706,877572,Checking,2025-09-24,14400.73,Active
80222953,85698732,671858,Savings,2025-01-10,53062.73,Active
21863148,19278000,216739,Savings,2023-01-07,1689.72,Active
42736366,53487804,876646,Savings,2024-01-30,5935.26,Active
94968559,84027581,809570,Savings,2022-06-01,3103.17,Active
49093360,48998599,246316,Checking,2020-09-05,1666.85,Active
60431089,24848585,388389,Savings,2021-04-15,7188.79,Active
34970351,92285130,671858,Savings,2020-12-20,22569.7,Active
37296885,56568012,671858,Savings,2022-06-26,5718.96,Active
19897078,99428556,388389,Checking,2021-05-08,8850.57,Active
22682362,58730705,872246,Checking,2022-08-28,19919.5,Active
75209469,70002897,191161,Checking,2024-02-15,3501.65,Active
12720894,16853204,356787,Savings,2022-10-15,2554.36,Active
94509825,62400732,356787,Savings,2020-02-19,16764.52,Active
99621635,28780764,216739,Checking,2025-02-23,3366.91,Active
27958019,98773215,719176,Checking,2024-04-23,23028.84,Active
14064390,49883361,809570,Savings,2020-08-13,6661.61,Active
46570247,91498722,216739,Checking,2023-05-07,5978.25,Active
77372168,58927331,191161,Checking,2021-12-31,9208.4,Active
87464714,22259939,334053,Savings,2020-02-05,3059.34,Active
51878669,52570341,126225,Checking,2024-09-19,3494.46,Active
11868942,37955815,207473,Checking,2024-09-03,2177.14,Active
91298573,89794795,356787,Savings,2023-09-25,2172.68,Active
66329361,22391019,191161,Savings,2022-10-22,2203.24,Active
18782995,16197870,809570,Checking,2021-10-29,7395.86,Active
84286228,21670126,216739,Savings,2020-09-15,4672.74,Active
53713685,46704887,388389,Checking,2024-01-27,4956.07,Active
74881814,93006072,216739,Savings,2020-09-25,2152.99,Active
40901399,57518328,809570,Checking,2022-09-13,16799.88,Active
60562200,70789372,388389,Savings,2025-07-24,21144.91,Active
45095707,10955005,207473,Savings,2021-12-04,4480.19,Active
94313248,19409150,876646,Savings,2024-09-19,5238.95,Active
38083361,72984831,388389,Checking,2023-01-22,13812.67,Active
95492898,79276290,246316,Savings,2022-03-05,15934.0,Active
26188579,97364234,216739,Checking,2025-01-11,10433.62,Active
57285415,75901195,216739,Savings,2022-04-13,12275.73,Active
77437735,52373772,207473,Savings,2021-06-01,1972.05,Active
93821737,31369484,246316,Checking,2024-08-28,2583.12,Active
83204910,43919633,207473,Savings,2022-05-30,29727.72,Active
41098033,72427793,809570,Checking,2024-08-19,5209.49,Active
22649651,14264600,356787,Savings,2025-11-06,4931.48,Closed
32250681,19441945,876646,Checking,2021-08-06,17569.78,Active
92674873,32287003,876646,Savings,2020-06-20,2802.96,Active
39754560,82422044,246316,Savings,2022-01-19,7741.47,Active
88742725,37595424,671858,Savings,2024-10-17,28537.54,Closed
31923013,44837154,719176,Savings,2022-07-16,3043.96,Active
48307019,40806691,719176,Savings,2022-02-14,1443.36,Active
14785355,62794020,191161,Savings,2021-12-22,2123.16,Active
58825550,12167465,126225,Checking,2024-04-12,3385.87,Active
86547283,74230064,334053,Checking,2022-09-17,2502.43,Active
37133141,77834548,126225,Checking,2024-03-06,7102.32,Active
84712280,66562358,388389,Savings,2022-01-01,5189.93,Closed
91790169,19278140,216739,Savings,2021-10-08,25071.32,Active
32381788,68004158,876646,Savings,2022-06-24,4768.27,Active
37296988,35727682,872246,Savings,2022-04-15,6991.28,Active
85171040,68954438,872246,Savings,2021-02-27,5478.24,Active
42081122,94120268,334053,Checking,2023-09-06,9453.89,Active
41884515,39987533,719176,Savings,2025-12-23,2514.41,Active
12360551,86452557,216739,Checking,2020-03-10,3550.76,Active
83073896,83503442,191161,Savings,2021-09-26,16211.63,Active
54926188,38938963,191161,Savings,2022-09-07,9796.12,Active
39000942,53225813,246316,Savings,2021-10-20,12791.96,Closed
57252720,34744664,207473,Savings,2022-09-24,3682.04,Closed
74324848,33171812,126225,Savings,2021-04-15,19739.05,Active
97885047,86813030,876646,Savings,2022-02-04,3004.63,Active
39426938,91302246,809570,Savings,2022-11-03,3067.83,Active
20650875,68004202,388389,Savings,2022-08-18,4746.12,Active
36346748,49391979,246316,Savings,2023-08-13,17892.53,Active
82221951,37136756,246316,Savings,2025-11-15,2862.25,Active
85695361,75606391,388389,Savings,2025-10-18,1589.03,Active
94641030,37136761,770487,Savings,2025-04-12,16542.76,Closed
76749702,20097403,216739,Savings,2025-02-19,2734.72,Active
68656013,69118335,719176,Savings,2023-05-15,14219.88,Active
81337231,57223553,246316,Savings,2025-04-16,2740.2,Active
52894610,27797899,246316,Savings,2021-07-13,4205.58,Active
62987154,93989262,246316,Savings,2025-08-22,21975.75,Active
43195285,53979536,877572,Savings,2025-06-27,17192.77,Active
27663256,74623383,877572,Checking,2025-12-19,19624.94,Active
57187231,64498076,246316,Savings,2023-04-14,3478.37,Active
41524127,70068638,876646,Savings,2020-01-14,6849.13,Active
76225441,13085086,877572,Checking,2021-07-02,8026.85,Active
68295588,38414751,126225,Savings,2022-04-19,9596.17,Active
99589032,29338017,334053,Checking,2024-08-09,5342.72,Active
63544234,10594718,246316,Savings,2023-08-17,20109.85,Active
16587691,32287138,356787,Checking,2021-11-11,1732.99,Active
40508334,54405540,216739,Savings,2023-12-31,14300.48,Active
29596590,66202020,809570,Savings,2023-10-31,6302.33,Closed
76356530,30255526,207473,Savings,2025-02-27,73732.01,Active
71211957,13904296,876646,Checking,2022-05-01,4898.72,Active
53287862,29272495,246316,Checking,2025-09-02,1816.18,Closed
95624119,60172721,356787,Savings,2020-05-18,4389.98,Active
49585077,64530866,207473,Checking,2024-11-05,2049.18,Active
67378105,80095667,770487,Savings,2021-02-01,16377.7,Active
77372346,36383160,719176,Savings,2020-09-19,3746.96,Active
70622139,32680377,334053,Savings,2023-08-31,4569.21,Active
11344828,77310395,334053,Savings,2024-07-15,5122.0,Active
59153335,96086459,877572,Checking,2021-10-09,2390.57,Active
39459774,58829253,876646,Savings,2022-03-27,2683.46,Closed
95984575,62368199,809570,Checking,2022-04-13,1467.56,Active
48831423,92547528,872246,Checking,2023-07-18,796.56,Active
40934336,21703122,719176,Savings,2023-10-07,4472.38,Active
24714183,63777234,876646,Checking,2024-11-12,3167.05,Closed
66558922,42641876,334053,Checking,2025-06-15,2061.97,Active
60070858,43723221,216739,Checking,2024-09-08,7810.87,Active
96017360,96774617,216739,Savings,2024-06-13,11137.23,Active
93035472,62958045,388389,Checking,2025-06-04,7089.48,Active
58006483,42576351,809570,Savings,2022-05-13,5674.4,Active
18127827,99068383,876646,Savings,2021-11-17,25562.81,Closed
17865685,10889695,671858,Savings,2022-09-05,3500.73,Active
83074005,35170784,671858,Checking,2023-11-26,12818.08,Active
26549207,34122210,246316,Savings,2022-01-05,58645.1,Active
54893528,35269089,216739,Savings,2020-11-26,13237.63,Active
91528148,52079076,671858,Savings,2023-08-07,2206.04,Active
21011415,96119272,671858,Savings,2020-12-22,2285.7,Active
35396571,60172777,877572,Savings,2021-01-09,2014.27,Active
74030044,12921323,126225,Savings,2024-12-18,8349.99,Active
88513501,10660333,334053,Savings,2024-10-11,2324.96,Active
14261222,51915246,207473,Savings,2024-09-06,5782.47,Closed
10427367,76458477,191161,Savings,2024-05-31,954.05,Active
24583148,99068407,809570,Savings,2023-11-12,27152.75,Active
81566703,56535547,671858,Checking,2023-08-12,4058.97,Active
57383923,28912125,246316,Savings,2021-10-23,8642.31,Active
23174133,22686205,191161,Savings,2022-02-06,3253.23,Active
63871990,46213632,334053,Savings,2024-01-08,2375.92,Active
94739447,50244106,356787,Checking,2024-08-16,15395.93,Active
42703867,72722957,877572,Savings,2022-03-19,5059.59,Active
71277569,54372878,334053,Savings,2024-11-03,1945.24,Active
20782081,58272272,809570,Savings,2020-12-05,7683.76,Active
41196548,73837078,191161,Checking,2020-06-14,10498.16,Closed
99818502,36448791,356787,Checking,2020-03-16,4569.8,Closed
43260942,17115675,356787,Savings,2021-10-18,1492.72,Active
96279567,77310493,872246,Checking,2021-11-21,18600.55,Active
98835475,46246431,877572,Savings,2023-06-03,11731.46,Active
94673941,25045536,388389,Savings,2024-06-20,2484.47,Active
25107478,78555683,809570,Savings,2024-05-30,3646.01,Active
99392535,82455076,809570,Checking,2024-08-18,5040.53,Active
52206614,86551083,877572,Checking,2023-11-26,16255.25,Active
73538590,46508589,334053,Savings,2024-07-08,7602.19,Active
42343454,31173169,216739,Savings,2025-05-25,15497.25,Active
98114590,39299635,216739,Savings,2025-06-26,3734.01,Active
67279907,85502517,216739,Savings,2024-08-16,13383.27,Active
47684645,49621558,216739,Savings,2022-12-28,12798.82,Closed
65051685,18590267,191161,Checking,2021-01-24,8547.37,Active
98081834,20818494,126225,Savings,2020-07-28,1135.53,Active
86285359,70953552,770487,Checking,2020-01-25,9166.93,Active
20716593,76458577,334053,Savings,2023-07-22,6104.16,Active
26156081,72067664,877572,Savings,2023-03-27,67201.1,Active
40672305,91171410,207473,Checking,2022-02-16,8494.41,Closed
87170097,64662098,388389,Checking,2020-09-12,2679.11,Active
17013813,41331290,388389,Savings,2024-08-15,9813.0,Active
76684343,62368350,216739,Savings,2022-04-28,3116.69,Active
30088249,41462368,809570,Savings,2024-10-17,5054.9,Active
54303812,80783969,216739,Savings,2025-01-18,1300.62,Active
97721413,29534824,334053,Checking,2021-02-16,10357.56,Active
38280261,72002152,246316,Checking,2023-10-17,1461.65,Active
13245513,65546861,216739,Checking,2022-02-18,6718.98,Active
84253772,52439662,877572,Savings,2025-01-28,3629.07,Active
73374797,12331631,207473,Checking,2020-09-03,4338.54,Active
58072141,22293104,216739,Savings,2023-10-14,7748.58,Active
39984206,45066869,334053,Savings,2025-10-16,1635.48,Active
50437200,43002489,671858,Savings,2023-11-25,13720.86,Active
34675793,64236157,216739,Savings,2020-01-25,3604.78,Active
47193171,78064258,877572,Savings,2020-06-11,16232.91,Active
78552147,58763910,334053,Checking,2021-06-04,1891.55,Active
69180503,46312075,334053,Savings,2022-02-15,5782.68,Active
77405271,26946190,719176,Savings,2025-01-08,4746.37,Closed
91298909,50113166,207473,Checking,2023-08-25,14574.3,Active
85859424,48016025,877572,Savings,2025-11-25,17541.97,Active
15866979,49064606,719176,Checking,2020-05-24,14168.46,Closed
53943396,36907690,719176,Savings,2020-01-30,10899.22,Active
97655910,87763631,216739,Checking,2022-04-24,2754.07,Active
57613415,55126713,246316,Checking,2020-09-19,5278.19,Active
46013544,89074362,216739,Checking,2024-08-06,15705.89,Active
29826155,51653312,388389,Checking,2021-10-01,3075.22,Active
20782189,19638979,877572,Checking,2020-06-18,4563.84,Active
56892525,25766597,388389,Savings,2022-11-22,580.47,Active
44506224,65678029,334053,Savings,2023-07-08,1873.97,Active
78060658,91499215,356787,Savings,2023-12-12,3898.32,Active
72031348,18852560,216739,Checking,2023-12-20,5545.57,Active
85924981,91335378,388389,Checking,2022-03-19,7730.68,Active
29006965,58895058,334053,Checking,2025-02-22,728.06,Active
73997431,81373910,126225,Savings,2024-04-21,36921.79,Active
98835573,62237400,876646,Savings,2024-12-20,3998.17,Active
13966457,94284505,246316,Checking,2025-03-15,3883.82,Active
40901748,58305245,207473,Savings,2022-09-22,1959.79,Active
69540981,80456417,671858,Savings,2020-04-16,1387.23,Active
80485498,41790179,334053,Checking,2022-10-17,11858.05,Active
22223990,90057445,876646,Savings,2025-08-01,7606.06,Active
65608831,91073255,356787,Savings,2021-02-02,5544.25,Active
94346370,87665387,191161,Checking,2023-11-28,5759.16,Active
17636483,71772907,671858,Checking,2024-12-25,6548.3,Closed
78486658,61975277,334053,Savings,2020-05-10,7944.78,Active
95886468,92351218,809570,Savings,2023-09-07,2957.21,Active
55778442,65841913,388389,Checking,2022-03-08,8664.79,Active
62659723,28945147,126225,Checking,2020-07-19,4685.95,Active
38509708,28781308,334053,Savings,2025-10-20,1532.11,Active
41131150,12135165,334053,Checking,2021-04-02,7973.67,Active
33823887,72067839,356787,Savings,2024-11-25,1823.4,Active
54598799,54242051,334053,Savings,2021-10-14,1757.25,Active
48929935,47917834,356787,Checking,2023-08-25,11389.24,Active
95296662,79964939,334053,Savings,2020-04-15,2539.34,Active
78584986,67316498,334053,Savings,2020-11-07,1905.36,Active
89463963,68987671,334053,Savings,2025-11-16,2980.16,Active
33168540,59583256,207473,Savings,2021-12-10,2291.67,Active
30252188,73050907,216739,Checking,2025-11-07,42013.4,Active
69147802,49490719,216739,Savings,2024-09-25,5001.09,Closed
52272287,54307617,770487,Savings,2021-05-30,8911.68,Active
44833949,91138852,216739,Checking,2023-12-11,14435.48,Active
85695649,26749735,876646,Savings,2021-01-28,5978.38,Active
88349860,92580658,719176,Checking,2024-09-07,15493.61,Active
90741926,79309635,388389,Savings,2025-05-17,10294.46,Active
85204135,71740239,246316,Savings,2025-07-19,8399.19,Active
28810409,72821585,809570,Checking,2024-12-16,5803.51,Active
79535275,16231255,876646,Savings,2024-06-22,13282.83,Active
75799729,18426714,334053,Checking,2022-05-15,741.03,Active
59841715,87173986,246316,Checking,2024-11-11,4666.85,Active
23305397,84487014,216739,Savings,2022-10-22,4017.4,Active
54336694,45001576,719176,Savings,2023-01-29,5029.68,Closed
56630457,24193897,877572,Checking,2025-10-06,13846.18,Active
65707194,33926002,216739,Savings,2024-12-06,4499.61,Closed
84057275,59714418,809570,Savings,2023-04-21,2343.86,Active
39591101,97889152,216739,Checking,2025-05-23,633.08,Active
78027968,24882050,356787,Checking,2020-04-29,4458.7,Active
92282050,34515854,334053,Savings,2021-03-29,11963.64,Active
28482754,58436498,872246,Savings,2021-11-23,4515.87,Active
73145540,21277587,770487,Savings,2020-11-08,6073.79,Active
92642499,43002771,876646,Savings,2020-12-01,4642.16,Active
99982533,22162326,216739,Checking,2021-08-07,9042.0,Active
20913351,28158871,388389,Checking,2020-05-02,6614.24,Active
26057929,16198563,207473,Savings,2025-02-08,4818.0,Active
29465805,25766820,334053,Checking,2020-03-11,1331.4,Active
52829391,78424995,877572,Checking,2024-04-16,2377.92,Active
28581071,33401772,719176,Checking,2023-01-31,5621.95,Active
91135186,90024887,356787,Savings,2022-04-22,13964.88,Active
83303635,57813944,207473,Checking,2020-05-21,4910.34,Active
60300500,31927225,809570,Checking,2025-09-23,5727.83,Active
84253908,83012538,246316,Checking,2021-05-22,3260.23,Active
15310038,77540284,216739,Savings,2025-06-26,5073.91,Active
88120534,64498623,809570,Checking,2020-06-18,6494.43,Active
16817369,27536319,671858,Checking,2022-04-18,9647.32,Closed
30743769,19737536,216739,Savings,2023-05-31,1092.04,Active
22584537,20261827,216739,Savings,2020-12-30,2116.35,Active
53648604,96021452,809570,Checking,2020-04-20,5472.12,Active
71933148,17148877,671858,Savings,2025-04-06,8993.9,Active
37952739,40545229,207473,Savings,2022-02-01,1857.51,Active
92577001,69381074,246316,Savings,2022-04-10,1051.62,Active
34118892,22522836,126225,Savings,2022-06-17,12634.3,Active
29727981,85568469,809570,Checking,2021-01-16,5026.82,Active
20552942,79178713,388389,Checking,2025-01-30,5089.2,Active
90578161,48573409,388389,Savings,2023-09-26,4303.21,Active
56827127,25013221,809570,Savings,2021-01-17,1230.71,Active
64003319,55520240,334053,Savings,2020-11-02,12103.51,Active
53714169,76033009,872246,Savings,2020-10-16,14836.39,Active
84974841,70822899,877572,Savings,2024-11-12,9686.73,Active
83238143,23342070,388389,Checking,2023-05-22,1607.65,Active
74685696,90483705,877572,Checking,2024-10-20,3163.79,Active
17276163,44641275,877572,Checking,2023-02-28,826.57,Active
19242243,60042235,872246,Checking,2024-04-22,10796.67,Active
29170948,39398396,334053,Checking,2021-12-04,24955.72,Active
83598596,13478911,388389,Savings,2025-02-13,2381.49,Active
87629064,18951175,207473,Checking,2020-02-07,19006.08,Active
21404943,88353801,877572,Checking,2022-02-27,6271.65,Closed
20815121,28781578,334053,Savings,2021-12-23,2803.91,Active
11345171,92777487,334053,Checking,2025-10-02,1443.7,Active
51092755,19966994,876646,Savings,2024-04-17,1760.39,Active
38280471,24357909,191161,Checking,2025-08-22,4053.43,Active
51322135,43592725,207473,Savings,2020-01-19,3830.05,Active
36478233,25242647,334053,Savings,2022-08-19,1531.54,Active
39427354,21965848,356787,Savings,2024-07-23,14594.86,Active
73702683,38054937,809570,Checking,2024-03-30,15270.93,Active
75865373,85765148,216739,Checking,2020-03-30,1482.91,Active
30612766,73706533,809570,Savings,2022-04-14,8431.58,Active
94182687,54406189,334053,Checking,2020-07-29,8631.44,Active
17800480,43330607,876646,Savings,2022-07-16,17459.35,Active
54074654,71445558,719176,Savings,2023-01-21,1067.74,Active
63872285,54209592,872246,Savings,2022-08-22,2764.37,Closed
46046502,19803194,876646,Savings,2020-07-24,1547.66,Active
34938155,87698494,876646,Savings,2023-08-31,4801.15,Active
78093611,24718403,877572,Checking,2021-11-05,3861.02,Active
67476781,84061255,216739,Savings,2025-10-22,2379.77,Active
30416174,31861832,719176,Savings,2022-06-11,115062.95,Active
43293999,10169422,388389,Savings,2022-06-23,1827.98,Active
68853038,51981391,356787,Savings,2022-12-17,2893.61,Active
36379955,80915538,216739,Savings,2020-09-10,13166.14,Active
50961718,88747091,216739,Savings,2022-02-20,4436.84,Closed
23108919,65776732,388389,Savings,2020-08-21,4751.16,Active
48110909,88648797,877572,Checking,2022-02-28,7239.04,Active
95690045,55618660,809570,Savings,2025-11-26,15176.29,Active
18357567,28879978,126225,Checking,2022-03-05,7564.99,Active
85990720,57420908,216739,Savings,2021-03-16,1717.19,Active
27860289,93760622,719176,Savings,2023-10-28,2987.4,Active
56696130,14167151,334053,Checking,2023-09-11,9828.12,Active
37592385,26520687,809570,Savings,2024-02-08,3178.93,Active
15736134,40873075,334053,Checking,2022-09-06,8699.42,Active
34774343,35138679,207473,Savings,2020-09-30,7990.63,Active
87170380,62336123,334053,Savings,2023-06-05,1921.29,Closed
95362380,98217088,126225,Savings,2020-10-08,6635.38,Active
88382801,88681607,216739,Savings,2020-05-19,3618.15,Active
88677715,95366281,207473,Savings,2021-05-09,1336.84,Active
33856855,46705807,216739,Checking,2023-10-01,2174.57,Active
43883863,42577041,246316,Savings,2024-07-27,4979.04,Active
42179932,42282131,876646,Savings,2023-07-13,3070.92,Active
23895390,62631060,872246,Checking,2023-08-29,7107.39,Active
64068961,81177751,388389,Savings,2022-01-03,2838.32,Active
49585509,25635996,809570,Savings,2020-07-25,31009.84,Active
20651368,23014556,216739,Checking,2025-02-01,2921.24,Active
26811753,26193055,356787,Checking,2023-02-26,11324.86,Active
14622056,61090978,876646,Checking,2020-09-15,3181.78,Closed
77929835,78556323,207473,Savings,2020-03-28,9238.93,Active
36128522,24554667,877572,Savings,2023-09-26,3174.59,Active
21273966,17116333,388389,Savings,2020-04-18,56892.32,Active
11443571,66792623,877572,Checking,2024-03-26,2150.22,Active
99622267,42446006,770487,Checking,2025-01-25,3989.09,Active
85007742,96054454,246316,Savings,2021-05-12,9560.72,Active
99949951,64072891,872246,Savings,2022-12-07,1941.17,Active
23305600,75639999,809570,Savings,2023-10-19,12012.63,Active
72850820,33369281,719176,Savings,2025-12-18,50245.31,Active
25632135,61025475,246316,Savings,2025-01-26,2020.53,Active
93724040,37694661,388389,Savings,2020-04-22,5824.67,Active
32480649,12201166,356787,Savings,2025-09-10,5766.08,Active
55680391,34712783,770487,Checking,2024-02-15,1636.38,Closed
56008072,97660116,671858,Savings,2025-03-05,2162.08,Active
17931655,93826262,126225,Savings,2022-06-22,598.51,Active
41557391,23866583,216739,Savings,2025-09-12,4354.48,Active
97131924,56405210,334053,Savings,2021-09-07,5905.65,Active
73211287,95562972,770487,Savings,2020-01-29,6351.22,Closed
62102936,23899361,809570,Checking,2021-01-02,9868.35,Active
74161561,15281383,126225,Checking,2024-07-29,13806.15,Active
57744794,60206313,126225,Savings,2021-04-19,4614.45,Active
92151195,35040493,246316,Checking,2021-04-14,3860.24,Active
60267929,14626030,191161,Savings,2022-07-04,8657.64,Active
81763739,53849327,388389,Checking,2024-11-16,31509.96,Closed
22224289,48901361,388389,Savings,2020-11-22,1194.65,Active
76979618,12659953,809570,Savings,2025-01-07,1507.71,Active
28351907,17607930,388389,Savings,2023-12-19,1808.8,Active
97263013,94088444,877572,Checking,2022-07-17,1685.0,Active
76815785,58830077,388389,Savings,2022-08-20,908.84,Active
88874411,58928382,356787,Savings,2024-04-22,4256.87,Active
75636143,65744126,872246,Checking,2021-08-17,1122.84,Active
19013046,63253760,216739,Savings,2024-06-23,8372.89,Active
89726391,53914897,334053,Checking,2023-08-05,15861.12,Active
36019640,29338898,872246,Savings,2022-11-04,1921.37,Active
96640444,31665427,216739,Checking,2025-08-20,3578.57,Active
94084542,97692956,877572,Savings,2025-08-24,5211.36,Active
13475271,63450403,877572,Checking,2023-11-09,16335.31,Active
19996104,48639267,876646,Savings,2024-04-17,4172.07,Active
68066760,70331684,877572,Checking,2020-06-07,2586.03,Active
48078283,83242279,770487,Savings,2020-02-17,9746.42,Active
95722957,10431784,334053,Savings,2022-11-30,2243.67,Active
93920717,84815145,719176,Savings,2023-08-02,2706.09,Active
97590735,18525488,809570,Savings,2020-05-16,7556.74,Active
20323792,10399025,388389,Savings,2024-02-17,6885.32,Active
13999571,82423090,246316,Checking,2021-01-21,2087.9,Active
71572948,94448949,126225,Checking,2025-10-10,7174.0,Active
55844309,25767228,126225,Savings,2025-08-18,1984.93,Active
87989718,76524861,719176,Savings,2022-03-24,2143.23,Active
94346710,45198664,872246,Checking,2021-05-27,2356.65,Active
79633880,83897673,356787,Checking,2020-04-18,4283.95,Active
20061655,61222220,126225,Savings,2020-12-13,6198.92,Closed
47848920,86191440,809570,Savings,2025-04-17,3451.56,Active
17374681,41135441,877572,Savings,2020-10-25,9945.94,Active
83762654,72691030,809570,Checking,2025-05-31,5881.25,Active
81862114,78425434,246316,Savings,2021-12-22,5777.2,Active
96869861,57290089,388389,Checking,2024-03-04,7480.73,Active
24452582,54209899,388389,Savings,2022-10-19,13653.78,Active
30809575,19803499,671858,Savings,2025-09-13,7743.32,Active
78618095,57027948,671858,Checking,2023-08-08,14340.61,Active
27008496,23833969,872246,Savings,2025-01-28,10086.72,Active
35167733,77213047,334053,Savings,2020-05-01,4590.69,Active
81993205,43265405,246316,Savings,2023-03-15,3604.58,Closed
55025143,85503366,877572,Savings,2021-07-01,14612.77,Active
59153916,56274315,877572,Checking,2023-11-11,9173.25,Active
89234941,74165645,877572,Savings,2020-08-11,2976.98,Active
31268350,49950093,388389,Savings,2022-03-07,2516.57,Active
70983168,76885393,388389,Savings,2024-06-17,4737.61,Active
85368322,14888339,356787,Savings,2023-05-31,11917.86,Closed
23240195,60501401,216739,Savings,2023-07-06,1917.41,Active
63413763,67546525,126225,Savings,2024-11-14,2577.33,Active
54402565,54209953,719176,Savings,2024-07-06,4087.3,Active
42180102,67448226,334053,Savings,2025-06-25,6807.6,Active
98934278,28749227,388389,Savings,2022-08-03,512.55,Active
47357443,93367727,388389,Savings,2023-10-18,2672.9,Active
56106504,51326387,719176,Savings,2020-12-03,3108.49,Active
95723019,19639744,388389,Checking,2025-10-17,2242.63,Active
30973451,26586567,216739,Checking,2025-08-08,6961.55,Active
25927183,58305998,216739,Checking,2022-11-24,1498.75,Active
98803216,53882319,719176,Savings,2022-11-04,5994.88,Active
70098447,90516945,872246,Checking,2022-08-06,1147.4,Active
49061399,10792403,334053,Savings,2020-01-13,3038.4,Closed
46833176,19803608,126225,Savings,2023-06-17,1937.74,Active
10624536,75148761,246316,Savings,2025-05-07,3203.87,Active
43064858,36908507,872246,Savings,2024-02-04,5098.12,Active
26385947,80522721,356787,Savings,2022-07-01,6152.5,Active
85138972,93171169,719176,Savings,2022-12-14,3399.24,Active
63381021,17706466,246316,Checking,2022-11-18,7152.89,Active
18161181,83930599,671858,Savings,2025-05-21,11459.01,Active
22093343,67284455,388389,Savings,2025-10-13,1288.38,Active
57777697,72986089,334053,Savings,2020-12-07,5001.16,Active
87039524,75902440,809570,Savings,2023-11-18,1514.75,Active
27270695,33172968,356787,Savings,2022-12-27,6235.18,Active
15769130,44183020,207473,Savings,2021-05-27,687.05,Active
92511786,20065776,216739,Savings,2024-01-12,1352.89,Active
90807852,74198514,719176,Checking,2021-11-05,5462.4,Active
79109677,34352638,388389,Savings,2025-07-28,3940.28,Active
56073776,59059716,877572,Savings,2021-02-16,14023.42,Active
60464693,13020677,191161,Checking,2020-01-04,12547.5,Active
66788918,38022663,877572,Savings,2024-11-02,7199.54,Closed
35823159,98676236,877572,Savings,2020-11-26,9487.91,Active
87825976,51195409,876646,Savings,2020-02-25,1041.43,Active
92249659,52407825,126225,Savings,2021-08-26,6985.49,Active
42245691,38612511,809570,Savings,2020-09-25,2163.37,Active
96017981,87207455,246316,Checking,2023-06-29,10673.49,Active
85401150,49819178,876646,Savings,2025-02-08,2444.44,Active
11607616,77901354,809570,Savings,2023-01-24,9813.59,Active
40312385,43527724,809570,Checking,2025-06-02,9290.1,Active
95395394,38350393,719176,Checking,2020-04-08,5364.64,Active
98803269,70168124,388389,Savings,2023-05-20,1852.74,Active
60530246,88026694,872246,Savings,2020-01-11,1753.0,Active
22847047,40971850,356787,Checking,2024-05-18,14420.31,Active
69475914,39071308,191161,Checking,2021-02-20,11091.89,Active
35888722,37367373,809570,Savings,2021-02-05,2079.88,Active
13704787,74657363,770487,Savings,2020-10-31,1604.8,Active
55418453,36286037,334053,Savings,2025-08-26,2551.01,Active
78749270,72003157,388389,Savings,2022-04-20,30895.52,Active
59350616,57814619,216739,Checking,2020-08-27,12950.11,Closed
17538649,29011547,216739,Savings,2022-01-20,7933.64,Active
39689818,76656221,246316,Savings,2021-03-21,2907.8,Active
85630553,47918686,334053,Savings,2025-05-06,17404.86,Active
96149085,98905694,877572,Savings,2022-02-16,5693.45,Active
79208032,89796198,719176,Savings,2021-09-29,1020.44,Active
99327588,88845927,809570,Savings,2021-05-21,667.21,Active
81436260,11906662,876646,Checking,2024-11-08,19227.18,Active
62496358,51031655,334053,Checking,2024-01-29,2110.57,Active
30842471,51162730,356787,Savings,2023-02-20,1057.39,Closed
29990503,66236011,356787,Checking,2020-06-15,18466.43,Active
39493225,92515948,334053,Savings,2022-07-20,19711.73,Active
95198826,89173618,334053,Savings,2021-08-05,7218.54,Active
94871146,10792562,334053,Checking,2021-12-30,633.47,Active
62758510,71249525,207473,Savings,2021-03-09,1769.04,Active
83369582,96480891,388389,Savings,2022-12-28,3032.72,Active
56335986,39857789,877572,Savings,2020-08-11,20588.22,Active
67804791,58338942,809570,Checking,2024-05-10,7861.9,Active
88219260,13414017,388389,Savings,2022-02-01,2110.77,Active
82747009,78884484,388389,Savings,2024-03-05,11168.34,Active
98770562,14429834,356787,Savings,2020-04-16,3493.64,Active
69901954,71249547,809570,Savings,2024-02-04,1388.56,Active
86908551,95694478,334053,Savings,2024-07-04,7523.65,Active
63774344,78622351,207473,Savings,2023-07-06,17724.8,Closed
29957772,88223377,356787,Savings,2024-06-07,2206.97,Active
14982804,86650519,388389,Savings,2021-02-11,2654.63,Active
23895700,44936859,334053,Checking,2024-08-21,2353.26,Active
87236247,94776987,334053,Savings,2023-06-05,3022.54,Active
90611355,42675873,872246,Savings,2022-08-26,4655.13,Active
67247771,40578723,809570,Savings,2021-12-23,4762.58,Active
66625181,10563235,872246,Savings,2022-04-07,5157.41,Active
75275936,26095270,246316,Savings,2021-11-14,2231.69,Active
52436641,23735978,719176,Checking,2021-04-13,11397.96,Active
49028771,40939182,216739,Checking,2020-09-04,614.35,Active
87989923,95760051,334053,Savings,2025-02-17,1957.88,Active
67280548,48737977,334053,Checking,2024-04-23,2327.21,Active
53288621,83013306,216739,Checking,2023-03-27,2309.42,Active
84713134,29470394,246316,Checking,2023-07-21,4502.22,Active
19046063,74362557,191161,Checking,2021-08-19,6369.45,Active
49159857,21671617,876646,Savings,2020-10-08,2984.25,Closed
79044275,20098755,126225,Savings,2021-11-21,2595.91,Active
11673273,33730245,809570,Checking,2021-10-22,1878.35,Active
13377210,21343943,388389,Savings,2023-01-15,13590.65,Closed
23404218,84913865,809570,Savings,2023-03-12,3769.88,Active
54042299,21671626,719176,Savings,2022-10-17,1690.43,Active
46669497,41856715,872246,Checking,2022-02-09,4000.39,Active
99655356,89272018,246316,Savings,2020-03-12,2154.63,Active
87334591,66662106,216739,Savings,2025-08-14,3680.56,Active
54959809,17608415,334053,Savings,2024-01-21,11972.91,Closed
91365059,55127778,719176,Savings,2025-02-21,18887.71,Active
12820168,59584228,388389,Savings,2025-06-14,5335.73,Active
75275977,89009893,356787,Checking,2021-01-26,2839.34,Active
73506512,48344807,356787,Checking,2023-01-01,5100.87,Active
80256723,58732264,719176,Checking,2024-12-05,6360.95,Closed
44113625,19377895,388389,Savings,2022-11-12,4201.05,Active
33300187,17444588,809570,Savings,2023-03-04,8738.03,Active
80158427,11742959,877572,Checking,2023-05-13,9550.53,Active
29269725,30256883,334053,Checking,2022-09-03,780.41,Active
92479197,91795187,334053,Checking,2021-09-11,9118.38,Active
36413154,12103413,246316,Savings,2023-12-20,12970.97,Active
75538147,75738870,246316,Savings,2022-06-19,15546.29,Active
48307942,51785474,877572,Checking,2021-04-15,5266.07,Closed
20291302,69611267,388389,Savings,2022-11-08,37476.98,Active
68984551,73903876,809570,Savings,2024-08-15,3387.34,Active
46800617,37007108,216739,Checking,2022-07-26,1171.62,Active
93101806,76132106,356787,Checking,2024-03-04,1294.31,Active
71933679,32878349,809570,Savings,2021-09-22,5296.8,Active
53386990,41398029,388389,Savings,2024-04-15,9413.96,Active
85008117,68726543,877572,Checking,2024-02-02,2784.76,Active
87858940,89534224,671858,Savings,2020-12-27,30990.74,Active
23273212,90877722,876646,Checking,2025-08-20,1720.35,Active
70098686,90844955,216739,Checking,2024-06-25,208.08,Active
52961023,99430174,719176,Checking,2023-04-02,30925.26,Active
48897792,39137054,126225,Savings,2020-05-13,1555.58,Active
95166204,88092454,770487,Savings,2020-11-05,2154.85,Active
13442814,31829800,877572,Savings,2022-05-12,8673.75,Closed
29695746,47263528,671858,Savings,2025-04-02,3963.51,Active
79666951,30388009,872246,Savings,2024-01-09,4274.06,Active
27795207,81276715,872246,Savings,2020-12-22,3661.77,Active
61644555,40251189,246316,Savings,2020-07-09,2280.64,Active
12853004,77770551,246316,Savings,2023-06-09,10212.42,Active
61120267,51064636,388389,Savings,2023-09-04,3216.92,Closed
59121423,18329407,126225,Savings,2024-07-18,11860.15,Active
92708627,97464128,719176,Savings,2024-08-06,5230.86,Closed
59416342,30420799,246316,Checking,2022-02-28,2015.37,Active
63945179,54669122,388389,Savings,2021-08-24,2994.26,Active
39001880,59617089,126225,Savings,2025-12-02,5063.45,Active
48701216,21311304,356787,Savings,2022-06-06,2623.05,Active
18587425,59912011,809570,Savings,2022-01-28,7402.54,Closed
27598626,34910031,356787,Savings,2021-11-28,6616.01,Active
43589412,63942479,719176,Savings,2023-08-27,1384.01,Active
48340773,22163283,356787,Checking,2024-11-10,8191.37,Active
77242150,10596181,334053,Savings,2024-08-12,9358.91,Active
45555495,55848792,334053,Checking,2020-05-24,3486.97,Active
93134632,73314136,872246,Checking,2023-06-16,1913.68,Active
42606373,94809946,216739,Savings,2025-07-27,6672.97,Active
90677034,67022682,356787,Savings,2024-07-19,3103.54,Active
41426731,81866592,334053,Savings,2021-06-23,983.5,Active
71966500,47165289,719176,Checking,2024-01-17,4016.3,Active
76750637,13545322,388389,Savings,2020-08-30,8133.96,Active
90513198,38055787,876646,Savings,2024-05-10,2437.34,Active
37789487,78786418,388389,Checking,2022-07-15,1249.62,Active
75243312,91991922,809570,Savings,2025-07-13,3623.87,Active
44310321,70692728,216739,Savings,2025-04-15,5425.86,Active
71245618,27373433,877572,Savings,2020-01-27,9051.48,Closed
21307189,71479177,191161,Savings,2023-04-23,16524.66,Active
72130359,31076233,770487,Savings,2023-05-05,2249.44,Active
29400890,14069642,388389,Savings,2020-02-24,3901.62,Active
43360060,46804875,126225,Savings,2020-09-18,4990.98,Active
96968508,69939084,388389,Savings,2025-01-01,3891.73,Active
66002753,70332302,246316,Checking,2022-12-06,1062.05,Active
25730883,22982543,207473,Savings,2024-02-27,4140.55,Active
50700101,78589838,770487,Savings,2025-09-05,21447.68,Active
21208904,20230032,334053,Savings,2021-07-15,2444.7,Closed
81796939,87011219,207473,Checking,2024-06-11,3654.71,Active
62857040,97103763,216739,Savings,2021-05-13,68039.02,Active
30875475,88682392,191161,Savings,2024-06-22,9660.71,Active
91987797,79114137,809570,Checking,2024-10-12,2618.38,Active
31006550,51752856,719176,Checking,2025-05-16,1766.4,Active
54304598,18100125,246316,Savings,2022-12-12,2849.02,Active
64757591,58929055,246316,Savings,2025-03-17,1051.2,Active
46047061,15282079,216739,Checking,2021-09-20,2905.07,Active
28155739,94777249,872246,Savings,2025-12-11,13153.27,Active
72720220,50180002,877572,Savings,2022-08-11,9775.15,Active
66133851,88092576,246316,Checking,2020-04-16,3191.74,Active
73801569,46575524,809570,Savings,2023-10-05,8149.77,Active
95788898,39464877,388389,Savings,2025-09-23,8394.88,Active
16031589,29929390,876646,Savings,2021-06-12,7845.91,Active
48766825,75345837,334053,Checking,2022-09-25,6624.82,Active
61415291,76951469,877572,Savings,2020-03-19,2383.84,Active
29761403,47689650,877572,Checking,2025-03-05,8062.14,Closed
52240254,97300409,334053,Savings,2025-07-20,3190.03,Active
18718590,45002685,126225,Savings,2023-01-24,4363.9,Active
61087617,96415678,671858,Savings,2022-10-25,9420.34,Active
84713348,65875906,216739,Savings,2021-09-21,15822.93,Active
75767685,62402501,388389,Savings,2025-04-19,3150.31,Active
99852169,57061319,877572,Savings,2022-04-19,6414.54,Active
77995915,20393927,809570,Savings,2022-02-21,3271.24,Active
65609613,73084877,246316,Savings,2022-11-29,834.96,Active
74358670,52834261,719176,Savings,2020-06-25,15636.25,Active
74948493,92876762,809570,Savings,2022-08-31,7357.89,Active
98049937,80359390,809570,Savings,2022-08-27,2181.69,Closed
66947648,79441887,216739,Savings,2025-07-29,6897.43,Closed
45064084,99069920,356787,Savings,2022-04-13,12399.49,Active
95756179,74526697,191161,Savings,2025-09-12,2563.35,Active
23142293,57978862,216739,Savings,2024-03-21,5049.45,Closed
73899930,78163958,216739,Savings,2021-05-05,6007.95,Active
51257244,22458358,671858,Savings,2024-08-24,1724.94,Active
58630046,14430199,872246,Savings,2022-05-11,2894.14,Active
94805919,43495416,388389,Checking,2023-12-04,5974.63,Active
13770658,52146167,809570,Checking,2025-08-19,5663.63,Active
50012072,57946109,809570,Savings,2024-04-07,5152.44,Active
13541289,75476994,719176,Savings,2024-10-05,14725.15,Active
40050601,73117699,388389,Checking,2020-04-27,14238.71,Active
74882993,15511560,877572,Checking,2021-11-04,6597.17,Active
62660529,20623370,876646,Savings,2025-10-31,2092.72,Active
50765749,77705230,216739,Checking,2021-01-10,8546.71,Active
52961211,10170384,207473,Savings,2021-02-10,1827.2,Active
99622848,46247955,334053,Savings,2021-05-04,2234.8,Active
28221377,45527060,216739,Savings,2023-08-20,3080.95,Active
15146947,68497427,719176,Savings,2022-04-12,2651.43,Closed
13148100,89665561,334053,Savings,2020-09-15,6845.05,Closed
37494724,63844378,191161,Savings,2020-03-11,7684.23,Active
85696454,87142428,719176,Checking,2023-05-23,1698.15,Active
13082569,66793504,877572,Checking,2023-01-23,8185.34,Active
78553033,72658976,126225,Savings,2024-02-22,4960.46,Active
54927309,53751845,877572,Savings,2023-05-07,1198.32,Active
91103186,88387626,872246,Savings,2022-01-02,36439.1,Active
55648211,16396334,388389,Savings,2023-04-28,4228.33,Active
54435796,23900206,719176,Checking,2021-08-09,3117.51,Active
73211863,48410672,877572,Savings,2022-06-21,2582.8,Active
41263063,87568436,334053,Savings,2023-12-12,2453.75,Active
48406487,20492341,356787,Checking,2023-10-11,6227.29,Active
66166745,80031796,207473,Checking,2020-12-28,2120.33,Active
72458202,61386814,216739,Savings,2022-07-27,4368.4,Active
23994332,73117761,216739,Checking,2025-11-09,1812.35,Active
82091997,43626562,356787,Checking,2021-04-12,14778.57,Active
58236901,60862538,872246,Savings,2022-04-19,5757.53,Active
91463656,43495499,877572,Savings,2025-11-13,2612.08,Active
96641001,14856271,334053,Savings,2024-12-24,684.36,Active
44376042,30453841,388389,Checking,2024-10-07,1866.04,Active
38576106,68628561,671858,Savings,2020-09-11,2172.93,Active
31727596,32845907,809570,Savings,2025-12-26,2835.74,Closed
61448173,66728023,809570,Savings,2022-11-04,19607.25,Active
34152430,90157144,126225,Savings,2021-07-07,6402.99,Active
91332591,79507545,877572,Checking,2023-07-21,4303.6,Active
34447345,67612764,334053,Savings,2021-08-22,6951.81,Active
12662692,75346013,388389,Checking,2020-11-11,11925.1,Active
98672631,13152349,388389,Savings,2022-02-10,9229.51,Active
48537596,79212638,388389,Checking,2021-05-01,10500.42,Active
77897726,70004839,876646,Savings,2025-09-24,4809.54,Active
30973952,61845608,877572,Savings,2020-01-11,9646.51,Active
22716418,45690986,876646,Checking,2021-03-25,406.4,Active
40411139,19476587,207473,Savings,2021-04-06,11018.27,Active
33398788,15446125,207473,Savings,2022-08-18,4110.86,Active
14655493,56832109,809570,Checking,2021-12-20,2754.2,Active
82190341,40480885,216739,Savings,2020-04-29,7006.02,Active
34119687,49066107,809570,Checking,2023-12-09,8492.13,Active
63283208,32551039,388389,Savings,2022-03-13,46666.0,Active
91791370,39661697,388389,Checking,2023-12-07,6018.82,Active
61775882,58536068,246316,Savings,2024-11-26,3335.17,Active
86974476,65843346,877572,Checking,2023-07-26,4785.95,Active
26058765,45592724,877572,Savings,2023-08-11,8137.44,Active
76881934,97398934,388389,Savings,2022-06-27,579.94,Active
65085450,35205271,246316,Checking,2024-12-28,6470.97,Active
75866125,88256664,216739,Savings,2024-08-28,11158.96,Closed
70295562,24326307,246316,Savings,2023-03-30,4047.37,Active
58957836,91107497,877572,Savings,2024-06-15,4166.79,Active
27369493,72757426,671858,Checking,2025-07-30,1391.04,Active
20619290,80621748,671858,Savings,2025-03-04,2407.61,Active
82911259,99397815,334053,Savings,2021-03-07,2592.93,Active
58794012,59420855,216739,Checking,2025-06-01,7431.66,Active
98803740,74100922,388389,Savings,2023-10-16,9678.07,Active
91660317,53555409,216739,Checking,2022-11-10,17675.88,Active
37593123,83407060,246316,Savings,2021-07-15,6891.86,Active
44310566,82751701,356787,Savings,2025-10-14,1057.14,Active
88252454,95989974,246316,Savings,2022-10-29,16319.94,Active
45391912,69120217,356787,Savings,2024-09-10,1769.93,Active
78618665,96579801,334053,Checking,2023-06-06,4927.77,Active
52338730,81440997,877572,Savings,2025-09-06,2395.92,Active
18063407,63746280,126225,Savings,2024-03-30,4223.54,Active
73900081,47984879,334053,Savings,2023-03-10,8976.3,Active
19013688,55718128,246316,Savings,2023-06-11,6279.3,Active
56664121,54964468,216739,Savings,2022-03-13,2404.1,Active
27467836,60600566,877572,Savings,2023-08-06,9132.33,Active
61448256,47919353,191161,Checking,2023-06-21,26454.8,Active
16883776,35598586,809570,Savings,2020-06-19,5286.19,Active
74096708,98152697,191161,Checking,2022-05-29,2858.52,Active
15605829,85045497,191161,Checking,2022-09-07,10991.84,Active
31072329,66367745,207473,Savings,2022-10-03,2102.64,Active
44867659,22425857,246316,Savings,2021-02-19,4755.29,Active
77209676,33304838,719176,Savings,2023-03-24,3244.18,Active
14164048,71119118,671858,Checking,2024-05-09,22417.16,Active
56008784,40087822,388389,Checking,2021-09-26,5170.96,Active
99131477,30781711,334053,Checking,2021-07-18,2961.52,Active
70918229,69054737,719176,Checking,2025-04-24,3274.92,Active
65708123,33763606,334053,Savings,2024-01-27,523.89,Active
34250844,86978840,334053,Savings,2025-10-21,3733.29,Active
65970270,97005856,388389,Checking,2022-11-22,6506.31,Active
17506399,29077793,876646,Savings,2025-05-20,3676.57,Active
45064286,71971106,356787,Savings,2023-01-12,1989.43,Active
19341412,11317537,809570,Savings,2021-04-24,9481.11,Active
69050468,26849576,872246,Savings,2020-01-14,4972.12,Active
23404645,92188970,246316,Savings,2020-07-28,29378.06,Active
11837545,70463786,356787,Savings,2020-01-22,2720.34,Active
97525869,64303404,876646,Savings,2021-09-09,4940.12,Active
75604079,44183851,207473,Savings,2023-04-20,4097.13,Closed
39329906,64532784,809570,Savings,2025-09-05,3169.07,Active
34087030,61452592,356787,Checking,2020-09-20,10346.78,Active
64135292,60961074,877572,Checking,2022-03-18,4979.95,Active
88383612,74756410,671858,Savings,2022-06-04,5772.39,Active
70131841,77410619,191161,Savings,2022-03-09,5272.44,Active
22749316,70824254,388389,Savings,2021-06-25,10856.71,Active
22814853,75379008,216739,Checking,2020-06-04,20504.33,Active
26189956,95400258,207473,Savings,2020-08-12,2514.12,Active
43491463,73969992,809570,Savings,2025-07-12,4492.64,Active
20160648,24785227,671858,Savings,2023-10-23,7427.33,Active
53682313,72167758,809570,Savings,2021-02-13,7052.32,Active
70525062,98480466,877572,Checking,2020-06-09,10976.89,Active
57647238,16953684,191161,Savings,2020-09-27,3044.2,Active
74719372,89567575,246316,Savings,2021-12-31,4366.35,Active
58695821,69054810,356787,Savings,2024-04-15,11292.72,Active
63381646,15511899,388389,Savings,2024-09-14,3144.42,Closed
59449491,60535131,246316,Savings,2021-09-06,5749.47,Active
70819987,26816863,719176,Savings,2023-02-18,2284.2,Active
82059413,99594597,719176,Savings,2022-10-24,33610.22,Active
83763349,66990439,246316,Savings,2021-11-14,5748.88,Active
35233943,70660458,719176,Checking,2024-04-28,15909.25,Active
44540056,94974316,334053,Savings,2025-02-16,5189.57,Active
99295379,39399789,877572,Savings,2022-07-29,8689.96,Active
34414740,35664238,207473,Checking,2021-05-25,6627.62,Closed
12263579,21574000,216739,Savings,2020-10-11,11608.07,Active
27533468,77050233,246316,Savings,2024-08-24,10551.44,Active
18555036,54440318,216739,Checking,2020-04-21,3811.0,Active
41066648,92615050,246316,Savings,2025-11-20,3830.4,Active
14426279,36516237,126225,Checking,2023-06-27,10539.9,Active
58204331,76231055,877572,Checking,2025-07-26,26838.68,Active
52928684,45134226,809570,Savings,2020-06-22,3504.3,Closed
88187053,45429139,216739,Savings,2024-03-09,2905.15,Closed
24977585,50508178,876646,Savings,2023-05-24,1730.18,Active
71049395,75018642,356787,Savings,2023-11-30,8354.39,Active
63807671,69972380,809570,Savings,2024-02-09,5550.64,Active
52076728,42086812,126225,Savings,2023-03-12,5180.45,Active
74358969,83603879,388389,Savings,2022-04-17,6678.16,Active
40935609,74527143,388389,Checking,2021-10-31,7106.42,Active
50929849,22720935,872246,Savings,2021-05-27,5644.43,Active
78356669,63025581,388389,Savings,2020-10-16,8113.7,Active
84058308,27472303,334053,Savings,2022-12-24,9679.4,Active
87826631,77869489,216739,Checking,2024-05-24,9561.93,Active
91955403,22426037,809570,Savings,2020-08-19,5216.88,Active
21504205,34320824,216739,Savings,2024-07-07,5733.62,Closed
50471120,14004669,877572,Savings,2021-06-21,2344.74,Active
36380882,19968446,246316,Savings,2024-10-05,2842.62,Active
44900562,66138561,334053,Savings,2023-07-04,12915.74,Active
39428308,40710598,876646,Savings,2021-02-04,2480.83,Active
16752852,18690503,809570,Savings,2022-03-29,1758.61,Active
40018132,45494726,334053,Savings,2021-07-27,8954.16,Active
37462231,63877586,246316,Checking,2023-07-18,8453.49,Active
61415639,22458835,770487,Savings,2020-03-09,5826.78,Active
19964119,63091156,809570,Checking,2024-11-24,10118.74,Active
17277146,60338642,671858,Savings,2024-02-23,1068.3,Closed
46866651,38777310,876646,Checking,2023-03-28,7262.92,Active
94445788,14692831,719176,Savings,2022-02-27,3825.5,Active
40411348,60961250,876646,Savings,2024-01-22,3695.97,Active
49848537,47460837,809570,Savings,2021-01-24,11407.85,Active
23535839,27931112,216739,Checking,2022-04-21,12981.18,Active
39919845,30159337,719176,Savings,2021-10-07,2692.72,Active
28614886,72954347,388389,Checking,2020-02-02,10642.16,Active
84320493,54079983,872246,Checking,2025-05-31,16196.39,Active
25403636,24850932,388389,Checking,2024-07-02,4903.93,Active
87335158,82522621,877572,Checking,2024-12-05,5450.78,Active
15737082,81703422,126225,Savings,2025-02-18,7056.0,Active
94183676,78787071,334053,Checking,2020-12-15,2322.32,Active
24322302,34189826,719176,Checking,2020-07-07,1932.25,Active
50012416,15839746,246316,Savings,2021-10-12,50081.06,Active
70787329,81080837,872246,Checking,2022-06-03,4328.78,Active
89891077,63386119,207473,Checking,2020-10-27,1064.73,Closed
17015048,74953226,246316,Checking,2024-05-17,7165.82,Active
38641930,80785943,246316,Savings,2023-01-31,9012.13,Active
65478923,82129432,770487,Savings,2024-07-15,910.47,Active
11739404,65647128,334053,Checking,2023-12-21,3324.71,Active
52207890,97759770,216739,Checking,2020-01-03,10483.04,Active
83304723,79999514,216739,Savings,2020-11-01,8845.86,Active
91889939,11448855,216739,Savings,2022-09-17,4000.54,Active
75374870,27767325,246316,Checking,2022-11-13,2102.6,Active
36086038,47100439,246316,Savings,2022-06-23,13921.49,Active
29401369,29602335,876646,Checking,2020-01-25,1742.15,Active
26550554,62894626,809570,Savings,2021-12-28,31047.33,Active
92643616,97366566,126225,Savings,2024-07-26,8646.37,Active
90349859,67023400,388389,Savings,2022-07-16,2342.4,Active
69771555,39367209,246316,Checking,2022-09-04,3893.65,Active
30318884,52474410,719176,Checking,2023-11-10,3218.31,Active
78651686,66892333,388389,Savings,2020-09-23,5625.1,Active
10592551,54997564,809570,Checking,2020-09-17,4686.81,Active
77078825,27210301,877572,Savings,2020-02-14,10293.23,Active
53715243,51655233,356787,Savings,2023-10-17,4953.92,Active
28909872,22229571,872246,Checking,2025-11-25,4467.16,Active
38150448,19477065,246316,Savings,2020-12-29,3880.12,Closed
35791156,50180682,216739,Checking,2024-05-05,10792.42,Active
84943158,84062798,388389,Savings,2025-06-10,14510.19,Active
80421175,99955279,126225,Checking,2020-03-17,1812.25,Active
82714939,20853327,207473,Savings,2021-05-03,11788.43,Active
15376700,76690005,216739,Savings,2024-09-17,17079.96,Active
36643133,76591702,877572,Savings,2021-04-10,2992.01,Active
97100093,19346008,126225,Savings,2024-01-05,4257.49,Active
60432703,32879207,334053,Savings,2020-03-09,4077.33,Active
95822144,44216939,809570,Savings,2024-01-24,8016.69,Active
92971324,38384236,809570,Savings,2021-08-15,2975.94,Active
26190146,31535727,719176,Savings,2025-06-03,14064.43,Active
63152451,78885487,356787,Checking,2025-12-14,606.95,Active
53059914,73446008,770487,Checking,2020-07-06,4580.03,Active
49979722,66761343,876646,Savings,2023-08-20,4030.53,Active
58728782,31765120,719176,Savings,2024-12-02,2945.65,Active
76849489,82588295,877572,Checking,2021-06-01,7695.9,Active
52633942,15282825,719176,Checking,2022-01-17,5263.78,Active
61808983,98448010,334053,Savings,2023-09-05,6201.0,Active
69771607,54047373,876646,Savings,2021-12-17,7266.84,Active
83698011,33305229,388389,Checking,2020-11-14,26272.19,Active
59318619,35730063,877572,Checking,2021-08-08,38922.29,Active
67346784,75575956,216739,Savings,2023-11-17,2204.15,Active
78127460,14955162,334053,Savings,2022-06-14,1791.55,Active
56795492,47067805,216739,Savings,2024-01-10,3749.3,Active
65347941,56144542,216739,Checking,2021-12-21,2321.57,Active
41623915,70529707,191161,Savings,2024-10-17,7296.72,Active
73474412,75051695,334053,Savings,2025-06-28,4493.69,Active
74916204,37499569,876646,Savings,2022-04-04,9536.63,Active
50176369,98808499,671858,Checking,2024-08-27,4587.48,Active
86483314,41726644,191161,Savings,2020-05-16,8616.51,Active
59285876,43463349,876646,Savings,2022-12-07,10194.91,Active
30974325,16134838,356787,Savings,2024-01-05,2455.5,Active
80421237,98972344,388389,Checking,2020-01-15,959.87,Active
23142777,19215034,334053,Checking,2023-05-12,4465.5,Active
57942394,61387450,388389,Checking,2022-08-28,3285.87,Active
69116284,63648445,246316,Savings,2024-12-01,6699.67,Active
58663294,86225604,246316,Savings,2025-08-11,7349.56,Closed
68166019,10433223,334053,Savings,2023-06-29,2975.05,Active
43491715,29504200,216739,Savings,2020-10-26,8886.17,Active
13640069,37106379,246316,Savings,2020-02-15,8785.31,Active
99197318,87405259,809570,Checking,2025-10-31,1838.34,Active
38412678,39105235,876646,Savings,2022-06-29,1838.35,Active
12722568,73249492,246316,Savings,2025-02-09,8216.83,Active
99525002,24163029,126225,Savings,2022-07-17,2406.0,Active
58827147,13185748,126225,Savings,2022-01-28,18296.44,Active
69869968,68170457,671858,Savings,2024-03-07,3834.59,Active
19603857,52343514,334053,Savings,2021-06-17,10663.87,Active
60858769,32158429,126225,Savings,2020-01-06,2712.3,Active
86581651,34681567,719176,Savings,2023-02-10,2904.8,Active
89989525,72725216,809570,Savings,2023-04-04,1283.47,Active
75342229,43823840,877572,Checking,2022-02-25,3389.32,Active
23241110,35828453,388389,Checking,2023-08-15,2439.53,Active
43032985,13611753,388389,Checking,2025-02-01,1304.07,Active
18391449,64041715,719176,Checking,2025-03-13,4601.25,Active
99885465,15414009,356787,Savings,2024-11-15,16968.44,Active
78487964,85635834,216739,Savings,2021-12-20,2572.06,Active
41558428,50606845,216739,Savings,2022-04-03,4012.73,Active
53649822,46215937,770487,Checking,2020-01-04,21461.75,Active
72950174,99431177,809570,Savings,2020-11-28,7079.17,Active
52470177,94515978,334053,Checking,2024-07-29,3329.82,Active
65642914,83800844,719176,Savings,2024-06-04,1639.1,Active
56336804,72495884,876646,Savings,2023-04-26,3162.69,Active
23896489,88879891,809570,Checking,2025-07-04,2269.9,Active
62628267,66925332,216739,Savings,2021-04-16,2570.71,Active
33726895,23507733,877572,Savings,2021-02-06,3516.21,Active
13935025,42840854,876646,Checking,2023-09-15,2963.22,Active
79241651,60175130,876646,Savings,2021-04-28,1079.46,Closed
50012596,22328094,809570,Savings,2025-09-14,4489.16,Active
23110070,78197535,246316,Savings,2020-05-29,3027.63,Active
12394936,35795744,356787,Savings,2025-03-13,2954.93,Closed
93757881,52933409,809570,Savings,2024-09-19,4980.18,Active
96903608,97891106,334053,Checking,2024-08-31,2998.64,Active
48538041,38023971,246316,Savings,2025-07-11,6180.41,Active
47587772,16528164,216739,Savings,2024-11-17,4598.69,Active
16228797,30651179,334053,Savings,2023-06-07,4254.92,Active
97329601,47788847,719176,Savings,2024-12-24,3727.24,Active
44310978,13939506,671858,Savings,2021-07-27,2174.36,Active
44179908,62731058,207473,Savings,2022-06-26,7766.34,Active
51257796,98120500,719176,Savings,2024-07-28,10939.8,Active
51618247,15315767,126225,Checking,2021-02-22,2822.28,Active
68821449,71414583,388389,Savings,2024-02-18,6936.21,Active
45457865,95236926,246316,Savings,2025-05-23,2633.48,Active
29303247,32650047,388389,Checking,2025-09-05,1530.63,Active
69444048,10367806,216739,Checking,2025-03-14,2173.83,Active
93168085,44282692,126225,Savings,2022-03-17,1723.78,Active
95789525,67777350,719176,Savings,2020-02-11,16785.98,Active
47423960,65745736,334053,Savings,2022-04-24,3296.95,Active
94085593,33895240,872246,Savings,2021-07-29,4541.71,Active
63545818,30356298,216739,Savings,2020-11-09,9942.15,Active
13967836,37008204,388389,Savings,2025-07-30,1961.74,Active
59056607,79934297,216739,Checking,2020-05-20,2428.19,Active
47522271,80556892,207473,Checking,2021-03-18,2498.56,Active
25371105,93959005,126225,Savings,2024-10-15,2034.19,Active
90120675,64140124,388389,Savings,2022-09-20,6342.42,Active
21504486,48640863,246316,Savings,2022-01-27,19298.14,Active
55058925,15119205,334053,Savings,2020-01-20,11944.29,Active
60105198,97530727,126225,Savings,2021-11-22,1098.9,Closed
54567406,27079528,334053,Savings,2025-03-02,7809.38,Active
64987632,56996713,334053,Checking,2025-12-14,16080.81,Active
60039663,41497452,872246,Checking,2021-08-31,2251.07,Active
97755635,32846702,809570,Savings,2023-07-20,1437.2,Active
97493492,27112303,809570,Savings,2025-05-15,11802.42,Closed
98410995,18920307,876646,Savings,2024-02-28,4689.17,Active
64168439,17511289,770487,Savings,2025-08-09,6579.79,Active
23667193,73544573,388389,Checking,2023-08-13,5049.97,Active
25534970,58602368,877572,Savings,2022-06-24,9039.69,Active
57811450,57652099,388389,Savings,2022-06-22,6798.12,Active
46768638,75740036,719176,Savings,2021-11-17,4877.93,Active
71115263,50246536,216739,Savings,2021-06-29,7565.69,Active
68755967,90583948,246316,Savings,2025-07-04,9482.04,Active
30450177,83309452,191161,Checking,2023-12-23,6142.22,Active
16884226,80262031,388389,Savings,2022-08-08,2871.64,Active
11411971,15512465,334053,Checking,2020-09-19,5489.38,Active
55124482,49820562,388389,Savings,2020-09-05,7069.54,Active
34808328,84358037,809570,Savings,2023-05-28,5847.52,Active
90087946,98448278,671858,Savings,2022-04-01,9065.75,Active
61252112,76657561,334053,Savings,2022-07-30,8880.69,Active
95724054,39039901,388389,Savings,2020-11-15,5891.34,Active
88580630,80819102,246316,Savings,2023-01-12,3738.5,Active
37757470,79213478,334053,Savings,2024-08-15,7057.2,Closed
36512289,29766571,246316,Savings,2025-09-23,928.18,Active
32514597,75445168,809570,Checking,2021-01-31,19226.48,Active
86024751,17642419,356787,Savings,2021-07-16,32443.73,Closed
11051570,40809400,770487,Checking,2022-10-11,5997.3,Active
44311090,65680314,246316,Checking,2021-11-22,4838.62,Active
94577206,98481085,770487,Savings,2023-01-23,6296.39,Active
16589366,99529662,877572,Savings,2025-01-14,11215.42,Active
15802936,42775495,334053,Checking,2021-03-26,16557.96,Active
32743998,70300616,876646,Savings,2020-08-19,11417.49,Active
78062142,25670605,719176,Checking,2020-12-07,20500.53,Closed
99656256,83473357,334053,Savings,2021-01-20,10119.95,Active
79831617,77050835,334053,Savings,2024-02-04,33992.45,Active
84386373,70169561,877572,Savings,2024-12-20,9812.45,Active
46506567,99333082,334053,Checking,2021-04-15,4250.97,Active
95593031,82883547,809570,Savings,2021-01-15,1057.82,Active
98443849,16364509,126225,Checking,2023-02-23,4591.58,Active
18981450,99660766,216739,Savings,2020-03-14,5826.53,Active
75080263,43922400,877572,Savings,2023-05-29,8651.35,Active
92873290,34157538,719176,Savings,2020-12-15,3912.11,Active
91693646,34583524,719176,Savings,2024-10-19,4931.07,Active
68821582,65254373,671858,Savings,2022-08-04,876.75,Active
45490770,98415591,876646,Checking,2025-08-03,16903.54,Active
63218259,28029931,388389,Checking,2025-02-01,16404.7,Active
10297943,55161836,207473,Savings,2023-06-01,10347.66,Active
17769049,56013806,719176,Checking,2024-05-30,7677.94,Active
72426074,37073908,877572,Savings,2023-07-25,6889.94,Active
95920732,52016122,876646,Checking,2022-04-25,5306.69,Active
17343069,59388927,872246,Savings,2023-06-21,19676.08,Active
75014761,84882431,334053,Savings,2022-11-17,3183.59,Active
91005547,66925573,388389,Savings,2022-02-03,1132.28,Active
43754093,43791371,809570,Checking,2025-05-23,6940.55,Active
70427249,75543564,809570,Savings,2020-01-29,12508.66,Active
56402546,90518543,388389,Savings,2024-04-13,5355.25,Active
52896371,63681551,719176,Checking,2025-07-12,15367.51,Active
78619252,49427487,877572,Savings,2021-10-04,23703.5,Active
14787188,77476898,872246,Savings,2021-08-16,6742.99,Active
10035826,87897123,126225,Savings,2024-02-22,30895.18,Active
42082935,36549669,719176,Savings,2023-02-25,750.44,Active
83239538,69415979,356787,Savings,2023-09-14,2272.46,Active
47686267,19084333,877572,Savings,2023-07-08,12327.82,Active
23503483,11744307,388389,Checking,2021-11-29,9623.85,Active
53191297,12235835,246316,Savings,2022-04-12,3049.77,Active
49685122,29799484,356787,Savings,2022-03-01,4600.97,Active
75408006,27735111,207473,Savings,2023-01-14,39423.72,Active
19276427,66270290,877572,Savings,2020-03-08,16768.23,Active
82518668,49951830,770487,Savings,2021-08-30,677.2,Active
76817037,59028567,877572,Checking,2021-10-30,3705.02,Closed
93332110,68203606,671858,Savings,2024-11-18,4797.58,Closed
51257996,60830809,191161,Checking,2020-01-23,11892.91,Active
78291602,45003862,216739,Savings,2021-03-03,8136.77,Active
18555544,88683611,126225,Savings,2022-08-26,14389.09,Active
23601817,72725605,809570,Savings,2020-11-02,6945.65,Active
71541402,81572966,388389,Savings,2024-05-21,6418.98,Active
16917147,48608369,719176,Savings,2022-10-11,9150.61,Active
60596899,25801842,876646,Checking,2022-09-17,3118.9,Active
21471908,22262898,872246,Checking,2025-04-11,7633.04,Closed
78520997,36418676,246316,Checking,2023-07-18,23127.07,Active
56631974,18330742,388389,Checking,2025-06-26,909.52,Active
81273514,39793788,207473,Savings,2021-10-06,7506.68,Active
79405740,27636865,770487,Savings,2023-06-13,667.58,Active
22913709,77673602,216739,Savings,2021-09-17,10144.46,Active
23044782,53752963,191161,Savings,2023-04-17,5975.26,Active
37855920,14398598,809570,Savings,2025-02-19,11629.64,Active
68723377,55587975,356787,Savings,2020-06-14,2471.56,Closed
70623929,66630797,388389,Checking,2020-03-22,3357.72,Active
35070652,96482450,216739,Savings,2023-02-02,13025.39,Active
25699005,72561816,334053,Savings,2024-07-29,15441.17,Active
63316671,10368153,246316,Savings,2024-06-18,1972.38,Active
18817730,45233307,334053,Checking,2025-09-07,3401.1,Active
48407235,92026012,216739,Checking,2025-09-04,2053.88,Active
26976965,84096160,876646,Savings,2021-03-19,11555.03,Active
97690310,28456097,872246,Checking,2023-03-02,7306.19,Closed
22815432,24130724,388389,Savings,2025-02-11,9173.92,Active
38478539,61879460,809570,Savings,2024-04-11,5252.25,Active
12821198,39793830,334053,Checking,2025-05-15,728.76,Active
38249166,46445736,809570,Savings,2025-11-03,2572.71,Active
84615889,65221804,356787,Checking,2022-06-13,4297.66,Active
38216401,79934637,356787,Checking,2022-09-11,1621.42,Active
48472787,20296889,719176,Savings,2022-03-28,744.77,Active
22913748,36451514,388389,Savings,2025-03-23,12293.33,Closed
31892181,61748416,207473,Checking,2022-09-28,2428.59,Active
89203413,15480001,876646,Checking,2021-01-17,8183.92,Active
82551511,20231363,356787,Checking,2020-01-28,17510.53,Active
92676824,91469018,246316,Savings,2025-12-25,3096.71,Active
38150876,93730015,207473,Savings,2024-05-19,4762.46,Active
94085852,12006626,719176,Savings,2022-03-19,9259.38,Active
80913119,82982115,334053,Savings,2020-08-08,3840.11,Active
36250336,91698404,770487,Savings,2025-12-26,6003.83,Active
55419618,89699557,719176,Savings,2020-12-09,10516.48,Active
80945891,29013227,876646,Savings,2020-12-31,1024.6,Active
94708451,91862254,877572,Savings,2023-10-11,24542.1,Active
20357861,71939315,246316,Savings,2020-09-26,7110.33,Active
12165862,86422772,876646,Checking,2020-12-31,6441.85,Active
53879526,51623157,809570,Checking,2023-01-23,5960.7,Closed
44180200,29373689,809570,Checking,2025-10-27,24306.12,Active
78684907,54277370,876646,Checking,2024-12-15,1633.95,Active
23798509,11252986,207473,Savings,2021-04-24,8555.42,Active
53158639,76264701,876646,Savings,2022-04-12,16125.94,Active
37528304,81081599,809570,Savings,2025-07-19,15701.44,Closed
10822385,68269312,246316,Savings,2024-02-12,11369.95,Active
41427698,71611654,809570,Checking,2023-04-11,3609.08,Active
93659891,19739926,388389,Savings,2020-05-25,9478.35,Active
21504753,39138583,877572,Checking,2022-06-04,11377.99,Active
18031349,66696472,809570,Checking,2020-01-26,6297.58,Active
38937334,93861148,216739,Savings,2024-04-15,3061.4,Active
94446325,21116191,388389,Savings,2024-10-22,4744.71,Active
63447798,91108640,216739,Checking,2024-06-22,5149.55,Active
61547258,43627810,388389,Savings,2020-05-08,2575.71,Active
75670268,69809445,876646,Savings,2023-04-30,10018.76,Active
34513663,50902313,388389,Savings,2025-07-17,6130.78,Active
17113856,77346090,388389,Savings,2025-07-08,24202.66,Active
66855679,95073580,356787,Checking,2023-10-06,2368.95,Active
21078785,77280561,809570,Savings,2021-01-30,5872.89,Active
47457027,18265396,719176,Checking,2023-06-11,16897.35,Active
94282500,42939705,877572,Checking,2020-01-28,2925.4,Active
65053446,96318779,877572,Checking,2024-05-03,1537.11,Active
41755400,40613187,876646,Checking,2022-12-15,8286.29,Active
58368776,19281224,876646,Savings,2020-06-26,1004.7,Active
29926155,12793163,671858,Savings,2022-07-08,8955.58,Active
49488658,94025036,719176,Savings,2021-03-19,843.58,Closed
61514515,56833358,770487,Checking,2020-12-06,6527.5,Active
60203797,44217681,216739,Checking,2024-01-06,15148.26,Active
69313302,33928533,216739,Savings,2022-01-20,4940.09,Closed
71082776,78624085,809570,Savings,2021-01-06,6204.93,Active
82846490,45659479,877572,Savings,2022-05-08,4021.06,Active
57713436,32716122,719176,Savings,2022-04-06,20171.49,Active
49652510,16430431,246316,Savings,2022-07-25,3050.4,Closed
28943138,59061599,216739,Checking,2022-01-30,22638.25,Active
48177955,78099812,770487,Savings,2021-12-31,8021.27,Active
84419362,36746598,356787,Savings,2024-09-03,8513.96,Active
32416546,29734247,388389,Savings,2022-11-25,14597.92,Active
47325990,73053550,877572,Savings,2021-09-15,2770.95,Active
51880742,48838001,877572,Savings,2020-06-25,7867.29,Active
77407019,75216242,877572,Savings,2023-08-14,2274.22,Active
84779822,53654901,216739,Savings,2022-01-13,26506.82,Active
45359919,49329526,719176,Savings,2022-10-09,6023.94,Active
59253550,79574394,877572,Savings,2021-10-08,9775.53,Active
92349233,78493051,388389,Checking,2024-06-15,40410.09,Active
35693363,47035772,191161,Checking,2024-08-07,15211.04,Active
89203510,67188096,246316,Savings,2021-12-16,5393.21,Active
75277111,82032003,770487,Savings,2021-11-03,55856.01,Active
23110457,65320330,216739,Checking,2022-09-16,2174.29,Active
79242042,33994123,334053,Savings,2024-01-19,3738.39,Active
86451003,49526156,719176,Savings,2025-08-30,6925.19,Active
18424637,24425868,216739,Checking,2020-03-27,3015.53,Closed
70361926,28358026,216739,Savings,2025-06-30,6790.04,Active
78521168,46544280,246316,Savings,2024-05-24,2658.59,Active
98018133,79508892,246316,Checking,2020-01-04,5365.38,Active
49357654,89929117,334053,Checking,2025-08-14,2452.52,Closed
96215899,77444515,334053,Checking,2020-02-10,2171.63,Closed
30810971,69612966,388389,Savings,2025-01-04,13557.41,Active
97133404,54474154,877572,Checking,2023-06-05,10248.0,Active
87794526,44610990,388389,Savings,2021-11-16,2665.09,Active
92840799,27506100,877572,Savings,2020-11-22,4634.64,Closed
13149034,50673081,877572,Savings,2023-11-14,21331.1,Active
68199281,58963387,770487,Savings,2022-06-06,6294.72,Active
82191219,49231298,876646,Checking,2021-04-22,2875.95,Active
94511992,60995022,126225,Savings,2024-01-12,4306.27,Active
56861561,41858513,388389,Savings,2021-11-23,5140.31,Active
97264505,95892945,334053,Savings,2020-02-14,2206.13,Active
23372668,92288469,216739,Savings,2020-02-22,6864.92,Active
65184637,10532310,216739,Savings,2022-08-07,7968.81,Active
20259709,72365525,809570,Savings,2023-03-08,11993.62,Active
20194178,31700441,207473,Checking,2024-03-07,5212.49,Active
59220868,92550617,246316,Checking,2025-03-21,2782.02,Active
56468357,94647773,876646,Savings,2025-02-17,7690.5,Active
59679621,61552098,388389,Checking,2022-01-02,7447.6,Active
36283272,46347748,872246,Savings,2021-07-29,2620.36,Active
24814473,96056814,216739,Savings,2025-11-27,9718.73,Active
44114825,68302323,334053,Checking,2022-08-24,22870.84,Active
41264011,24786421,388389,Savings,2022-02-01,18595.06,Active
12657546,43562485,207473,Savings,2020-10-22,1339.67,Closed
29074315,93795838,191161,Savings,2024-08-30,14352.92,Closed
91825038,51721729,877572,Checking,2021-07-24,5210.83,Active
99623823,62338563,671858,Savings,2025-01-07,3011.54,Active
42181519,58603012,356787,Checking,2025-03-28,420.41,Active
95429521,30979589,877572,Savings,2023-02-22,8716.72,Active
65577874,66926086,388389,Checking,2022-03-31,9906.38,Active
47457170,82687499,334053,Savings,2024-10-30,3222.06,Active
70919059,38221330,191161,Savings,2023-11-07,2191.99,Active
25830294,38876693,216739,Savings,2022-03-23,3752.42,Active
91890584,70137366,207473,Savings,2023-09-26,9262.73,Active
49062809,67188252,334053,Savings,2024-07-05,16074.56,Active
33366938,18888220,126225,Savings,2023-11-27,2348.3,Active
91923357,85538332,334053,Checking,2022-08-15,3306.87,Active
52208544,83703327,719176,Checking,2020-05-05,2617.11,Active
87761825,27997729,356787,Savings,2024-12-29,4569.74,Active
78128034,74692130,207473,Savings,2022-02-12,3289.3,Active
10953635,46183976,671858,Checking,2021-08-25,2609.1,Active
57058212,77182505,216739,Checking,2025-07-16,18870.14,Active
66397093,68433456,246316,Savings,2024-09-04,1029.1,Active
92939173,53917235,216739,Savings,2021-10-30,1839.39,Active
96969642,40810037,388389,Savings,2025-06-10,4509.55,Active
24650667,60438069,876646,Savings,2020-06-04,9011.94,Active
30188465,84883001,388389,Savings,2022-10-27,12503.07,Active
33792955,21378618,719176,Savings,2020-04-26,4289.87,Active
74228674,43923011,191161,Checking,2020-02-06,7917.13,Active
24716231,93206084,809570,Checking,2024-04-25,898.08,Active
32580555,29505102,246316,Savings,2020-06-04,2256.99,Closed
61678540,28751442,388389,Savings,2025-09-15,2447.04,Closed
58991569,89306711,809570,Savings,2021-10-16,11910.17,Active
55616471,96056922,877572,Savings,2023-01-19,7248.96,Active
13181912,43300444,770487,Savings,2020-05-13,4950.35,Active
18949082,55719517,671858,Savings,2020-04-07,5062.22,Active
80716765,94352991,872246,Checking,2020-05-28,3566.37,Active
59155421,13547107,191161,Checking,2021-11-13,5444.07,Active
72917984,98023025,877572,Savings,2024-03-20,5015.58,Active
37168096,60798580,388389,Savings,2020-01-19,2958.85,Active
32777189,42251899,246316,Savings,2024-02-20,2876.4,Active
67412973,17446524,334053,Savings,2020-03-21,5270.98,Closed
77505520,28554878,334053,Savings,2021-02-06,2257.68,Active
20358130,92223102,388389,Savings,2023-04-26,8697.69,Active
59810804,57489023,876646,Checking,2020-08-19,2798.7,Active
78783479,12531331,719176,Savings,2024-01-22,1051.17,Active
27042809,24262277,216739,Savings,2022-03-22,4045.72,Active
13640697,62436997,334053,Savings,2022-11-19,10242.1,Active
73868286,70497928,719176,Savings,2023-09-11,9299.68,Active
92218367,99497613,719176,Savings,2023-02-23,2050.77,Active
31040512,22460053,809570,Savings,2022-03-06,2593.43,Active
10265598,37500570,126225,Savings,2022-12-24,9714.23,Active
99230719,99628702,809570,Checking,2025-10-01,6710.76,Active
37725187,28161694,334053,Savings,2024-05-04,3077.84,Active
42509316,27113119,207473,Savings,2020-01-21,1852.45,Active
67019774,40187560,719176,Savings,2023-10-29,7675.38,Active
79438854,41727657,809570,Savings,2025-08-31,1117.96,Active
61842438,82130601,246316,Savings,2020-10-31,656.06,Active
37200904,14202542,876646,Savings,2022-09-27,15195.05,Active
66790400,45856430,207473,Savings,2020-01-12,3673.96,Closed
38347786,71481011,126225,Savings,2025-02-19,4587.1,Active
13378572,74495668,876646,Savings,2025-04-19,6077.31,Active
82322445,31471289,388389,Savings,2021-02-19,9676.38,Active
22717453,97564351,809570,Savings,2024-03-02,2996.69,Active
45392913,42383040,809570,Savings,2023-01-06,5523.88,Active
47621150,19412672,388389,Savings,2025-09-11,5555.94,Active
42968100,65648320,876646,Savings,2022-10-31,4322.32,Active
81503272,85964485,719176,Savings,2023-11-26,1434.48,Closed
95527978,51787466,334053,Checking,2025-02-04,6139.04,Active
86549547,42972877,877572,Checking,2024-08-24,7758.8,Active
48768046,24295118,388389,Checking,2022-03-01,5239.35,Closed
48014388,28751567,388389,Savings,2021-01-29,3145.11,Active
87663680,85538523,126225,Checking,2022-12-25,7155.61,Active
75539521,65189596,877572,Savings,2023-10-10,8463.03,Active
34055233,52737757,876646,Savings,2023-03-02,9856.13,Active
92906564,11613919,770487,Savings,2022-12-15,18467.1,Active
65578052,92092132,216739,Checking,2020-02-14,7109.77,Active
16262215,23639785,334053,Savings,2022-08-26,7388.19,Active
75605065,51525356,216739,Checking,2025-03-14,2657.55,Active
59057227,57849581,246316,Checking,2020-11-04,1465.19,Active
91268171,35960560,876646,Savings,2021-11-30,11165.51,Active
14591054,39958257,388389,Savings,2024-09-22,13498.15,Active
92218448,83474164,719176,Savings,2023-05-02,14389.9,Active
85075031,51459829,671858,Savings,2023-11-27,2959.83,Active
54240344,75151093,216739,Savings,2021-07-27,3390.85,Active
59483225,54933242,877572,Savings,2020-08-13,1660.48,Active
35431515,49657594,671858,Checking,2021-06-18,1109.39,Active
62170206,34191100,876646,Checking,2024-11-15,3995.96,Active
74359903,14366461,671858,Savings,2023-06-12,15582.68,Active
28189790,87930625,876646,Checking,2022-06-05,3931.23,Active
63186019,44414723,356787,Savings,2022-08-14,22984.15,Active
77767782,70301444,388389,Savings,2025-10-08,5957.0,Closed
18261095,38352645,126225,Savings,2020-04-25,3043.86,Active
12264552,78919429,872246,Checking,2023-10-20,5205.46,Active
54535275,33339154,876646,Savings,2025-06-25,11924.81,Active
59286636,58078997,216739,Checking,2024-04-21,12177.03,Active
33891435,54277918,216739,Checking,2020-07-27,9530.01,Active
58860657,55752482,877572,Savings,2025-06-18,1142.64,Active
14951543,62207779,809570,Savings,2023-10-15,4124.79,Active
33367162,39302953,334053,Savings,2022-01-27,6063.43,Active
45851775,14399274,719176,Checking,2025-07-11,6176.1,Active
58172545,89143084,719176,Checking,2023-02-11,6167.8,Active
56206466,48936750,388389,Savings,2025-09-22,6303.22,Active
74327174,83998521,719176,Savings,2024-07-20,4025.03,Active
47064199,16496443,877572,Checking,2021-02-04,1966.7,Active
48768136,37467964,877572,Savings,2023-06-19,3440.53,Active
24781961,29734722,216739,Savings,2020-06-19,3578.8,Active
54338695,44447566,719176,Savings,2021-10-11,4569.37,Active
59679891,16037713,809570,Checking,2025-03-31,19455.9,Active
83567764,34420564,388389,Savings,2021-02-19,4226.09,Active
87893140,38614869,334053,Savings,2024-02-11,2402.59,Active
27141273,50804570,356787,Checking,2023-06-27,19785.35,Active
39330970,66402140,216739,Checking,2021-07-31,1119.36,Active
60695709,59946845,246316,Checking,2021-05-19,1595.1,Active
66954398,30685022,246316,Savings,2025-01-13,8837.73,Active
70919327,11777886,207473,Checking,2024-01-12,786.97,Active
79766688,82720610,872246,Savings,2022-05-24,2458.77,Active
94905506,94156648,809570,Savings,2020-02-24,3582.63,Active
91497634,18069355,216739,Checking,2023-12-11,2786.93,Active
45917350,12269432,671858,Savings,2025-06-05,2318.37,Active
58696871,14923642,388389,Savings,2022-05-05,5527.16,Active
82486439,66172795,719176,Checking,2025-01-11,5262.65,Active
52012203,42514305,246316,Savings,2024-04-15,2857.51,Active
48342188,88553358,246316,Checking,2022-05-28,1533.23,Active
50799789,26621842,872246,Savings,2020-01-14,3894.02,Active
74949805,90748819,191161,Checking,2022-10-24,3225.03,Active
95397039,76298133,126225,Savings,2022-11-19,6270.16,Active
11445424,53524373,388389,Savings,2025-12-26,3188.51,Active
63448243,16103320,671858,Savings,2020-06-04,3858.83,Active
39167155,54998937,809570,Savings,2023-02-19,10331.24,Active
45163702,88258458,877572,Checking,2023-11-12,17357.49,Active
31990970,34387868,671858,Savings,2022-09-23,6231.73,Active
73376955,71251873,809570,Savings,2020-07-03,1512.14,Active
57713851,68859813,877572,Savings,2021-12-06,1607.04,Active
85337274,37140392,877572,Savings,2023-08-13,13361.6,Active
28124356,55359403,356787,Savings,2020-03-31,6110.25,Active
12395722,45496236,876646,Savings,2023-02-28,3981.6,Active
29140170,39270317,246316,Savings,2024-08-15,11981.78,Active
83207375,99104686,877572,Checking,2025-07-02,36697.73,Active
98444496,86620081,126225,Checking,2025-12-05,3162.61,Active
40215769,79247286,207473,Savings,2023-09-02,9636.45,Active
23700697,68073398,388389,Savings,2025-02-01,9947.55,Active
43394270,69842877,334053,Checking,2021-02-11,1470.57,Active
70460640,58111940,216739,Checking,2020-10-01,5076.37,Active
89171169,83834823,191161,Savings,2020-10-15,6065.7,Active
43328738,80623560,246316,Checking,2023-05-25,9205.17,Closed
65873121,67811278,872246,Savings,2023-07-11,5217.66,Active
95167712,14661584,388389,Savings,2024-02-26,3237.52,Active
68920549,32651219,207473,Savings,2024-01-29,2568.74,Closed
96969960,40974297,207473,Checking,2020-08-29,2995.14,Active
31368427,85702617,246316,Savings,2024-04-18,3631.87,Closed
37594352,55556058,770487,Savings,2024-05-11,5304.01,Active
93889776,52246492,388389,Savings,2023-07-23,18296.54,Active
50275573,88455134,809570,Savings,2025-08-19,23687.56,Active
60794102,18790367,246316,Checking,2021-03-22,18514.98,Active
88155382,52803559,126225,Checking,2025-02-13,2241.71,Active
72230141,88782824,876646,Checking,2025-03-10,36294.22,Active
18228478,83769322,877572,Checking,2021-04-26,7676.06,Active
63481086,24852459,876646,Checking,2023-05-12,1737.17,Active
17474815,56670189,334053,Checking,2023-04-15,3869.4,Active
86222084,24655853,388389,Savings,2020-04-17,10404.17,Active
38282501,52672495,246316,Savings,2022-10-25,5318.18,Active
17966342,98547693,126225,Savings,2020-06-03,2441.15,Active
80651527,86554615,809570,Savings,2021-11-23,4862.71,Active
39167240,84359161,388389,Checking,2020-02-29,5650.53,Active
25732356,80295929,809570,Savings,2025-09-30,5003.32,Active
11281676,49690619,809570,Savings,2024-05-05,3477.2,Active
68101392,58832895,207473,Checking,2021-09-10,2820.94,Active
50308369,51984383,872246,Checking,2025-07-17,4288.23,Active
17933587,11712513,334053,Savings,2023-10-23,6527.11,Active
68429076,90355717,126225,Checking,2024-12-26,11595.38,Closed
30221589,69416965,671858,Savings,2025-02-04,24295.36,Active
25928981,44546060,356787,Savings,2023-07-05,9454.59,Active
82748700,54442000,216739,Savings,2020-04-05,6772.51,Active
85337373,48150544,770487,Savings,2023-09-03,5271.69,Active
15541534,85899286,388389,Savings,2024-01-03,4962.63,Active
70460703,29407255,334053,Checking,2024-09-28,3674.09,Closed
90252579,96548887,809570,Savings,2023-07-19,7183.69,Active
18195748,68302872,334053,Savings,2023-10-26,883.49,Active
95233316,10663960,809570,Savings,2023-12-06,10390.22,Active
50570534,66467862,216739,Checking,2021-12-06,3657.65,Active
64070952,47200285,334053,Savings,2025-03-04,2229.96,Active
22160682,79869987,207473,Savings,2025-08-19,3518.22,Closed
46146861,18266152,671858,Savings,2025-12-25,2567.48,Active
34940207,71776297,334053,Checking,2024-08-14,45922.35,Active
25699633,80492586,356787,Checking,2025-06-26,3469.19,Active
29271346,85833770,356787,Savings,2023-10-31,5973.73,Active
76916019,57063469,207473,Savings,2023-02-07,2381.59,Active
91006265,85637167,216739,Checking,2025-02-08,11633.09,Active
48801083,59652144,246316,Checking,2020-02-29,1678.69,Active
42607932,83900467,770487,Checking,2021-01-21,12239.9,Active
24552766,72792115,246316,Savings,2024-12-18,6777.73,Active
17704254,97859643,388389,Checking,2021-06-17,6775.89,Active
27141441,29800510,719176,Savings,2021-06-06,8334.67,Active
25797961,20854852,246316,Savings,2021-07-02,3926.62,Active
42935628,94943303,876646,Savings,2024-01-07,9254.34,Active
91399503,14137416,216739,Savings,2025-04-11,3784.8,Active
26486098,85375049,334053,Checking,2024-07-02,2873.38,Active
99493203,74430538,207473,Savings,2023-03-19,2243.29,Active
52045139,38811729,671858,Savings,2025-04-18,12817.83,Active
29271382,93698131,877572,Savings,2024-05-11,14199.77,Active
69772630,83310676,770487,Checking,2021-04-10,33734.42,Active
24651096,75479127,334053,Savings,2021-11-02,3952.44,Active
58664280,71350360,246316,Savings,2024-02-07,3347.96,Closed
45851995,38746200,126225,Savings,2024-11-25,3020.53,Active
73966939,54835291,356787,Checking,2022-09-09,1252.88,Active
24542487,41105502,770487,Savings,2021-06-04,6804.99,Active
14984544,26458208,388389,Savings,2022-05-01,5965.86,Active
79308132,68401251,356787,Savings,2024-02-23,3500.95,Active
17507685,42711142,877572,Checking,2025-02-09,15479.25,Active
76621163,35240048,126225,Checking,2025-01-25,2255.61,Active
34940269,26065016,126225,Savings,2020-10-31,1969.24,Active
95626608,44578937,246316,Savings,2024-11-16,10458.16,Active
95921523,86194300,216739,Savings,2021-06-07,12170.69,Active
25666932,85211270,671858,Checking,2021-05-17,3096.67,Active
82978165,90552456,809570,Savings,2022-01-07,296.37,Active
81798518,51755146,216739,Savings,2025-01-22,4021.59,Active
84092285,84031628,126225,Savings,2021-07-11,2678.32,Active
21079421,15448206,334053,Checking,2021-02-03,34477.63,Closed
10823039,13318289,356787,Savings,2022-06-14,17146.72,Active
65021313,28293268,334053,Savings,2021-03-08,3807.82,Active
27272580,14497940,809570,Checking,2020-05-21,5398.56,Active
77866372,27506836,356787,Savings,2024-08-18,9787.12,Active
38217098,90224792,876646,Checking,2020-01-09,5720.36,Active
25208205,49789085,809570,Savings,2023-06-06,4694.48,Closed
33432973,39565470,126225,Savings,2022-04-11,12286.62,Active
98444685,18462880,719176,Checking,2021-06-06,16214.43,Active
62236048,48183458,719176,Savings,2022-08-24,18694.93,Active
46081427,45398178,388389,Savings,2022-05-13,8977.05,Active
40904085,28752036,356787,Savings,2021-02-09,9241.7,Active
86975897,74266790,356787,Checking,2022-05-31,8943.04,Active
70755739,88520871,126225,Checking,2021-05-27,4711.07,Active
93005212,70891688,809570,Savings,2020-12-20,6878.29,Active
47424925,35403950,356787,Savings,2024-06-26,2959.92,Active
91301278,14923951,246316,Savings,2020-02-16,1398.33,Active
41952672,19052721,246316,Savings,2025-02-09,6187.87,Active
47031715,39172274,334053,Savings,2023-08-08,20220.91,Active
55256485,71284923,671858,Savings,2024-04-11,3551.74,Active
97953190,56473789,126225,Checking,2023-06-02,8021.55,Active
97920427,34126013,809570,Savings,2024-10-03,2253.96,Active
93857201,28752079,334053,Savings,2021-03-09,10621.66,Closed
34055603,56309968,671858,Savings,2025-07-12,3872.35,Active
42345912,70400210,216739,Savings,2022-05-10,17236.83,Active
79570361,55916755,770487,Savings,2021-02-20,2723.31,Active
70264249,11057366,246316,Savings,2024-12-23,22859.15,Active
96544187,81082586,246316,Savings,2022-05-28,12848.26,Active
82519487,78428385,216739,Savings,2023-12-30,2840.47,Active
24061378,44906728,877572,Savings,2022-01-26,2802.46,Active
46376391,46938349,770487,Savings,2023-05-19,3051.63,Active
44279242,77183214,334053,Savings,2021-09-02,16063.09,Active
75867595,57981171,207473,Savings,2021-09-01,1355.28,Active
59745741,49002742,334053,Savings,2021-08-03,7110.11,Active
12068302,22821119,809570,Checking,2024-07-08,1163.3,Active
22586832,22264065,216739,Savings,2021-07-12,1360.2,Active
16590289,51263745,876646,Checking,2020-06-03,1171.24,Active
47392210,90028295,191161,Savings,2021-07-11,2852.73,Closed
95364563,36550919,334053,Savings,2023-05-06,1959.99,Closed
54765012,87931150,388389,Savings,2022-03-21,2175.61,Active
98411989,58276118,334053,Savings,2023-08-28,2401.11,Active
10364374,42875162,876646,Savings,2024-11-14,4457.76,Active
10659287,33569051,334053,Savings,2020-11-10,2436.18,Active
99722711,19052828,671858,Checking,2024-02-06,2296.01,Active
93627866,46217502,719176,Checking,2023-05-29,40178.52,Active
35464669,21444897,876646,Savings,2024-07-28,3207.23,Active
33629662,41695525,877572,Savings,2021-10-28,799.25,Active
97461726,40679727,191161,Savings,2023-06-04,11328.65,Active
40117728,92027185,877572,Savings,2023-09-09,3476.7,Active
57124319,75479349,877572,Savings,2025-05-04,2290.9,Active
59221473,28096825,246316,Savings,2024-02-27,2103.0,Active
93496799,57456960,719176,Savings,2022-06-19,8280.12,Active
77276645,73611589,334053,Savings,2021-01-20,6508.88,Active
33465831,79509831,388389,Savings,2021-10-27,2970.02,Active
38544873,93010254,207473,Savings,2020-10-06,6267.36,Active
51258857,15841615,809570,Savings,2022-04-02,6083.93,Active
38610411,66435409,356787,Savings,2022-07-17,6686.64,Active
99034603,75774300,246316,Savings,2022-06-23,2127.95,Closed
49325550,71776604,388389,Savings,2020-09-08,10068.51,Active
16164337,69122398,388389,Savings,2021-01-17,2258.02,Active
49161713,95795550,216739,Savings,2020-06-13,5235.99,Active
65185265,73972066,126225,Savings,2024-02-16,3602.25,Active
52471285,30554468,876646,Savings,2022-12-08,5239.06,Active
33596918,60471653,334053,Savings,2021-01-01,15500.75,Active
80225784,46643560,719176,Savings,2020-02-28,5610.82,Active
64726521,99367274,191161,Savings,2025-04-10,11866.68,Active
93005306,76626284,334053,Savings,2020-11-01,5994.64,Active
66921978,54671725,872246,Savings,2025-10-03,27263.69,Active
20129282,96057708,388389,Checking,2023-03-27,7781.77,Active
28714500,82590063,877572,Savings,2020-05-24,1395.38,Active
43492869,33208690,877572,Savings,2025-12-05,2158.67,Closed
50472455,38254967,388389,Savings,2020-09-04,2617.93,Active
98444809,96123265,877572,Savings,2024-06-02,3826.64,Active
38610443,84064654,809570,Savings,2020-03-14,2772.17,Active
23012877,69286286,872246,Savings,2025-06-30,1386.89,Active
67118609,40057232,356787,Savings,2022-05-20,4738.66,Active
80291351,68303249,126225,Savings,2025-12-06,726.82,Closed
37430811,22788504,877572,Checking,2023-08-13,23771.84,Active
69084699,48183707,809570,Checking,2025-04-28,4626.18,Active
20358685,91077021,216739,Savings,2023-11-14,21583.31,Active
28059172,79280545,126225,Checking,2024-02-25,2115.07,Active
19867173,42416546,872246,Savings,2021-06-22,4527.32,Active
61744677,21641635,388389,Savings,2020-10-29,12019.67,Active
42870311,27015588,877572,Savings,2021-01-14,27870.13,Active
99755560,61094305,876646,Checking,2023-10-19,8394.2,Closed
60040745,27900332,334053,Savings,2025-03-18,1613.47,Active
21833256,17807790,388389,Savings,2025-05-18,4902.02,Active
52667947,23738800,246316,Checking,2022-06-11,1783.38,Active
88516139,91142579,126225,Savings,2024-09-27,11800.0,Active
80684582,46676411,809570,Savings,2022-07-24,7835.9,Active
37758510,88029629,877572,Checking,2021-10-30,12704.57,Active
37135918,41302468,191161,Savings,2021-05-07,8242.36,Active
85042734,30915021,216739,Savings,2023-08-18,6807.61,Active
57452078,68598223,216739,Savings,2020-01-11,1553.2,Active
26682932,77216215,877572,Savings,2022-10-24,3782.86,Active
51095092,97663449,809570,Checking,2022-04-13,9471.46,Active
95594040,14367194,388389,Checking,2025-09-03,2367.4,Active
10298939,74824154,207473,Savings,2025-10-07,1762.21,Active
74425917,78264794,334053,Savings,2024-05-31,10542.12,Active
45426238,29014500,388389,Savings,2021-07-03,5180.03,Active
73541182,56506859,246316,Savings,2021-07-28,13531.36,Active
21308994,28228078,876646,Savings,2021-09-04,3926.52,Closed
71345730,24787439,671858,Checking,2021-03-24,5937.83,Active
38479433,57457136,671858,Checking,2025-07-20,4125.42,Active
10626634,46152183,216739,Savings,2023-02-02,6306.89,Active
68724299,98187769,207473,Savings,2023-03-20,29595.58,Closed
72296016,48347648,388389,Savings,2020-10-19,15110.78,Active
67741265,62339589,191161,Savings,2024-11-03,13208.1,Active
45426258,63420935,388389,Checking,2020-09-05,2038.56,Active
27141715,47987212,191161,Savings,2023-12-09,3699.94,Active
81798741,86260244,126225,Savings,2021-08-10,5443.05,Active
42247766,84556312,216739,Checking,2021-11-09,3430.62,Active
50636375,28654109,876646,Savings,2024-03-11,10048.3,Active
56206933,39926302,191161,Savings,2024-07-24,9105.29,Active
10069597,79641118,356787,Savings,2024-11-21,1437.53,Active
94021213,36485662,877572,Checking,2023-04-01,4335.04,Active
49751649,66402848,126225,Checking,2024-03-24,1398.09,Active
97035874,73153056,334053,Savings,2020-12-01,2146.82,Active
58828387,21412383,216739,Savings,2022-02-24,8727.98,Active
29959779,58833445,334053,Savings,2024-02-25,12056.06,Active
36480611,35994156,809570,Savings,2021-07-30,745.67,Active
61154914,66501165,356787,Savings,2023-12-01,5656.39,Active
69248615,62011959,388389,Savings,2021-02-24,13058.02,Active
81340006,25508411,356787,Savings,2022-09-23,1072.85,Active
43984484,98318907,877572,Savings,2020-03-03,4728.83,Active
71018090,72727108,388389,Savings,2024-09-05,815.79,Closed
67151463,20953672,809570,Savings,2025-02-23,4980.14,Active
58435180,37435977,216739,Savings,2023-05-05,16536.88,Active
78882412,27343433,809570,Checking,2023-11-15,6418.59,Active
78128753,67615305,877572,Checking,2023-11-06,3306.45,Active
24913524,14006860,876646,Checking,2021-10-01,13007.56,Active
97166965,41073228,388389,Savings,2023-08-18,2250.1,Active
67544693,24885838,388389,Savings,2024-12-04,20173.13,Active
32220788,79936079,334053,Checking,2025-12-02,5815.85,Active
75081333,61323859,671858,Savings,2020-03-04,3433.25,Active
38938235,21281365,872246,Savings,2022-02-02,6937.76,Active
47457917,63027800,388389,Savings,2023-09-13,7386.82,Active
45524607,94812766,334053,Savings,2024-04-04,15452.67,Active
70657666,76364384,809570,Checking,2023-07-15,8229.07,Active
29861508,31177314,770487,Savings,2020-08-16,11167.56,Active
24225412,61061730,216739,Savings,2022-02-08,4588.51,Active
47916684,11582056,388389,Checking,2021-05-26,3289.74,Active
74622604,96811625,334053,Savings,2024-11-23,4825.26,Active
25044623,90126954,334053,Savings,2021-11-02,10841.2,Closed
40019617,28621419,809570,Savings,2022-11-15,8030.34,Active
59647650,67320432,207473,Checking,2021-08-14,2637.58,Closed
89794211,23149169,877572,Savings,2021-05-22,1901.02,Active
12461731,70597233,246316,Savings,2024-11-01,9075.49,Active
30090916,99400310,877572,Savings,2021-08-28,24141.47,Active
80357030,35011193,216739,Checking,2021-12-09,4750.82,Active
48178852,18627194,872246,Savings,2021-12-10,12211.57,Active
33695397,63584896,877572,Savings,2025-03-03,1709.83,Active
23373481,45202050,356787,Checking,2020-04-21,11243.28,Active
92841642,55982726,719176,Checking,2020-09-08,4210.86,Active
86845099,31832713,877572,Savings,2020-12-12,8810.77,Active
67413674,85047946,770487,Checking,2023-10-23,37635.65,Active
44508845,89569937,877572,Savings,2021-06-11,9919.11,Active
89138861,16988827,356787,Savings,2025-09-26,2355.45,Active
97527471,55425692,809570,Savings,2020-06-06,1822.38,Active
34023087,45365918,356787,Savings,2025-06-18,1019.77,Active
80127667,34159266,216739,Savings,2024-11-11,5084.87,Active
56305332,20003491,719176,Savings,2020-01-19,2347.06,Active
27600570,91830947,207473,Savings,2021-03-16,1032.18,Active
83076798,40581795,872246,Checking,2025-07-03,14774.15,Active
11806399,10336935,872246,Savings,2021-03-04,5804.74,Active
13248190,99400361,356787,Savings,2020-09-12,6817.22,Active
22619842,93010605,671858,Savings,2025-12-04,2062.97,Active
66954946,58735279,877572,Savings,2023-11-06,11078.89,Active
42706628,72039090,388389,Checking,2021-06-21,3628.5,Active
79931075,23968435,334053,Savings,2020-07-27,2206.32,Active
55617225,48675508,334053,Checking,2022-11-23,7250.78,Active
91203275,30980794,334053,Savings,2021-12-04,3301.8,Active
61122255,97139386,876646,Savings,2025-10-09,18116.63,Active
81602259,19905212,809570,Savings,2024-04-19,6035.48,Active
18654932,10926780,246316,Savings,2021-09-06,763.94,Active
11347669,41302719,809570,Checking,2023-09-07,8124.48,Active
35661527,48249537,334053,Checking,2023-11-13,55664.88,Active
40216279,58211013,876646,Checking,2025-05-12,2234.63,Closed
74983128,60734152,207473,Checking,2021-06-21,1216.98,Active
92448474,89078472,126225,Savings,2025-09-09,27541.67,Active
33138395,81443530,246316,Checking,2025-04-19,2458.69,Active
91072220,17021643,877572,Savings,2025-11-07,5675.51,Active
96904926,26884813,719176,Savings,2020-07-12,1517.85,Active
81438433,68827857,877572,Savings,2021-11-21,2507.39,Active
43689698,51198679,334053,Savings,2021-09-18,3638.36,Active
81897187,37599959,334053,Savings,2023-02-21,6551.65,Active
83896036,22330072,809570,Savings,2020-11-28,2132.43,Active
85731046,83671772,809570,Savings,2021-05-24,5673.43,Active
11282150,53492445,770487,Savings,2023-03-04,2018.74,Active
22030056,11844317,770487,Savings,2025-03-18,6631.73,Active
67872489,80919265,388389,Checking,2020-03-23,3938.46,Active
50407144,11418338,809570,Savings,2021-07-02,4435.5,Active
93497069,96942819,216739,Savings,2021-01-21,3101.79,Active
62662382,97303268,388389,Savings,2021-01-22,10149.97,Active
81274611,46742242,770487,Checking,2022-05-22,10512.72,Active
91203321,38091497,809570,Savings,2025-04-22,3685.45,Active
57452284,59161322,207473,Savings,2024-11-11,3497.84,Active
97232637,68008686,877572,Checking,2023-09-22,27844.35,Active
48473857,16005870,191161,Savings,2020-12-22,7699.81,Closed
27928326,65288944,334053,Savings,2024-05-02,9034.81,Active
38577931,15022831,207473,Savings,2023-04-21,17246.99,Active
68658956,92191476,388389,Savings,2022-03-11,3792.34,Closed
71575310,50313972,246316,Checking,2021-01-20,18380.81,Active
86845199,51460853,216739,Checking,2021-03-03,873.84,Active
76424981,21445367,809570,Checking,2022-04-01,24357.18,Active
10659606,42285817,872246,Savings,2022-07-18,2748.56,Active
15771413,72956668,872246,Savings,2020-04-02,8081.61,Active
15083288,12794625,671858,Savings,2022-03-12,9235.92,Active
67381014,80591618,246316,Checking,2022-10-03,3184.71,Active
82978586,62503681,207473,Savings,2020-12-02,12226.22,Closed
55289621,62143240,216739,Checking,2023-06-06,11297.52,Active
75310874,10926856,334053,Savings,2022-09-02,4838.5,Active
18261782,25541386,388389,Savings,2023-02-02,2149.87,Active
64530198,76659467,246316,Savings,2021-02-28,18459.48,Active
50046751,67353357,334053,Checking,2021-12-28,6750.75,Active
32778010,10500877,216739,Savings,2020-04-17,15037.33,Active
22390561,97041166,719176,Savings,2024-03-18,610.18,Active
74983203,94223122,356787,Checking,2024-07-11,8920.84,Active
16099108,49888019,334053,Savings,2025-05-14,3168.65,Active
59877159,27409172,216739,Savings,2022-05-10,4676.74,Active
80160553,87341866,216739,Savings,2021-08-14,10819.24,Active
97199914,28228398,809570,Checking,2023-09-19,917.32,Closed
86452009,89307951,334053,Checking,2020-09-15,2690.79,Active
57485103,40745776,246316,Savings,2023-01-24,7059.13,Active
27797295,74103606,876646,Savings,2022-03-03,1108.31,Active
46671667,17709878,246316,Savings,2021-09-07,6666.32,Closed
30648117,32717623,334053,Savings,2025-01-18,1720.78,Active
36480822,31734582,356787,Savings,2022-12-05,25448.69,Active
92677946,49822519,877572,Savings,2024-04-09,8361.06,Active
51652412,47823677,334053,Checking,2021-12-22,9686.87,Active
60761920,42482494,207473,Checking,2024-08-20,2036.77,Active
23865154,74464062,216739,Checking,2021-04-05,5115.59,Active
30025540,87407425,877572,Savings,2025-04-20,3628.28,Active
34383689,87276356,671858,Checking,2022-05-28,7728.08,Active
44672842,37796680,388389,Savings,2023-06-27,9651.3,Active
20326221,41597770,246316,Savings,2022-08-13,4509.85,Active
45360977,62077771,809570,Savings,2021-05-06,5542.08,Active
53782353,25344844,246316,Checking,2022-06-11,3982.73,Active
36349780,10468173,388389,Savings,2023-05-01,25017.62,Active
85763939,39304014,877572,Checking,2025-07-23,1825.4,Active
62138215,65911641,876646,Savings,2024-10-24,1453.66,Active
25732968,40090457,216739,Savings,2022-04-21,6581.39,Active
18982762,34257755,334053,Savings,2022-11-20,2869.19,Active
10135406,62929779,216739,Savings,2020-12-01,1998.87,Active
74131314,61619059,877572,Checking,2023-11-04,7082.02,Active
94447474,78396283,388389,Savings,2023-04-07,1899.82,Active
79996788,11680636,216739,Savings,2023-09-08,5612.49,Active
13444981,48970622,872246,Savings,2021-05-09,4080.25,Active
57911159,82525054,809570,Savings,2020-02-12,4600.7,Active
45590392,24951680,334053,Savings,2020-05-28,2251.91,Active
69085048,27409287,216739,Savings,2023-05-03,2206.47,Active
64530300,66894727,388389,Checking,2025-06-24,3743.25,Active
85632893,66042762,872246,Checking,2022-06-09,21448.66,Active
85174142,83147659,216739,Savings,2022-08-18,1243.29,Active
24291200,77282190,770487,Savings,2022-10-27,7504.69,Active
50669440,92224404,216739,Savings,2024-10-29,1753.09,Active
20096897,86326167,126225,Checking,2022-04-25,5764.58,Active
43886468,30030751,876646,Savings,2020-07-25,5037.86,Active
18360197,76659617,671858,Savings,2023-11-04,6223.2,Active
24160136,91470757,719176,Savings,2021-08-02,23571.24,Active
12396426,14367654,719176,Checking,2020-11-26,11348.8,Active
72525707,21347238,809570,Savings,2020-05-16,4686.21,Active
80717709,43137957,216739,Checking,2025-01-10,18902.97,Active
87795602,20724650,872246,Savings,2020-05-16,2113.62,Active
28485525,48970671,388389,Checking,2020-07-14,1766.55,Active
67086231,35863471,334053,Checking,2020-12-16,23493.37,Closed
86812577,61586351,126225,Checking,2020-10-14,5686.52,Active
83371941,11713460,388389,Savings,2025-07-10,9782.51,Active
21833641,24525751,770487,Savings,2024-04-10,1963.59,Active
99362730,87833530,126225,Checking,2022-12-25,2910.77,Active
37365675,34814909,876646,Checking,2024-09-14,20454.53,Active
13871020,46283710,671858,Savings,2024-05-01,855.21,Active
60204969,68729793,216739,Savings,2025-03-05,6342.24,Active
37922737,42417091,809570,Savings,2020-01-22,15591.77,Active
97101749,27999177,334053,Savings,2021-01-02,1016.99,Active
76261303,71449547,216739,Savings,2021-01-16,5081.14,Active
53258168,34552779,126225,Savings,2020-05-15,649.0,Active
69871545,58571728,872246,Savings,2023-01-01,4247.27,Active
36743100,17316826,334053,Savings,2020-06-12,6481.97,Active
18819004,57719772,334053,Checking,2020-12-25,6178.34,Active
42969022,10927070,770487,Savings,2025-04-14,12935.29,Active
39921599,85736415,334053,Savings,2022-11-10,5832.96,Active
16951232,53623780,334053,Checking,2025-08-15,6003.51,Active
10364864,91732965,388389,Savings,2020-03-07,7304.78,Active
10135490,15940582,872246,Savings,2024-06-13,3670.39,Closed
25274306,69745642,876646,Savings,2024-05-30,5221.75,Active
23537607,77413355,207473,Savings,2022-11-10,1598.36,Active
85665738,55426028,356787,Checking,2020-03-16,126752.6,Closed
27994059,58637294,388389,Savings,2024-08-08,7492.9,Active
12691403,41171950,388389,Savings,2021-08-25,2636.75,Active
96053197,24460272,356787,Savings,2025-09-29,19744.04,Active
95922126,60079089,334053,Savings,2020-03-04,31151.13,Active
82225100,13712369,207473,Savings,2023-08-03,3036.42,Active
42018767,87374841,770487,Savings,2022-08-03,2829.19,Active
25700305,10533881,246316,Checking,2025-07-12,26361.34,Active
27109332,76954632,126225,Savings,2022-01-20,1882.97,Closed
56731604,91405321,207473,Savings,2024-08-31,7954.52,Active
73181142,93469706,356787,Savings,2023-07-03,3931.09,Active
71935961,57162770,388389,Savings,2024-02-01,12046.43,Active
27404252,76332051,877572,Savings,2021-05-18,9544.88,Active
59910108,82885657,388389,Checking,2025-05-16,6121.28,Active
83273693,45825055,246316,Savings,2024-05-24,6896.91,Active
95692770,47070243,388389,Savings,2025-02-06,2128.32,Active
33335270,84294692,126225,Savings,2023-04-01,5216.58,Active
89335784,63355943,334053,Checking,2024-12-03,4901.15,Active
49489898,93371431,246316,Checking,2023-06-16,2911.21,Active
21735402,77610027,877572,Checking,2025-01-23,2882.12,Active
10561516,87735343,126225,Savings,2024-06-03,2446.85,Active
68626417,55360560,876646,Savings,2021-04-14,11515.45,Active
58468339,45136945,877572,Checking,2024-03-08,5402.34,Active
48048117,65453104,334053,Savings,2025-01-18,1997.55,Active
35825654,22133813,126225,Checking,2024-08-10,10877.34,Active
76130294,47299640,388389,Checking,2020-02-08,13852.61,Active
56305654,33635392,877572,Savings,2020-05-05,3792.15,Active
27273211,49626185,770487,Savings,2020-01-31,2703.81,Active
46282662,86031434,126225,Savings,2020-07-18,16955.8,Active
24389631,81542220,770487,Savings,2023-02-27,25300.62,Active
44214276,30030929,388389,Checking,2023-05-07,14656.49,Active
13150213,23706710,388389,Savings,2020-07-27,4706.29,Active
70461447,38616150,671858,Savings,2023-05-11,2579.81,Active
65251338,99040345,876646,Checking,2024-10-09,824.67,Active
27076619,49724506,126225,Savings,2022-07-10,14844.91,Active
69347339,48217181,877572,Savings,2024-12-21,1299.9,Active
18425871,85179486,388389,Savings,2022-11-01,2291.75,Active
44738576,97336414,877572,Checking,2020-08-15,3335.19,Active
98150417,62405728,877572,Savings,2020-09-21,8414.06,Active
49686546,14466147,809570,Savings,2020-06-15,416.14,Active
76294163,95304807,809570,Checking,2021-01-22,5400.23,Active
35366932,28818549,191161,Savings,2021-01-18,23559.93,Active
38381593,59325557,809570,Checking,2020-09-26,2797.23,Active
33204251,69090438,246316,Savings,2023-02-08,9497.94,Active
24946716,79936649,356787,Savings,2022-05-21,3259.13,Active
67938338,62733451,876646,Checking,2023-12-30,6441.71,Active
20654115,53001358,809570,Savings,2023-08-18,4382.21,Active
50276393,34258066,126225,Savings,2021-05-15,2016.34,Active
14460970,26229908,876646,Checking,2024-12-08,7811.71,Active
71477293,98221206,126225,Savings,2021-06-16,6203.59,Active
59222062,10435736,207473,Savings,2023-06-02,5256.29,Active
75737136,45005976,191161,Savings,2024-03-16,19391.39,Active
41560113,48970906,719176,Checking,2025-10-11,4640.3,Active
64333873,61193370,334053,Savings,2021-05-23,6944.35,Active
96053297,63650974,246316,Checking,2021-05-20,2627.53,Active
78424117,82394272,809570,Savings,2022-11-13,9348.36,Closed
75606069,99368098,671858,Checking,2024-04-18,1706.38,Active
35629112,56540324,809570,Savings,2024-07-25,5536.23,Active
13019195,21413030,388389,Savings,2024-05-22,3309.44,Active
37365821,77249703,356787,Checking,2024-08-31,7339.31,Active
72656959,99925170,876646,Checking,2021-07-08,2457.26,Active
62793793,95698101,334053,Savings,2022-10-31,7602.78,Active
85764162,14859447,388389,Checking,2023-06-02,5055.59,Closed
87926851,96156859,356787,Savings,2020-01-24,16733.92,Active
50735176,84131006,334053,Savings,2020-06-18,1029.28,Active
57059402,17349823,671858,Checking,2023-04-12,2141.26,Active
31041612,16366784,877572,Checking,2021-01-05,2983.56,Active
40118350,87833796,207473,Savings,2021-11-21,6326.38,Active
13412435,74529989,356787,Savings,2022-06-01,7272.97,Active
87468115,98155725,809570,Savings,2023-01-30,8334.17,Active
90187864,24919249,334053,Savings,2022-09-27,6029.28,Active
92711001,34323666,877572,Savings,2020-04-04,4757.13,Active
80947290,69844182,126225,Savings,2024-03-29,3113.97,Active
48080986,49069274,719176,Savings,2025-01-24,9929.97,Closed
23079004,93076699,246316,Savings,2021-09-11,2500.3,Active
34121821,47987941,216739,Checking,2020-02-27,7140.68,Active
26552417,61324520,809570,Savings,2020-03-28,5860.56,Active
24979554,54803688,216739,Savings,2022-02-07,1222.46,Active
54077539,67255531,334053,Savings,2023-05-02,7197.67,Active
38152295,68336875,876646,Checking,2020-05-29,53412.78,Active
66857063,63028461,356787,Savings,2021-05-07,30824.3,Active
53192809,36650222,246316,Savings,2021-12-01,13724.26,Active
61679724,42613999,388389,Checking,2024-05-09,8697.17,Active
62990451,47791347,770487,Savings,2022-10-18,1817.48,Active
14493816,66665722,126225,Savings,2022-04-18,7256.19,Active
31500409,85048570,872246,Savings,2021-03-15,33485.2,Active
33466490,38354172,719176,Checking,2023-10-14,3081.32,Active
21538938,70302971,809570,Savings,2022-09-12,1237.25,Active
17999996,31997181,216739,Checking,2025-06-29,11263.44,Active
45688957,44350722,126225,Savings,2020-07-01,2520.08,Active
44607611,98155778,809570,Savings,2023-09-29,1949.55,Active
26388607,48577797,388389,Savings,2020-01-27,6887.43,Active
57092217,35601677,719176,Checking,2021-12-09,11085.71,Active
90024065,21773582,719176,Savings,2020-01-20,5714.07,Active
20916354,14171405,876646,Savings,2025-12-23,11048.55,Active
61646980,27901200,809570,Savings,2024-06-10,16704.6,Closed
30156935,92978451,334053,Savings,2024-06-26,7748.65,Active
91564168,79707411,719176,Savings,2023-12-27,8633.69,Closed
24488073,39075094,770487,Checking,2025-08-28,3856.57,Active
92711050,36551960,126225,Savings,2021-10-14,27586.25,Active
61089930,57130264,872246,Savings,2023-04-12,8117.85,Closed
59156621,21773592,207473,Savings,2024-05-02,7858.51,Active
65087630,36191515,876646,Savings,2022-02-04,3858.39,Closed
83470479,91536672,216739,Savings,2025-04-25,2700.49,Active
94546065,90946850,246316,Savings,2025-06-15,2518.95,Active
44181651,69221668,246316,Savings,2024-12-16,3577.17,Active
62892181,57195816,719176,Savings,2025-01-30,5297.49,Active
52897941,46841130,334053,Savings,2025-01-17,6947.57,Active
60565655,82722091,719176,Checking,2023-02-14,1031.37,Active
17901720,69745975,388389,Savings,2020-12-28,16699.48,Active
66201753,25705784,719176,Savings,2025-08-29,4400.98,Active
22161563,42614072,809570,Checking,2023-05-26,20440.78,Active
14493851,74628408,207473,Checking,2024-08-02,8220.65,Active
33990814,34618684,877572,Checking,2021-04-14,6876.23,Active
28813472,93240636,877572,Savings,2020-09-15,14506.42,Active
35629217,45104446,388389,Savings,2020-08-09,19433.31,Active
73246883,44318015,246316,Savings,2022-12-02,5070.87,Active
83241127,79641917,388389,Savings,2024-12-31,19120.63,Active
14756008,58080573,216739,Savings,2023-12-10,5647.81,Active
55093417,55983437,719176,Savings,2022-05-13,4643.13,Active
39889065,74431822,334053,Savings,2025-04-22,4249.3,Active
91793575,10075476,872246,Savings,2023-12-25,1599.6,Active
90384555,85638484,872246,Savings,2021-10-18,483.82,Active
93169840,77938013,876646,Checking,2023-12-16,2896.72,Active
83994801,75775327,388389,Savings,2025-01-31,7092.57,Active
13019316,90160480,126225,Savings,2024-07-30,8356.84,Active
21080244,99335519,877572,Checking,2024-09-25,1014.38,Active
47950007,41991528,334053,Savings,2023-06-11,8468.51,Active
82454714,98942324,334053,Checking,2020-12-28,1921.35,Active
24751071,32619894,872246,Savings,2021-05-01,11909.93,Closed
36907194,46218615,216739,Checking,2023-02-09,8169.51,Active
68593855,36289915,719176,Savings,2022-12-16,1740.44,Active
36022464,16170365,126225,Savings,2025-08-20,3135.72,Active
58960065,15121791,334053,Checking,2020-10-16,1468.19,Active
66824387,79478147,877572,Checking,2020-02-17,9908.54,Active
16558277,16170371,191161,Checking,2022-06-15,4941.66,Active
47982793,10468741,719176,Checking,2023-11-25,3655.18,Active
62597322,37010823,876646,Savings,2024-12-13,3288.25,Active
13510859,47562120,877572,Checking,2021-03-25,19338.6,Active
41003212,73678218,334053,Savings,2025-05-20,5472.56,Active
29239501,87145866,334053,Savings,2022-05-23,9850.29,Active
45787343,52444556,877572,Savings,2021-02-17,5175.13,Active
41134289,21675412,877572,Savings,2024-09-02,3929.32,Active
12527833,50019735,356787,Savings,2024-11-12,37911.61,Closed
55716058,90193305,809570,Savings,2023-10-06,1663.37,Active
70297819,89832858,809570,Savings,2023-02-27,2210.73,Active
71182555,36945309,719176,Savings,2022-08-31,5894.25,Active
35989726,17644959,207473,Savings,2022-11-29,1331.5,Active
96774369,82689441,877572,Savings,2023-07-16,1153.69,Active
29436140,52116897,876646,Savings,2023-02-03,4158.53,Active
85666029,79904163,877572,Savings,2024-05-27,2101.02,Active
14428397,15678881,877572,Savings,2020-04-26,12919.55,Active
10201327,80264613,877572,Savings,2022-10-04,8916.54,Closed
66496752,11943334,356787,Savings,2025-09-06,7747.02,Active
39856364,35110305,809570,Savings,2020-02-16,6202.25,Active
22128884,86621601,216739,Savings,2025-06-07,885.86,Active
83798260,79052197,388389,Checking,2025-02-11,3761.57,Active
15935734,46513577,356787,Savings,2025-01-21,13510.76,Active
37103863,76004771,216739,Checking,2022-04-18,2982.88,Active
98085109,80461229,388389,Savings,2024-06-29,30768.88,Active
87009530,25607603,216739,Savings,2021-09-17,10401.63,Active
28944635,68533693,388389,Savings,2023-09-15,11313.79,Active
79898877,17939904,876646,Savings,2024-07-07,6143.24,Active
62302462,38583750,719176,Checking,2025-04-13,11704.56,Active
33302782,40582599,388389,Savings,2021-03-29,3297.34,Active
90679552,53886413,388389,Savings,2023-12-22,18485.48,Active
52209923,15416782,216739,Savings,2025-04-02,1520.38,Active
26454275,22691278,388389,Savings,2021-02-10,1636.03,Active
64530698,69057999,216739,Checking,2025-10-01,4111.68,Closed
30386442,47594961,207473,Checking,2022-04-04,1711.66,Active
50800908,65781202,770487,Savings,2020-03-20,1651.11,Active
86616333,72695253,191161,Checking,2022-07-27,6443.7,Active
78522639,34094550,671858,Savings,2020-11-24,2865.7,Active
70232336,99204568,719176,Savings,2021-10-16,7295.17,Active
61974799,62209498,126225,Checking,2024-08-06,30228.67,Active
98380048,33799645,388389,Savings,2023-11-19,2485.12,Active
32188694,31800801,246316,Checking,2022-06-12,16141.54,Active
22882585,28589541,388389,Savings,2022-05-17,4369.4,Active
61974812,35995114,334053,Savings,2025-12-04,6430.75,Active
69675299,12107242,126225,Checking,2025-08-12,17105.05,Active
90351910,79478250,334053,Savings,2021-01-09,34327.86,Active
89205032,67616237,388389,Savings,2024-12-12,7039.55,Closed
31992107,62864878,872246,Savings,2021-02-02,10447.07,Active
80128300,77446635,216739,Savings,2024-10-24,8328.36,Active
40347953,88227315,334053,Savings,2020-04-09,20366.1,Active
93727028,53788150,872246,Savings,2022-03-08,7646.88,Active
51194165,93273594,876646,Savings,2023-12-10,8463.61,Active
51063094,59522558,876646,Checking,2025-07-21,2552.69,Active
14199095,64765439,877572,Savings,2022-03-15,5824.67,Active
40511801,83410432,334053,Savings,2020-11-14,3266.57,Active
70723900,13188608,356787,Savings,2022-04-25,2111.51,Active
87271741,81509891,876646,Savings,2023-01-22,4198.53,Active
30288193,68304387,876646,Savings,2021-09-23,2269.12,Active
73410883,23477765,877572,Savings,2023-08-12,992.72,Active
44673348,20266504,877572,Savings,2021-07-24,2763.29,Active
86124869,92225032,770487,Savings,2020-07-31,8328.81,Closed
55355718,48217622,334053,Savings,2022-08-31,3215.25,Active
66627916,92519969,719176,Checking,2021-10-15,2971.74,Active
68004174,82099745,809570,Savings,2025-01-07,3831.73,Closed
17934675,87670307,246316,Savings,2025-08-26,1769.3,Closed
74525013,76430883,872246,Savings,2023-10-30,2049.83,Active
98183509,14695976,876646,Checking,2023-04-17,3966.53,Active
15116634,91602472,216739,Savings,2022-05-07,6468.86,Active
56633691,48283180,719176,Checking,2023-02-10,845.48,Active
37955933,59260465,207473,Checking,2021-04-27,2808.17,Active
31500638,93077045,334053,Checking,2020-06-20,1358.02,Closed
59287907,89439799,671858,Savings,2025-02-14,4501.24,Active
48900452,31047224,246316,Savings,2021-10-05,18397.74,Active
68528488,76561978,671858,Checking,2023-08-25,2723.68,Active
63318377,68304442,246316,Savings,2020-10-05,3014.66,Active
19704171,98647615,809570,Savings,2021-05-09,8711.71,Active
70494583,70893128,334053,Savings,2024-12-16,13321.42,Active
37202296,93306443,216739,Checking,2024-05-07,3882.01,Active
76130681,97631821,872246,Savings,2024-05-05,14345.05,Active
51915131,10272336,207473,Checking,2023-03-24,1091.22,Active
37792124,29507157,246316,Checking,2022-10-20,23334.12,Active
33073532,77086297,388389,Savings,2022-01-04,8516.75,Active
24062334,22920794,809570,Savings,2021-11-18,1608.71,Active
83241340,23969371,126225,Savings,2020-05-23,1397.89,Active
86288772,19054179,388389,Savings,2022-04-05,2837.77,Active
93235590,98451051,216739,Savings,2023-12-05,6359.82,Active
18721159,85048942,876646,Savings,2022-07-25,19176.13,Active
78096778,14171762,877572,Checking,2023-12-12,3918.59,Active
38447499,46317175,388389,Savings,2021-07-22,5845.89,Active
96643468,35536507,388389,Savings,2020-03-09,15708.8,Active
24062349,35307134,216739,Savings,2025-10-04,3272.86,Active
29993358,97304191,191161,Checking,2024-03-07,8092.87,Closed
52898193,13450881,809570,Savings,2023-12-06,8453.69,Active
84945299,62733960,809570,Savings,2023-10-28,2663.48,Active
60238229,43138697,216739,Savings,2023-07-22,17400.75,Active
27601303,17677962,207473,Savings,2020-11-30,2942.27,Active
10889626,84164235,334053,Savings,2020-12-31,6705.69,Active
19835291,57654926,719176,Savings,2022-08-03,5702.53,Active
90319262,11419280,809570,Savings,2024-11-09,1645.88,Active
14395807,81477265,877572,Checking,2024-06-07,1347.58,Active
81406369,91242132,388389,Checking,2024-02-12,50118.34,Active
55683490,54378136,356787,Savings,2021-08-14,7459.96,Active
80292258,43237017,671858,Savings,2021-10-13,21820.37,Closed
52242852,65126041,216739,Checking,2024-04-14,10438.77,Active
62597544,79117979,876646,Savings,2022-10-21,6345.59,Active
49686953,27082399,872246,Checking,2024-08-22,7049.28,Closed
77048234,60604064,388389,Savings,2024-07-25,19614.47,Active
94415276,20954788,356787,Savings,2020-09-19,5233.62,Active
96938413,96517797,216739,Savings,2024-12-06,3696.4,Active
41527727,52805286,872246,Savings,2025-06-23,11258.13,Active
95726000,84950694,126225,Checking,2025-08-27,1529.06,Active
89434545,22036141,770487,Savings,2020-02-28,7708.48,Active
54340018,37404336,246316,Savings,2021-12-09,13324.04,Active
59386293,74170039,334053,Savings,2022-10-01,1692.57,Active
67512758,59719362,872246,Savings,2024-12-05,14623.55,Closed
39102902,79249093,877572,Savings,2024-06-08,1120.58,Active
56207800,32095950,334053,Checking,2022-07-16,1776.98,Active
12069306,85638866,126225,Checking,2021-09-19,6618.99,Active
56535485,24395475,207473,Checking,2024-04-03,44057.68,Active
84486589,74890967,872246,Savings,2020-04-08,1375.99,Active
98904512,81968855,877572,Savings,2023-08-09,5366.36,Active
15247808,65584858,207473,Savings,2025-12-02,2489.65,Active
32909764,19513051,126225,Savings,2022-06-06,8110.77,Active
89532873,15417052,877572,Checking,2021-03-25,8912.48,Active
90548682,30555871,388389,Checking,2022-05-23,1907.35,Active
98544080,70106858,388389,Savings,2021-05-26,7017.43,Active
66726361,66371308,388389,Checking,2024-12-17,10631.49,Active
88943068,90291952,191161,Savings,2023-05-17,28027.71,Active
88713694,20823794,246316,Savings,2025-11-29,4007.14,Active
69249507,44285684,126225,Savings,2020-07-12,31519.28,Active
54077927,34291448,191161,Savings,2022-08-02,2921.12,Active
13347310,35667705,388389,Checking,2020-10-06,9462.93,Closed
54438382,10698490,207473,Savings,2022-05-10,2068.36,Active
85338609,98877179,388389,Checking,2023-02-09,8233.28,Active
49949169,74137343,671858,Savings,2025-12-20,542.66,Active
18164213,65847042,809570,Checking,2022-02-28,6441.83,Active
78359034,39206666,770487,Checking,2021-06-04,29281.72,Active
22522362,90029835,216739,Checking,2024-12-10,3518.87,Active
69741054,25411342,388389,Savings,2020-04-19,13315.81,Active
95169036,92749584,126225,Savings,2025-03-27,2703.42,Active
66595344,53067540,334053,Savings,2025-11-22,24289.97,Active
14101013,75906837,719176,Savings,2024-07-01,2019.16,Active
38480407,23183124,388389,Savings,2024-12-30,5356.11,Active
76196382,44515096,126225,Savings,2022-03-30,3168.85,Active
48212512,65126177,877572,Savings,2022-02-09,11577.16,Active
67217953,63651620,809570,Savings,2023-04-01,3071.19,Closed
55618085,10370853,334053,Savings,2025-06-25,3950.48,Active
94448166,98615080,334053,Savings,2024-01-30,449.01,Active
38251047,11190069,809570,Checking,2021-12-04,6032.28,Active
46803500,37994299,334053,Savings,2024-12-22,6252.16,Active
29960753,31309629,388389,Savings,2025-04-02,3501.34,Closed
23538227,61128509,877572,Savings,2020-11-15,735.55,Active
73869876,89833283,719176,Savings,2022-10-27,2944.34,Active
65874490,93044549,671858,Savings,2023-12-13,7688.53,Active
99002940,86687558,809570,Savings,2022-11-16,1103.45,Active
46279229,46546762,876646,Checking,2022-05-31,472.27,Active
13019708,87015244,246316,Checking,2020-08-28,11675.53,Closed
10889793,85311312,334053,Savings,2023-10-26,4954.13,Active
55880257,77938514,126225,Checking,2025-09-04,20008.27,Active
47753795,33734490,388389,Checking,2022-04-18,3782.68,Active
58501699,23215963,876646,Savings,2021-05-05,3076.05,Closed
64268870,15417187,877572,Checking,2022-08-11,818.79,Active
98773575,76791660,246316,Checking,2025-02-15,40284.13,Active
54536775,12861296,246316,Checking,2022-09-20,5176.67,Active
50866763,44449650,877572,Savings,2022-08-15,2859.47,Active
29305420,30785398,334053,Savings,2021-05-12,2423.85,Closed
62368332,56246137,191161,Savings,2022-02-16,40117.87,Closed
69118542,23478139,388389,Checking,2023-06-24,5812.33,Active
95169101,77381500,876646,Savings,2024-09-11,13242.79,Active
46180940,62865282,872246,Checking,2021-01-13,7267.61,Active
12102223,96124803,126225,Savings,2022-03-04,17172.96,Active
23997010,51691402,876646,Savings,2024-04-21,4800.56,Active
56240715,42680207,207473,Checking,2022-02-19,5300.13,Active
80620116,61489039,671858,Checking,2025-03-27,4193.18,Active
36874839,54214545,388389,Savings,2025-12-26,15359.13,Active
61647453,78790548,334053,Checking,2021-03-08,8531.95,Active
16624222,11943829,334053,Checking,2022-02-24,24694.28,Active
22358622,24297366,770487,Checking,2023-10-09,4351.52,Active
18491998,90292120,246316,Savings,2025-03-21,2122.49,Active
17115745,52150172,877572,Checking,2024-08-11,9268.58,Active
17181290,80428959,671858,Checking,2022-02-25,6545.67,Active
49293937,72826785,388389,Checking,2020-04-01,2865.86,Closed
34974322,62767017,877572,Savings,2023-03-31,1694.54,Active
75573877,51232684,876646,Savings,2023-06-01,7082.47,Active
64760439,58867631,388389,Checking,2024-07-18,682.03,Active
19049079,71057327,671858,Savings,2022-03-26,3841.33,Active
15968892,31211445,877572,Checking,2022-05-06,12496.02,Active
64531069,65322939,356787,Checking,2021-06-14,5099.4,Active
47950463,49856452,719176,Checking,2021-12-10,1730.92,Active
39332479,97337287,877572,Savings,2023-06-28,4568.61,Active
66464387,82067400,191161,Savings,2021-02-27,3823.81,Active
90188419,21413833,719176,Savings,2020-10-07,58862.66,Active
18131592,63029194,388389,Savings,2023-09-22,36385.28,Active
49588876,94060492,334053,Savings,2021-01-23,7803.22,Active
53029517,36487117,356787,Savings,2025-10-04,8018.35,Active
51751565,35864530,388389,Savings,2025-07-13,2066.23,Active
12167821,54509525,809570,Checking,2024-04-05,1903.97,Active
50768531,90357721,216739,Savings,2022-05-29,4782.78,Active
82619028,43073498,388389,Savings,2022-11-22,6089.62,Closed
12069533,75513822,207473,Savings,2025-02-07,7171.51,Active
11217566,39043039,334053,Savings,2022-04-16,2200.26,Active
99232414,46710751,877572,Savings,2024-01-02,8392.4,Active
97856160,41959392,877572,Savings,2022-08-14,1383.53,Active
62270113,90980319,334053,Savings,2022-08-19,3418.69,Active
82258593,87900131,872246,Savings,2021-05-06,7269.74,Active
89893537,40878052,388389,Checking,2022-06-28,711.78,Active
93137576,25706469,191161,Savings,2025-11-30,2234.3,Active
56175274,88326118,388389,Checking,2024-04-02,4704.3,Active
97462955,36388840,877572,Checking,2024-07-06,4552.29,Active
70757039,31932394,671858,Checking,2022-12-28,1801.38,Active
68135602,73154539,388389,Savings,2023-10-04,1713.44,Active
52701876,53559277,126225,Savings,2024-01-14,6598.35,Active
74853044,34619380,191161,Checking,2020-09-14,1252.53,Active
85928628,44613622,216739,Savings,2022-09-15,2950.95,Active
62794422,69976056,877572,Savings,2024-01-03,6911.66,Active
10267319,36683779,126225,Savings,2025-05-15,3952.26,Active
78490295,92487685,334053,Savings,2022-09-13,4159.44,Active
38480568,95731725,877572,Savings,2025-09-07,9976.05,Closed
39889595,47235091,216739,Checking,2025-04-08,2106.09,Active
14363324,96878614,809570,Savings,2025-02-15,2524.91,Active
32090814,16334872,207473,Savings,2020-02-07,5143.2,Active
32746177,12959768,877572,Savings,2023-06-30,2656.45,Active
53619394,80298008,388389,Savings,2020-09-29,4047.0,Active
24259267,64765985,719176,Savings,2023-08-05,2345.05,Active
51555012,40943650,334053,Savings,2022-12-19,3088.82,Active
98020037,81018915,877572,Savings,2023-01-25,9284.9,Active
51030729,45957159,207473,Savings,2023-09-16,2684.99,Active
75311817,52248617,809570,Savings,2025-09-20,9442.31,Active
96381641,30785579,207473,Savings,2020-11-15,10858.31,Active
10693328,68173867,671858,Savings,2021-12-02,1880.41,Active
33860305,43532332,334053,Checking,2021-03-28,10297.05,Active
53455571,62537781,719176,Savings,2021-12-10,1228.87,Active
40905429,95305783,334053,Savings,2022-10-17,623.63,Active
62499542,91701304,388389,Checking,2021-01-15,14078.92,Active
64694997,10043447,671858,Savings,2022-11-02,5532.87,Active
50539225,63225922,671858,Savings,2025-01-06,4063.94,Active
16362203,45367363,388389,Checking,2025-07-16,6640.19,Active
36023004,24657987,719176,Savings,2024-03-04,1804.02,Active
42937053,46415941,872246,Checking,2024-12-08,4106.1,Active
33336028,45137991,770487,Savings,2022-03-25,11460.75,Active
59419358,36880457,876646,Checking,2024-04-24,27518.62,Active
57617121,81543241,334053,Savings,2021-08-23,5295.9,Active
77507298,61816909,216739,Checking,2020-03-09,14543.43,Active
39365350,13942868,770487,Checking,2023-12-14,2691.62,Active
39561959,96125013,216739,Savings,2021-10-08,13018.79,Active
34515688,84623447,876646,Savings,2024-01-10,4676.19,Active
27011816,14139480,388389,Savings,2024-03-24,5143.44,Active
76688106,59850841,216739,Savings,2021-12-30,4260.21,Active
75311851,26394720,388389,Savings,2024-11-09,1745.89,Active
71412460,40812641,191161,Savings,2023-06-02,2037.64,Active
14985965,52510825,877572,Checking,2020-12-20,6353.38,Active
36285161,72630385,719176,Checking,2025-03-22,2114.89,Active
66988785,87474297,216739,Savings,2024-01-21,8095.7,Closed
71510769,93372541,216739,Checking,2022-12-04,1496.27,Active
67414769,77119614,334053,Savings,2022-03-08,1893.68,Active
35138292,62898301,876646,Savings,2023-01-18,6839.51,Active
47852279,82657410,809570,Savings,2023-03-30,9315.37,Active
61123323,42025091,334053,Checking,2022-02-20,20018.68,Active
49425152,22724752,216739,Savings,2023-03-01,3422.81,Active
67611394,65978513,334053,Savings,2020-08-06,11178.38,Active
68791043,69714066,770487,Savings,2020-10-18,3566.38,Active
44182277,94453907,770487,Savings,2022-07-27,24074.61,Active
35072783,11550868,334053,Savings,2023-07-03,2072.6,Active
68889362,48021653,719176,Checking,2021-03-13,4316.31,Active
33368852,48218265,872246,Savings,2025-07-06,2250.89,Active
19376920,35897497,877572,Savings,2022-10-27,9661.34,Active
95595289,41992349,356787,Checking,2023-09-07,9099.43,Active
79670047,23740573,770487,Savings,2025-08-28,20560.13,Active
14854944,13156518,216739,Checking,2021-12-13,18756.57,Active
45886239,99696817,877572,Checking,2023-10-23,4339.29,Active
78752546,85409976,770487,Checking,2025-12-08,2003.64,Active
11414309,67551416,876646,Checking,2025-01-21,24686.89,Active
92351274,49463487,877572,Checking,2023-11-03,9697.86,Active
40119082,31146177,877572,Savings,2024-08-03,6393.18,Active
93727540,81051847,334053,Checking,2020-03-08,2953.94,Active
55421749,76431561,246316,Savings,2022-01-21,2455.46,Active
43494200,89145547,126225,Checking,2024-03-12,6222.06,Active
53553980,49004748,191161,Savings,2022-04-13,8655.15,Active
36252476,60375248,334053,Savings,2020-12-21,13472.07,Active
76360510,57327826,719176,Checking,2024-01-02,17365.93,Active
53619520,42418399,719176,Savings,2021-09-04,6111.04,Active
87272259,62079201,334053,Savings,2021-06-25,3653.64,Active
69643077,23052513,809570,Savings,2022-08-11,30451.15,Active
65809222,41599206,191161,Savings,2022-12-30,5118.47,Active
85797704,20627691,356787,Savings,2021-05-01,1194.07,Closed
32090955,36946163,388389,Savings,2023-11-24,2800.0,Active
84519756,19022068,719176,Savings,2023-01-26,1566.34,Active
18525005,45596918,216739,Checking,2022-12-07,4957.7,Active
70888271,28426489,876646,Checking,2021-12-23,36673.5,Closed
72919889,15024377,246316,Savings,2022-12-11,11260.31,Active
40348499,94617850,876646,Checking,2025-04-29,11170.94,Active
81242964,39665917,191161,Savings,2021-07-29,7273.94,Active
25537370,92848396,719176,Savings,2020-08-17,25446.07,Active
14297948,90226958,334053,Checking,2020-08-27,12586.08,Active
87173982,18301201,207473,Savings,2025-05-16,10944.92,Active
56109921,93274386,877572,Checking,2023-03-04,4193.95,Closed
17214306,96125202,334053,Savings,2020-04-27,943.65,Active
74099554,57196820,334053,Checking,2022-12-18,863.48,Closed
21801832,27148566,334053,Savings,2025-03-12,2299.88,Active
56175464,59392282,207473,Checking,2023-03-31,39710.32,Active
43068267,19382555,334053,Savings,2023-06-19,2126.69,Active
12856174,66634012,207473,Savings,2024-08-16,13090.43,Active
70626161,92455201,876646,Savings,2022-02-18,7109.64,Active
25308020,32489763,388389,Savings,2022-07-15,10888.32,Active
21015414,35340580,207473,Savings,2024-04-25,6950.41,Active
20097910,33833256,809570,Checking,2025-12-03,1602.6,Active
82619259,65650985,216739,Checking,2025-07-10,16412.41,Closed
98773885,29770026,719176,Checking,2020-04-10,17448.0,Active
45525886,89538863,877572,Checking,2023-04-09,10212.54,Active
44280702,67813680,877572,Checking,2022-01-13,10770.42,Active
44608384,43237682,246316,Checking,2023-06-11,7512.6,Active
61614984,32227639,876646,Checking,2023-08-07,3905.68,Active
27372424,76824887,334053,Checking,2023-08-12,9183.13,Active
86813578,35143995,770487,Savings,2020-09-14,6138.69,Active
49621899,51757376,876646,Savings,2025-08-07,2877.95,Active
58698638,64078145,671858,Savings,2024-02-02,8281.52,Active
87960463,44646722,809570,Savings,2022-12-03,10705.39,Closed
63482768,78790977,719176,Savings,2025-12-20,5853.66,Active
73083793,39305541,671858,Checking,2022-05-23,6636.54,Active
32517015,77185352,876646,Savings,2025-09-29,3277.03,Active
29961112,47071562,126225,Savings,2025-12-04,4421.81,Active
16034712,20988242,334053,Checking,2020-10-29,2935.34,Active
20523931,67387731,877572,Savings,2024-03-28,2075.05,Active
91204508,47137108,388389,Savings,2022-10-05,1985.74,Active
45460383,65519957,334053,Savings,2022-10-30,6202.66,Active
12594079,49856856,671858,Savings,2023-06-14,10586.81,Active
78588835,89112926,216739,Savings,2024-02-23,5841.67,Active
42150820,94257504,770487,Savings,2024-02-06,11867.92,Active
91106214,90751332,770487,Savings,2024-10-16,4930.49,Active
70134699,94323045,877572,Checking,2025-04-25,8683.54,Active
29797293,87834984,388389,Checking,2025-08-07,8902.49,Active
86617006,41173353,671858,Savings,2021-04-15,4667.77,Active
28388276,97403242,770487,Checking,2023-04-03,822.77,Active
95595444,90456428,388389,Savings,2020-12-30,7159.2,Active
76491700,76562797,334053,Savings,2021-08-19,2292.86,Active
44510135,40190318,876646,Savings,2022-05-06,3467.51,Active
46476216,50348400,246316,Checking,2020-10-07,23520.52,Active
74722232,20267379,216739,Savings,2021-03-15,7977.29,Active
62499770,47923571,126225,Savings,2023-07-17,2975.17,Closed
95398838,67879290,809570,Savings,2022-09-06,7805.42,Active
78818247,57065854,877572,Checking,2024-11-27,4317.55,Active
39922635,18235776,388389,Savings,2024-04-17,2308.89,Active
38120400,59621760,334053,Checking,2025-02-08,2834.14,Active
46214099,76005767,388389,Savings,2022-07-05,9646.89,Active
16198613,63127944,334053,Savings,2024-09-28,6048.86,Active
47459286,55918988,388389,Savings,2024-07-11,1608.38,Active
63024090,46186895,809570,Savings,2025-12-16,7498.61,Active
93400026,67322256,334053,Savings,2022-10-31,3805.91,Active
53554139,89702804,191161,Savings,2024-06-19,3841.21,Active
58665951,58081688,388389,Savings,2023-09-20,12167.29,Active
47033311,48710048,334053,Savings,2024-07-27,10264.31,Active
71445473,81150374,719176,Savings,2024-01-05,5666.52,Active
57158624,28066215,191161,Savings,2022-05-21,9217.31,Active
42347489,16302504,877572,Savings,2024-01-26,4442.42,Active
45165540,80331177,246316,Savings,2020-02-27,3002.97,Closed
71543781,44777901,126225,Savings,2025-02-11,771.49,Active
23342054,86589871,876646,Checking,2020-08-04,11238.48,Closed
64269287,55853489,216739,Savings,2020-09-07,11958.05,Active
20327400,91341234,246316,Savings,2021-07-18,14992.05,Active
23145445,51823028,809570,Savings,2022-09-26,2420.41,Active
41561062,77054390,719176,Checking,2025-02-09,4562.01,Closed
73280496,28033466,126225,Savings,2021-07-11,1356.78,Active
39201777,47890884,809570,Checking,2020-09-12,8102.3,Active
18951153,16368071,356787,Savings,2021-12-20,4595.28,Active
74722291,65880522,809570,Savings,2024-04-05,4901.76,Active
80292852,19186124,356787,Savings,2020-02-14,27725.06,Active
12037109,94880211,388389,Savings,2025-07-02,5996.25,Active
30944246,68567509,809570,Savings,2020-04-02,19831.48,Active
62925815,23249368,809570,Checking,2025-08-02,7643.64,Active
76033016,80101849,770487,Checking,2021-02-28,6991.64,Closed
34384883,27378136,877572,Savings,2024-09-18,1371.41,Active
14920696,73548253,877572,Savings,2020-04-30,2486.59,Active
17017852,55067101,388389,Savings,2024-09-21,1751.92,Active
65776637,58671587,246316,Checking,2021-07-25,6516.5,Active
77474816,55001576,876646,Savings,2020-03-31,703.53,Active
25078789,34914792,216739,Checking,2020-01-28,31995.18,Active
25439239,63717874,388389,Savings,2023-04-09,6505.89,Active
82750471,15385077,809570,Savings,2022-11-23,1527.73,Active
52407306,68403702,216739,Savings,2024-07-27,3947.22,Active
95300621,46055930,334053,Savings,2025-09-19,18349.19,Active
45231120,27312636,126225,Savings,2024-06-09,4806.23,Active
27208720,79643140,877572,Savings,2020-08-13,2758.85,Active
87469076,88392196,334053,Checking,2023-04-22,6840.92,Active
26881045,45138440,388389,Savings,2023-06-11,4484.76,Active
59616284,34521615,191161,Savings,2022-12-04,6427.25,Active
18852895,84591120,770487,Savings,2022-12-12,3372.41,Closed
13282336,33374737,207473,Savings,2020-07-12,5377.38,Active
97430561,79151638,809570,Savings,2021-05-18,6370.03,Active
85535778,80298520,809570,Savings,2023-04-05,8581.56,Active
80849955,71680543,388389,Savings,2024-05-30,11617.78,Active
20687908,53559843,809570,Savings,2022-08-04,1785.28,Active
18295843,56705573,719176,Savings,2023-06-19,1995.93,Active
51719202,16204328,207473,Savings,2025-03-12,2262.69,Active
14527529,53625385,356787,Savings,2021-02-13,34735.24,Closed
62467116,78758442,356787,Savings,2020-06-08,1790.51,Active
78621740,96977450,334053,Savings,2023-07-21,9185.51,Active
12168244,35373612,246316,Savings,2022-03-21,2414.99,Active
73837621,65585707,388389,Savings,2021-04-16,4564.15,Active
91204662,39633455,877572,Savings,2025-06-27,5072.79,Active
88321078,60998192,126225,Savings,2024-06-02,691.22,Active
45722680,68469295,216739,Savings,2023-08-17,17198.75,Active
75181112,91177526,388389,Savings,2025-11-05,9402.4,Active
22719551,74105410,388389,Checking,2021-04-02,6542.49,Active
33729599,54411844,246316,Checking,2025-11-24,10845.6,Active
91860033,82133576,207473,Savings,2023-05-18,1735.43,Active
67185737,83280457,388389,Savings,2024-12-10,1795.19,Active
78261323,68436553,356787,Savings,2023-02-12,5019.93,Active
98511951,71549514,334053,Savings,2020-03-03,7571.7,Closed
41725009,13288014,388389,Savings,2023-06-29,1163.9,Active
74591322,69452369,126225,Checking,2023-04-26,16493.16,Active
27470939,40518226,246316,Savings,2023-03-01,12939.04,Active
37334106,31179349,191161,Savings,2024-01-06,2454.18,Active
42904667,51561050,877572,Savings,2025-01-18,9182.4,Active
14068828,66896487,246316,Savings,2022-06-17,4122.43,Active
58010717,92357224,719176,Checking,2024-11-14,3247.43,Active
15707233,25281129,872246,Savings,2022-01-11,4856.57,Active
27602018,54870634,877572,Savings,2023-03-21,1467.22,Active
39398504,69583464,126225,Savings,2025-08-02,7622.62,Active
71249004,54674041,876646,Checking,2021-03-18,9667.56,Active
29994094,44221050,216739,Savings,2025-09-28,8344.02,Active
16952434,64864895,334053,Savings,2025-12-11,18354.57,Active
30649460,58770050,388389,Savings,2023-02-27,2227.96,Active
11218037,88490628,876646,Savings,2020-02-17,8295.91,Active
38055030,78889607,671858,Savings,2024-01-23,33580.79,Active
47131767,73220744,876646,Savings,2024-12-28,20590.33,Active
15772790,82789000,246316,Savings,2022-12-14,15629.93,Active
12004468,63324810,876646,Checking,2023-06-12,8454.58,Active
38349941,88294032,809570,Savings,2025-12-06,5520.47,Active
15674493,45564566,216739,Checking,2024-04-15,6154.02,Active
81767551,32293530,388389,Savings,2021-01-13,5442.61,Closed
43330688,26755738,334053,Savings,2024-10-26,10251.68,Active
76950655,34030243,809570,Savings,2020-02-09,11885.38,Active
12758146,84820644,876646,Savings,2021-05-02,1582.24,Active
97266815,85017254,388389,Savings,2022-11-18,2269.12,Active
48934021,15581866,809570,Savings,2024-06-16,2151.57,Active
88091781,70992556,334053,Savings,2023-11-06,3339.13,Active
72690828,60801709,216739,Checking,2022-02-09,4694.79,Active
23211150,21676722,872246,Checking,2022-06-15,6247.6,Active
96906383,73941683,671858,Savings,2023-05-10,7807.36,Active
79768720,24986296,126225,Checking,2024-03-04,10294.69,Active
27045008,90096323,809570,Savings,2025-08-22,5999.76,Active
36908178,15712965,207473,Savings,2020-04-12,4426.46,Active
24882321,45138633,207473,Savings,2024-07-15,2353.98,Active
34483343,63619787,207473,Savings,2022-08-16,3106.27,Active
14134415,54706902,809570,Savings,2025-11-02,3198.61,Active
44543127,86491866,246316,Savings,2023-11-17,10041.51,Active
43396251,37110493,356787,Savings,2020-12-10,8172.98,Active
92482716,93536989,719176,Savings,2024-12-04,6163.56,Active
11316382,63619815,246316,Savings,2024-07-18,8071.48,Active
20032677,99271401,388389,Checking,2024-04-19,4226.01,Closed
85732526,14303988,719176,Savings,2022-09-07,2999.26,Active
20425903,47366900,877572,Checking,2023-08-10,1084.9,Active
11152572,55821057,246316,Savings,2023-11-02,3356.79,Active
57912509,86229768,877572,Savings,2024-05-19,1237.74,Active
37891262,47137544,334053,Savings,2022-06-24,6157.22,Active
51326142,54706953,334053,Savings,2025-12-30,2003.34,Active
85306558,82920205,719176,Savings,2024-04-29,4175.15,Active
97463492,16040719,877572,Savings,2023-02-17,4031.98,Active
21441733,75023119,246316,Savings,2024-11-19,673.41,Active
56962250,81871634,207473,Savings,2022-01-22,871.08,Active
87076044,76235548,216739,Savings,2024-06-17,8743.91,Active
92482768,47891233,877572,Checking,2023-09-01,5319.16,Active
41561304,72827683,216739,Savings,2020-03-31,17328.4,Active
85011678,57328422,671858,Savings,2024-09-11,7878.94,Active
61418720,99828519,876646,Checking,2021-01-28,3103.69,Active
38087907,75285294,334053,Savings,2021-02-05,793.4,Active
44412131,19088182,809570,Checking,2023-12-06,10207.28,Active
45460709,79905597,246316,Savings,2021-10-23,18077.56,Active
35269861,78234430,671858,Savings,2022-01-08,822.94,Closed
83700965,79250239,356787,Checking,2021-10-30,5664.32,Active
25570537,89899841,246316,Savings,2022-12-28,4114.58,Active
37858538,57328450,216739,Checking,2020-05-17,699.49,Active
18099435,52085575,809570,Savings,2024-11-20,1593.51,Closed
75410667,71058248,877572,Savings,2022-06-23,6987.15,Active
14331117,22856522,809570,Savings,2022-09-06,18740.12,Active
68988140,11289419,809570,Checking,2020-05-31,5469.92,Active
56405234,80266070,809570,Savings,2020-01-15,5273.52,Active
67710197,53298009,334053,Checking,2021-06-18,4568.86,Active
11513077,21381979,770487,Savings,2025-07-30,8827.2,Active
94055669,71222108,719176,Savings,2023-11-16,3257.79,Active
48311541,74990435,356787,Savings,2020-10-27,6169.03,Active
17214711,75252581,126225,Checking,2024-10-01,21165.46,Active
80915708,67093353,877572,Checking,2025-08-12,1883.26,Closed
65416446,58344299,126225,Savings,2023-01-16,5660.26,Active
31599871,21709677,216739,Checking,2022-12-28,4051.21,Active
66563329,52675448,246316,Checking,2022-12-11,3552.16,Active
69774595,60277625,334053,Savings,2020-11-11,3338.19,Active
51883268,52937596,191161,Savings,2025-02-13,4544.9,Active
12037384,31736704,809570,Savings,2023-07-04,4323.65,Active
92646665,20398976,809570,Savings,2025-05-07,3024.56,Active
53456136,31048578,872246,Savings,2023-02-28,8121.13,Active
32320779,95929218,809570,Checking,2021-06-24,3640.29,Active
62041356,13452165,246316,Savings,2020-03-21,2939.01,Active
40086794,94487435,126225,Checking,2021-08-19,2453.62,Active
28847373,48186254,356787,Checking,2022-09-03,9639.44,Active
72985871,68633488,191161,Checking,2025-11-19,1321.59,Active
30747919,32588689,191161,Savings,2020-08-02,6089.05,Active
81112337,86360986,216739,Savings,2024-03-13,7498.6,Active
69512466,24232859,356787,Checking,2022-07-10,585.46,Active
43330834,89047966,246316,Savings,2025-03-18,2413.6,Active
13511956,37208992,246316,Checking,2020-05-20,11817.41,Active
73182488,51495842,216739,Savings,2025-02-22,31367.56,Active
13020442,27247526,246316,Savings,2022-04-01,2513.59,Active
34614555,97633199,191161,Checking,2022-05-12,2229.15,Active
69217565,51135416,872246,Savings,2020-02-23,2614.06,Active
50015518,63882171,334053,Checking,2024-07-19,8491.53,Active
80915744,53265342,809570,Savings,2020-07-06,5420.08,Active
71085351,48350150,334053,Savings,2023-03-18,5962.19,Active
93007146,44647379,356787,Savings,2020-12-11,10263.24,Active
17706284,16171992,126225,Savings,2025-10-27,21598.42,Active
23801136,47891425,388389,Savings,2020-06-23,882.66,Active
61254963,42025954,809570,Checking,2024-06-06,8964.66,Active
70102337,35308514,334053,Savings,2024-03-30,14131.07,Active
53259586,66143204,388389,Savings,2021-07-22,8597.4,Active
62238018,71877617,872246,Checking,2024-09-29,3584.21,Active
46148932,40584185,246316,Savings,2022-09-29,14894.37,Active
72625478,29967361,388389,Savings,2025-02-13,3370.99,Active
96316743,62931974,876646,Savings,2025-06-28,6134.39,Active
65154377,38781963,877572,Savings,2024-02-09,1756.29,Active
61812041,21218320,191161,Checking,2023-07-27,4271.32,Active
51621195,51332114,334053,Savings,2022-12-21,15595.93,Active
23571789,88589332,334053,Savings,2024-01-19,13173.03,Active
92908877,14009379,334053,Savings,2023-12-20,8267.88,Active
94317906,61752356,246316,Savings,2021-03-18,45808.92,Closed
38284627,78005286,246316,Savings,2025-11-08,10937.9,Active
10202454,42583080,126225,Savings,2025-06-25,3336.17,Active
86158678,11551787,877572,Savings,2020-12-27,6641.69,Active
19639642,86787117,388389,Savings,2023-06-07,5911.36,Active
74591581,38159410,877572,Savings,2024-04-06,2776.1,Active
58535261,19973170,246316,Savings,2024-05-03,5220.52,Active
45690208,55690294,216739,Savings,2023-07-04,5760.85,Active
14298468,40092731,876646,Checking,2020-02-10,12203.0,Active
14462309,10175550,671858,Savings,2024-09-19,15857.22,Active
39234918,10437695,671858,Checking,2023-02-14,1608.93,Closed
16395620,61719617,388389,Savings,2020-07-27,7431.89,Active
49261929,78201923,388389,Checking,2020-06-17,6335.42,Closed
29830506,60703814,877572,Checking,2025-01-12,14347.39,Active
68169067,23708744,246316,Checking,2025-10-15,2941.96,Active
62958959,64635982,356787,Savings,2021-03-22,3829.26,Active
60796271,61916238,877572,Checking,2021-03-09,6377.55,Active
57617777,68535379,334053,Savings,2024-04-07,6582.36,Active
70626673,99271765,356787,Savings,2021-12-29,9517.91,Active
46116215,20333657,671858,Checking,2021-03-26,13377.86,Active
24391032,39601248,809570,Checking,2021-09-26,4123.65,Closed
60796280,60703850,719176,Checking,2020-08-09,2233.13,Active
95038842,20202604,809570,Checking,2025-01-06,2138.18,Active
35499383,20071532,877572,Savings,2023-02-10,17423.96,Active
11677049,75973748,872246,Checking,2024-10-18,2061.94,Active
60763517,70370420,356787,Savings,2024-05-16,12287.49,Active
81014143,37864566,207473,Checking,2021-07-19,761.03,Active
12332416,37635192,216739,Savings,2024-11-12,8783.47,Active
70102402,40879225,356787,Savings,2023-12-14,4533.4,Active
45886856,27214969,334053,Checking,2020-02-07,10239.11,Active
59223437,38487173,334053,Savings,2024-02-09,4052.48,Active
25374095,70960265,876646,Savings,2023-11-14,4518.86,Active
58011023,39666825,809570,Savings,2025-11-16,6018.72,Active
40086927,41141389,126225,Savings,2022-08-31,1815.77,Active
86846869,93111440,719176,Checking,2020-06-21,5693.12,Active
33107350,23118995,809570,Savings,2020-05-02,5295.77,Active
13118871,31442068,216739,Checking,2021-08-25,22365.89,Active
72330652,59622552,877572,Savings,2022-09-27,11152.81,Active
91401629,19973272,877572,Checking,2021-02-22,10279.28,Active
69905822,10765466,876646,Checking,2025-01-21,6196.42,Active
48672159,84853914,356787,Savings,2024-03-08,10576.64,Active
75443615,66503837,216739,Savings,2020-10-27,1191.82,Active
71314849,31311013,877572,Savings,2023-09-08,11344.17,Active
95071652,42026149,876646,Checking,2021-02-14,2421.53,Closed
91336105,77907115,356787,Checking,2024-07-22,1594.34,Active
99659178,33572013,388389,Savings,2023-06-08,4507.53,Active
68464044,98616493,388389,Savings,2020-10-08,8355.69,Active
75443628,45630639,719176,Checking,2025-09-03,57450.91,Active
24423852,39535794,809570,Savings,2022-08-13,808.95,Active
30518708,14042292,809570,Savings,2024-03-22,2948.73,Active
93760951,30426294,126225,Checking,2020-04-26,5630.11,Active
82259385,65520823,246316,Checking,2022-02-10,3002.27,Active
83307962,80037046,876646,Savings,2025-03-10,51514.58,Active
70069691,40027322,126225,Savings,2024-11-18,8012.3,Active
12234176,41895103,246316,Checking,2023-02-10,4202.23,Active
18394560,81020098,877572,Savings,2021-06-05,1630.97,Active
21212610,66995399,334053,Checking,2024-07-27,2903.36,Closed
66727364,15353031,216739,Checking,2023-03-29,9659.67,Active
90615241,23872713,216739,Savings,2021-04-02,2931.78,Active
99921354,89343175,246316,Savings,2021-04-18,9310.76,Active
71806411,73909465,356787,Savings,2020-07-06,8152.17,Active
23375306,44188891,770487,Savings,2025-10-11,6922.34,Closed
92548559,17319131,246316,Savings,2025-12-01,8430.48,Closed
37891537,71877858,809570,Savings,2022-06-13,10003.82,Active
87567826,24233190,877572,Savings,2022-02-27,4616.24,Active
19082707,60638442,356787,Savings,2022-04-14,4024.6,Active
94318036,12043499,876646,Savings,2023-07-06,4498.22,Active
25210326,93275373,876646,Savings,2025-06-22,1414.05,Closed
88157656,18597103,207473,Savings,2024-03-22,15341.72,Active
41233881,60212465,126225,Checking,2023-06-21,1249.42,Active
31043034,30393586,356787,Savings,2020-09-19,932.92,Active
57028059,94455026,809570,Checking,2021-04-03,24673.37,Active
77180379,27968754,126225,Savings,2022-01-11,12495.87,Active
44215768,37176565,356787,Savings,2023-07-29,4455.7,Closed
25931230,40617207,334053,Savings,2023-02-08,19316.42,Active
99724760,44483834,246316,Checking,2025-09-14,3241.24,Active
73739747,58180863,334053,Checking,2025-12-06,13282.78,Active
22523363,91112704,770487,Checking,2024-05-09,3815.89,Active
24554985,11846916,216739,Savings,2024-05-27,8190.91,Active
74919405,11781382,876646,Savings,2021-09-13,5228.86,Active
56471027,26002695,809570,Savings,2024-06-27,1215.48,Active
53587444,44123401,126225,Checking,2024-01-17,2759.97,Active
73969142,45532425,809570,Savings,2021-07-26,3552.72,Active
19836409,48317707,877572,Checking,2020-12-23,6339.81,Closed
39038461,47334666,334053,Savings,2021-05-16,5119.97,Active
25046526,15549711,872246,Checking,2025-12-30,1058.03,Active
49425917,25543953,877572,Checking,2024-10-23,2384.88,Active
78228998,44582161,877572,Checking,2020-10-20,15730.12,Active
11906567,82101523,126225,Checking,2025-11-08,3834.57,Active
87862790,37111068,876646,Savings,2021-06-02,1434.22,Active
97168906,86951199,872246,Savings,2020-03-10,12566.16,Active
47951371,37373216,809570,Checking,2021-10-29,4147.0,Active
19508749,93242657,246316,Savings,2021-04-22,11274.0,Active
66825742,96257313,877572,Checking,2020-05-15,2671.44,Active
80850446,52970787,877572,Savings,2021-02-05,2390.36,Active
67972622,75515175,246316,Savings,2025-02-27,2247.9,Active
67644942,29869353,719176,Savings,2024-02-25,5594.22,Active
63352338,43795754,126225,Checking,2020-04-10,31200.02,Active
51555860,79414571,334053,Savings,2023-01-17,3420.3,Active
43560472,71779636,334053,Savings,2024-11-22,5991.36,Active
35204632,80233781,334053,Savings,2023-08-09,31937.22,Active
85896729,80135478,191161,Savings,2024-03-23,5230.71,Active
85241371,10175799,334053,Savings,2023-02-26,1891.99,Active
90123805,86263097,334053,Savings,2020-01-10,4676.82,Active
37072414,48153914,334053,Savings,2021-01-15,6255.46,Active
75673121,90457402,719176,Savings,2021-03-29,1968.83,Active
47558179,41567549,216739,Savings,2021-11-19,3366.76,Active
37039652,91505983,872246,Checking,2022-02-08,2440.13,Active
52080163,87180611,877572,Checking,2021-07-03,32506.49,Active
18099750,11945284,671858,Savings,2023-09-17,1536.44,Active
64106023,79676741,809570,Savings,2022-05-01,2867.38,Active
63942184,45761862,246316,Savings,2023-01-25,1261.38,Active
38252076,56542534,872246,Savings,2024-08-11,2497.37,Active
65252909,68207943,216739,Checking,2023-11-13,3981.73,Active
24358451,22922575,770487,Checking,2023-08-11,8785.01,Active
90517043,43566415,388389,Savings,2020-07-14,10132.61,Active
23965235,61359444,770487,Savings,2023-10-14,3217.14,Active
32910902,81216853,246316,Checking,2020-06-22,7132.63,Active
52604474,75842904,334053,Savings,2025-05-20,781.16,Active
39562811,52905306,877572,Savings,2023-11-15,6057.71,Active
94678589,53921119,388389,Savings,2024-02-29,3058.24,Active
62336574,39404895,216739,Checking,2022-08-05,4211.87,Active
66596415,85116266,809570,Savings,2024-03-31,13228.55,Active
45821502,70075755,809570,Savings,2025-10-27,3887.48,Active
90549825,90686827,388389,Savings,2023-11-28,9116.61,Active
51129922,74663278,207473,Savings,2023-06-14,897.6,Active
55225924,48186737,216739,Savings,2025-04-23,5765.39,Active
30289477,12895606,809570,Savings,2025-06-03,22646.78,Active
40283716,48711031,246316,Savings,2022-11-17,3511.91,Active
23047754,68404599,216739,Savings,2023-10-11,1873.1,Active
16592464,42485111,216739,Savings,2020-05-13,9915.04,Active
25210448,14435705,216739,Checking,2020-04-01,9412.02,Active
74493520,28263801,872246,Savings,2024-07-06,7893.46,Active
16690769,74270076,356787,Checking,2023-02-26,803.3,Active
77377114,94848377,388389,Savings,2025-10-11,2750.08,Active
71216730,28689791,246316,Savings,2023-12-29,2474.51,Active
61681244,11060607,719176,Savings,2021-01-27,4188.12,Active
73608800,56509823,246316,Savings,2023-08-16,1814.17,Active
33861217,43730309,246316,Savings,2021-07-29,8796.91,Active
87436900,73254279,246316,Savings,2023-11-07,6938.27,Active
46083687,73057671,877572,Savings,2023-04-25,31835.22,Active
92417639,93930900,877572,Checking,2023-01-14,8616.52,Closed
77082220,71550364,388389,Checking,2023-01-06,2365.41,Active
84094574,24659357,671858,Savings,2025-05-22,2783.31,Active
83177071,23512483,876646,Savings,2021-07-23,14405.99,Active
84586097,86066599,356787,Savings,2023-10-03,767.94,Active
16264821,57755049,191161,Checking,2024-01-28,1711.31,Active
41168504,52544938,809570,Checking,2020-01-19,7970.35,Active
82390649,32818604,246316,Savings,2020-11-18,9535.58,Active
98545274,51824047,246316,Checking,2024-11-07,4666.72,Active
34909822,87115184,191161,Checking,2025-09-23,3719.77,Active
19967616,38815153,191161,Checking,2023-10-08,3153.68,Active
38645378,34325939,246316,Checking,2021-12-05,2648.09,Active
47820419,19875253,809570,Savings,2020-02-11,4114.29,Active
58175106,94619065,207473,Checking,2024-06-09,26039.23,Active
34483845,26658243,877572,Savings,2024-07-24,562.77,Active
52866696,63194565,207473,Checking,2020-09-07,2041.62,Active
25013901,90195408,872246,Savings,2022-07-26,23448.37,Closed
35401357,86853073,388389,Checking,2023-10-17,11843.23,Active
68497039,15943124,246316,Checking,2021-10-29,1462.56,Active
39104144,78235099,334053,Savings,2021-07-25,4183.1,Active
10989199,24495580,334053,Savings,2022-02-21,10156.26,Active
17608335,81413596,388389,Checking,2023-12-23,12709.76,Active
28847760,97863144,207473,Checking,2025-07-20,2063.31,Active
68791956,46777833,872246,Savings,2021-07-01,2641.42,Active
80555669,17188330,770487,Checking,2024-02-15,2021.79,Active
36482710,94127596,809570,Savings,2023-06-20,3958.02,Active
26029722,76596719,671858,Checking,2023-08-15,7551.91,Active
38121117,27870704,126225,Savings,2021-05-06,15474.21,Active
69152414,31933938,877572,Savings,2022-09-30,1431.41,Active
74067614,39044596,877572,Savings,2023-05-14,12426.07,Closed
81833630,29804022,877572,Checking,2020-11-24,5892.04,Active
44936873,84264439,872246,Savings,2022-11-23,4022.39,Active
68464298,12862969,246316,Checking,2025-05-07,44598.68,Active
68497067,77579774,126225,Savings,2023-02-14,23068.31,Active
83668652,69256708,877572,Savings,2023-06-07,973.25,Active
93793965,45696518,126225,Checking,2023-03-25,23579.01,Active
41791152,65684999,877572,Savings,2025-06-01,5066.55,Closed
47656625,27510280,334053,Savings,2020-07-15,1490.13,Active
98643632,18335251,246316,Savings,2020-02-20,15429.9,Active
70266549,52086291,216739,Savings,2025-07-04,16145.82,Active
54865589,83117599,356787,Savings,2021-10-01,5373.61,Active
40119992,37963296,877572,Savings,2020-10-21,7465.81,Active
48115385,70239777,246316,Savings,2020-08-28,5624.49,Active
65679035,58443297,334053,Checking,2023-05-16,4587.27,Active
59780795,14173734,719176,Savings,2024-11-16,21903.56,Closed
64073405,63653415,809570,Savings,2020-05-27,3978.93,Active
17182398,87377452,216739,Savings,2020-12-07,16819.46,Active
37170879,22890030,872246,Savings,2023-01-01,8281.25,Active
14167756,14304815,216739,Savings,2023-07-24,1638.49,Active
68464333,44516913,356787,Savings,2024-09-28,4384.52,Active
22916816,98190902,191161,Savings,2023-02-18,4802.06,Active
99430097,71681591,809570,Savings,2022-09-14,3053.37,Active
80228051,61556281,877572,Savings,2022-12-29,3273.52,Active
15642324,33441346,246316,Savings,2020-08-11,9081.24,Active
78360279,18531907,770487,Savings,2025-08-23,10865.59,Active
74493656,96618051,872246,Checking,2022-03-28,8840.02,Active
16002782,25871939,876646,Savings,2025-02-20,5810.67,Active
15937249,30230087,207473,Savings,2024-10-25,3537.87,Active
55553766,73483848,877572,Savings,2020-03-06,3592.47,Active
68038375,60376647,191161,Savings,2023-02-18,6278.21,Active
72101608,43370067,770487,Checking,2022-02-19,9425.63,Active
66203368,63096404,877572,Savings,2024-02-11,21768.6,Active
22753004,49170012,334053,Savings,2024-11-14,7118.16,Active
70758125,16107115,809570,Savings,2021-11-22,9276.49,Active
19476204,95995509,809570,Savings,2021-07-21,1206.01,Active
66858737,84526722,356787,Savings,2025-10-15,1026.41,Active
51097333,65586819,334053,Savings,2023-11-17,2745.06,Active
92843766,76170884,809570,Savings,2021-05-19,8155.02,Active
84946680,49104517,334053,Savings,2022-11-05,3111.42,Active
41889529,33375878,191161,Savings,2024-04-22,676.47,Active
91533050,77350535,246316,Checking,2025-04-05,4221.52,Active
62205690,75613832,388389,Savings,2024-11-13,23073.38,Active
58765052,29836938,877572,Savings,2020-05-21,14478.22,Active
83767037,58934924,191161,Checking,2022-11-04,1332.31,Active
70692607,59491982,356787,Checking,2023-02-02,4887.26,Closed
23015168,25904783,334053,Checking,2020-01-31,3503.08,Active
98709251,59098767,216739,Savings,2020-04-20,3994.06,Closed
88780552,52905617,216739,Savings,2024-04-13,7590.36,Active
25964297,83478162,216739,Savings,2022-10-14,3999.11,Active
54636298,77088403,876646,Checking,2020-07-29,17152.3,Active
67219211,42911376,872246,Savings,2021-04-06,1378.24,Active
56798985,63555221,334053,Savings,2025-08-03,9633.59,Active
23768845,86591135,356787,Checking,2025-09-28,12352.11,Active
86421261,54183583,388389,Checking,2022-04-13,3892.88,Active
79376143,78464673,126225,Savings,2025-03-12,6230.88,Active
88682261,90752682,126225,Savings,2025-02-19,39902.68,Active
85864214,38979243,216739,Savings,2022-01-09,5142.08,Active
15871766,91408044,334053,Savings,2023-07-27,10256.36,Active
43429656,43599533,246316,Checking,2024-01-09,12039.97,Active
82456345,43632299,877572,Savings,2020-10-13,1876.97,Active
80326426,51398319,388389,Savings,2022-02-03,47683.68,Active
18657052,49432235,876646,Checking,2024-12-21,4020.11,Active
75116322,90490546,191161,Savings,2023-06-07,4235.99,Active
67514147,16271035,334053,Savings,2020-09-25,8927.69,Active
42053412,62408380,356787,Savings,2025-06-16,5762.5,Active
62107433,12437182,334053,Checking,2025-02-05,3677.63,Active
56995632,79283902,207473,Savings,2020-08-18,9071.47,Closed
54701874,12764866,876646,Checking,2022-07-28,1563.53,Active
79769395,48416466,671858,Savings,2020-09-09,19532.14,Active
63975220,53397203,388389,Checking,2022-07-26,6958.76,Active
16985910,25085657,876646,Savings,2023-07-26,8501.8,Active
60469046,83117789,246316,Savings,2021-01-05,3631.77,Closed
15904568,42747613,388389,Savings,2022-10-19,3069.45,Active
45592376,85509858,877572,Checking,2024-08-14,1668.79,Active
85208890,37832419,877572,Savings,2021-12-27,9880.64,Active
70233917,50448101,877572,Savings,2021-06-20,1171.27,Closed
65515326,94324458,671858,Checking,2021-10-18,6065.43,Active
13512511,31573742,877572,Savings,2025-01-21,3151.22,Active
12955467,18433775,809570,Checking,2021-11-03,6096.48,Active
23572305,24594159,126225,Savings,2020-02-26,2188.82,Active
58896215,56641264,388389,Savings,2022-07-14,15342.89,Active
60469084,75450100,876646,Checking,2021-05-29,2007.01,Active
59354974,21907190,809570,Savings,2021-01-10,377.64,Active
40218464,39143166,770487,Checking,2021-05-08,3685.53,Active
22032226,29378307,356787,Savings,2024-08-13,2226.74,Active
80228196,67258120,671858,Savings,2021-04-05,3977.9,Active
21409636,67684105,388389,Savings,2022-08-15,2369.61,Active
93532006,14894860,207473,Savings,2020-06-14,6197.91,Active
94547819,34916110,877572,Savings,2024-04-13,1472.61,Active
42315629,55625492,877572,Savings,2024-08-05,5017.5,Active
72920943,26920726,809570,Savings,2025-08-18,3780.54,Closed
71970673,44222233,876646,Checking,2023-07-03,2100.89,Active
30617458,86755111,388389,Savings,2021-04-18,1740.96,Active
77574005,54970155,876646,Checking,2021-05-29,16798.3,Active
88387447,44713772,809570,Checking,2021-09-14,1578.27,Active
22654842,19089198,334053,Checking,2025-08-26,2511.79,Active
40382331,35637038,126225,Savings,2023-08-27,14175.51,Active
31928191,37013300,334053,Checking,2023-04-09,5639.93,Active
41529216,38258484,126225,Savings,2022-09-03,6155.22,Closed
31993730,81741623,216739,Savings,2020-02-08,2331.71,Active
49917828,13223739,356787,Checking,2023-11-30,4166.39,Active
80195461,62375741,876646,Savings,2024-03-31,31865.19,Active
94515079,71386952,877572,Savings,2022-10-10,13353.28,Active
93302663,63752009,216739,Savings,2022-02-24,1941.16,Active
52113293,63227723,246316,Savings,2021-11-11,3620.88,Active
68005773,64407372,356787,Savings,2021-09-29,477.75,Active
98152337,70043470,388389,Checking,2021-11-08,9377.34,Active
21671828,70240079,216739,Savings,2025-08-31,1917.38,Active
86060951,65193808,671858,Savings,2023-02-13,7580.46,Active
18886555,69715793,246316,Savings,2022-08-23,4911.17,Active
21475230,79710035,334053,Savings,2021-08-07,3471.11,Active
16953248,57263956,388389,Savings,2022-04-09,4012.94,Active
72003491,33933142,877572,Savings,2024-09-12,4014.87,Active
13119399,27182935,246316,Savings,2024-08-06,1774.02,Active
75575207,10635100,388389,Savings,2021-10-19,10737.13,Active
69709736,68667231,191161,Savings,2021-11-19,5247.74,Active
79867818,70928223,334053,Savings,2020-03-26,15255.01,Active
32780205,80594785,388389,Checking,2020-07-18,1186.27,Active
56635310,94521185,719176,Savings,2024-07-24,11912.94,Active
33075119,25773925,872246,Savings,2024-10-17,3016.73,Closed
12496815,86591334,207473,Checking,2020-07-25,3320.95,Active
78000049,74958696,388389,Savings,2020-03-21,12584.54,Active
12857263,27117416,126225,Checking,2024-05-30,13736.89,Active
64925616,13387634,719176,Savings,2025-07-12,19563.66,Active
67448759,61851507,388389,Savings,2023-09-05,4825.54,Active
61484985,28591988,877572,Savings,2025-06-05,3952.44,Active
85620939,72238964,388389,Savings,2025-11-22,17112.62,Active
78458821,32163704,809570,Savings,2021-12-01,9200.51,Active
36843462,80824184,872246,Savings,2020-05-10,6253.32,Active
66891719,69191549,388389,Savings,2022-10-04,790.29,Active
80359371,29509503,770487,Savings,2025-11-23,3733.61,Active
54046668,30099327,719176,Savings,2021-06-17,3371.13,Active
77672396,94095234,246316,Checking,2025-03-20,3938.58,Active
43397067,69846915,876646,Checking,2022-08-08,2428.51,Closed
18788301,98256787,809570,Savings,2023-11-17,3503.03,Active
16101334,15419287,388389,Savings,2020-02-20,18885.08,Active
35925975,65456043,216739,Checking,2023-02-26,11614.06,Active
63844312,14567341,246316,Checking,2022-10-29,7539.66,Active
15282137,64341940,334053,Savings,2025-11-29,6790.03,Active
83734495,76302269,207473,Savings,2023-01-11,1997.25,Active
60796896,57100223,216739,Savings,2024-10-25,8044.59,Active
45068257,24004543,877572,Savings,2025-02-26,8273.16,Active
88190946,50907084,334053,Checking,2021-06-18,5035.13,Active
12496864,74762191,872246,Savings,2023-02-24,1588.13,Active
48639975,98224079,126225,Savings,2022-10-24,18239.14,Active
91467752,52873169,388389,Checking,2020-11-20,4396.52,Active
52342760,81250258,719176,Savings,2024-08-08,7256.84,Active
19967983,35768275,809570,Savings,2024-11-16,10385.38,Active
85405680,28067793,191161,Checking,2025-04-24,1298.14,Active
64925681,53659599,246316,Checking,2020-12-05,19679.89,Active
76492787,95635415,334053,Savings,2023-02-24,1584.73,Active
13938678,28461026,719176,Savings,2022-03-22,4382.06,Active
38350840,60901352,216739,Savings,2020-03-09,18585.83,Active
39890940,15452137,770487,Checking,2022-12-27,1666.12,Active
40153085,65390574,809570,Checking,2024-04-21,3716.56,Active
81670142,96651247,246316,Savings,2023-02-23,10420.61,Active
54734846,73811952,877572,Savings,2020-03-17,15498.23,Active
20819970,18171886,126225,Savings,2023-03-07,1521.45,Active
27242499,35047412,207473,Savings,2020-07-10,1877.56,Active
24457220,48941046,246316,Savings,2025-07-05,4110.42,Active
49950725,27150326,876646,Savings,2022-03-13,8686.6,Active
43560966,31868923,671858,Savings,2023-11-24,4372.17,Active
59650054,10340347,809570,Checking,2021-07-24,5036.93,Active
82980870,50219005,334053,Savings,2022-01-03,4280.07,Active
31010826,72992763,216739,Savings,2023-09-11,5660.68,Active
71675915,31934466,191161,Savings,2025-09-20,6815.67,Active
27923223,71878659,388389,Savings,2020-12-24,8274.76,Active
42053645,26953735,126225,Savings,2024-10-27,21081.31,Active
62730254,29804555,246316,Checking,2024-05-20,6925.42,Active
31141902,54872078,216739,Checking,2025-07-15,9076.18,Active
14561293,41764883,216739,Checking,2020-03-14,10005.25,Active
24064014,62474261,388389,Savings,2025-05-03,10308.73,Active
53817362,33507351,388389,Savings,2023-05-29,6788.6,Active
92942354,35735576,809570,Checking,2022-10-08,21999.83,Active
36188180,64997405,216739,Savings,2023-11-25,892.06,Active
83210252,72173598,671858,Checking,2025-11-14,4623.26,Active
11907087,26888229,770487,Checking,2023-12-03,6667.63,Active
30814233,56641580,334053,Savings,2023-10-17,2873.21,Active
52670498,49596461,388389,Savings,2024-12-01,18070.02,Active
25571365,51234862,809570,Savings,2023-02-06,782.74,Active
71774245,46090285,246316,Savings,2023-01-08,3571.22,Active
38416423,80529456,356787,Checking,2021-09-15,1054.47,Active
51523627,78465074,216739,Savings,2025-11-24,3447.85,Active
30945326,82167860,809570,Savings,2024-12-20,2423.64,Active
49000496,55560245,207473,Checking,2023-11-22,6564.73,Active
33992756,23611447,876646,Savings,2022-03-15,39288.03,Active
99725367,21940280,877572,Checking,2020-01-31,16722.36,Active
71053371,63916091,246316,Savings,2023-05-26,1439.76,Active
28782652,32163915,388389,Checking,2020-04-18,7647.5,Active
89698363,20301903,334053,Savings,2020-05-02,3155.31,Active
69480516,70961231,207473,Savings,2020-11-19,11077.64,Active
71217223,89409621,356787,Savings,2023-12-27,10096.02,Active
14495818,75974746,334053,Savings,2020-05-29,17600.52,Active
81604686,46155867,770487,Savings,2020-10-04,21383.5,Active
56766543,54544483,388389,Savings,2021-12-07,12650.98,Active
66039888,84232291,207473,Checking,2021-12-22,4347.15,Active
69447763,35113062,334053,Checking,2020-06-19,4270.41,Active
96055379,52971623,671858,Checking,2025-04-10,1527.73,Active
81145942,13781100,872246,Checking,2021-10-04,7087.08,Active
75018329,75614320,809570,Savings,2022-03-14,7566.56,Active
72298589,86493298,872246,Savings,2023-05-08,1025.02,Active
89829473,72665203,356787,Savings,2025-11-05,13854.31,Active
55357539,58378359,207473,Savings,2022-05-31,3880.55,Active
42512485,22300792,877572,Checking,2020-05-11,1935.45,Active
53063783,62900345,207473,Checking,2022-07-23,6005.9,Active
44544104,19089530,356787,Checking,2022-11-18,1385.36,Active
17772649,67520637,334053,Checking,2024-10-06,2701.95,Closed
16396405,23251070,770487,Savings,2025-06-24,2277.09,Active
78164086,38815871,809570,Checking,2023-06-15,2295.68,Active
97366137,72403072,216739,Savings,2021-01-31,1964.28,Active
56602746,57952384,876646,Checking,2021-05-23,4064.02,Active
71217276,18204812,876646,Savings,2023-11-05,10702.17,Active
82194560,27117708,246316,Savings,2024-05-06,1962.34,Closed
97104002,58574991,809570,Savings,2020-12-15,2714.55,Active
87797891,20891793,770487,Savings,2022-02-26,1976.8,Active
68137092,13912210,809570,Savings,2025-06-07,10848.14,Active
51523717,10406039,216739,Savings,2022-03-23,3541.52,Active
66433162,34785437,809570,Checking,2024-04-12,7125.46,Active
77901964,55986334,719176,Checking,2021-03-06,3411.67,Active
75182224,77547679,872246,Savings,2024-06-21,19110.95,Active
55062677,32721053,246316,Checking,2024-01-27,4290.72,Active
60502167,23382179,356787,Checking,2020-12-12,13642.52,Active
37630104,34261159,216739,Savings,2024-12-01,11276.28,Closed
65286296,27314345,719176,Savings,2025-11-15,3674.43,Active
47558814,39012524,388389,Checking,2020-01-23,2684.2,Closed
52605087,82790574,388389,Checking,2022-09-22,3340.91,Active
26488992,65980592,809570,Savings,2024-08-01,3726.11,Active
92713120,20007089,246316,Savings,2022-05-28,17562.34,Active
21377185,36096178,876646,Checking,2020-01-03,12254.24,Active
97530018,92686518,207473,Savings,2021-12-14,7151.31,Active
56996003,24561847,334053,Savings,2020-01-20,3100.67,Closed
73150629,13387960,809570,Savings,2022-08-26,2342.81,Active
39858342,57526460,246316,Savings,2021-07-21,1346.83,Active
88486054,95176896,877572,Savings,2021-12-30,3653.71,Active
75542688,24987846,671858,Savings,2021-01-25,2980.08,Active
98250917,16206022,719176,Checking,2020-01-08,15587.15,Active
20099242,27347145,216739,Savings,2023-05-10,7840.01,Active
16429227,46909642,770487,Savings,2021-10-13,4812.36,Active
12890285,57723081,876646,Checking,2024-05-10,10431.7,Active
30650547,47565003,216739,Checking,2021-01-09,15780.72,Active
92450997,81184974,246316,Checking,2020-08-24,4310.28,Active
59551926,68077776,877572,Savings,2023-10-13,4280.1,Closed
17903797,18696402,207473,Savings,2022-06-06,1433.16,Active
57946297,88950996,356787,Savings,2022-10-03,17622.93,Active
81408187,86493396,191161,Checking,2025-04-30,11900.57,Active
33304763,47466710,719176,Savings,2022-06-19,3036.65,Active
23736510,76925145,334053,Savings,2021-10-13,11904.43,Active
89043135,56346849,126225,Savings,2020-12-03,601.78,Active
15642816,59033829,216739,Savings,2022-04-16,3248.45,Active
66990273,77678822,719176,Checking,2025-11-08,5243.12,Active
61747394,57559274,719176,Savings,2023-05-13,6562.67,Active
69939395,35014896,877572,Savings,2025-06-19,11447.92,Active
38514884,54184184,388389,Checking,2023-01-23,2307.92,Active
75018436,47499513,356787,Savings,2025-07-01,8305.94,Active
66433222,62245119,356787,Savings,2023-05-22,10291.75,Active
77541571,33868034,216739,Checking,2025-08-13,4044.58,Active
82260168,96651529,216739,Savings,2024-05-20,3298.14,Active
20000970,51333387,809570,Checking,2020-10-22,1662.12,Closed
25768140,75876620,671858,Savings,2020-10-10,2928.01,Active
64499917,46057743,809570,Savings,2024-12-02,824.38,Active
21901518,12241168,126225,Savings,2021-08-12,4150.28,Active
21901519,23873812,216739,Checking,2020-02-28,5460.12,Active
16888018,47466772,246316,Savings,2024-07-21,3823.09,Active
75870420,92555542,388389,Savings,2024-01-30,3372.54,Closed
70791381,67062040,207473,Savings,2020-03-25,4739.85,Active
69185750,95865113,877572,Savings,2023-06-07,5953.64,Active
10432728,34949400,246316,Savings,2022-10-19,8246.38,Active
76820697,65784101,877572,Savings,2023-05-03,1305.11,Active
32911582,12667181,126225,Savings,2021-01-07,3324.21,Active
56668382,95570226,671858,Savings,2022-09-01,1328.27,Active
57225438,75188533,877572,Savings,2025-04-21,3286.62,Active
14135520,37865789,671858,Checking,2024-03-28,12710.8,Closed
98480354,41208127,876646,Savings,2022-05-12,5998.71,Active
60666082,37505344,216739,Savings,2024-09-27,3494.22,Active
84160740,13977921,388389,Checking,2020-02-02,2595.16,Closed
56799461,33704263,877572,Checking,2022-03-28,3236.08,Active
90452198,87083341,126225,Savings,2021-11-28,2920.38,Active
52801767,67914063,126225,Savings,2020-01-03,6754.02,Active
92942568,57854288,877572,Savings,2022-04-09,2187.78,Active
34975977,56117588,719176,Savings,2023-09-29,3385.58,Closed
80425193,32229718,356787,Savings,2023-07-18,2749.39,Active
23113963,92752215,872246,Savings,2025-10-17,1725.16,Active
36974830,34589016,719176,Checking,2021-10-07,1252.7,Active
16789748,99895642,770487,Savings,2022-01-19,4803.67,Active
35139832,37701981,876646,Savings,2020-05-12,1550.04,Active
24621304,46647653,388389,Checking,2020-03-01,4569.94,Closed
91435258,22858086,356787,Savings,2021-06-27,11818.28,Active
41431291,89344365,334053,Savings,2020-11-15,4683.15,Active
44708092,83085684,334053,Savings,2021-09-08,3987.45,Active
89960703,57526653,388389,Savings,2025-02-07,1210.33,Active
73085185,26298750,356787,Savings,2022-02-22,2651.86,Active
32747779,58771844,356787,Savings,2021-05-09,2157.1,Active
81703174,11454855,334053,Savings,2020-09-21,2828.49,Active
34320647,90392970,388389,Checking,2021-12-05,5175.33,Active
77934857,96389518,334053,Savings,2023-09-09,8533.39,Active
39268622,95635854,876646,Checking,2025-04-19,575.1,Active
32715024,14633367,216739,Savings,2024-10-04,14556.58,Active
64467219,77646233,207473,Savings,2025-04-19,1639.96,Active
52113684,28887459,334053,Savings,2022-07-09,27330.96,Active
44511507,28854695,334053,Checking,2022-05-23,2991.75,Active
98971926,19286441,216739,Savings,2020-09-06,6328.82,Active
44871960,68569514,809570,Checking,2020-05-25,5278.73,Active
29274393,95078826,770487,Savings,2025-05-05,3322.56,Active
63418652,35703214,334053,Checking,2020-03-24,10915.85,Active
58372382,53234102,809570,Savings,2020-05-23,14744.47,Active
20295966,75811260,334053,Savings,2022-05-05,3932.08,Active
41201950,55986623,334053,Checking,2020-01-28,2150.29,Active
15642912,23251392,216739,Savings,2023-01-22,1616.52,Active
96088354,13846977,334053,Checking,2025-12-15,13421.12,Active
15118628,40061384,719176,Savings,2024-11-21,1549.34,Active
10006821,70928840,719176,Checking,2021-11-26,5604.31,Active
23769381,13748682,334053,Savings,2024-12-17,8037.47,Active
33173799,92916171,388389,Savings,2021-01-19,2620.5,Active
95957290,20924873,770487,Savings,2023-08-19,8742.67,Active
13480235,79284688,388389,Checking,2024-05-15,4631.02,Active
96612652,56740305,216739,Savings,2020-06-22,3956.78,Active
55587114,44616150,216739,Savings,2023-03-30,1371.86,Active
83734832,87476701,388389,Savings,2021-03-24,2924.9,Active
85963057,89344481,126225,Checking,2020-10-07,2520.83,Active
55849267,89606631,809570,Savings,2023-12-10,9544.05,Active
12431667,62409195,126225,Savings,2023-01-17,6236.87,Active
66105652,56084974,809570,Savings,2022-05-09,2365.64,Active
91861299,96160238,334053,Savings,2022-02-10,1109.91,Active
28291385,97896947,207473,Checking,2025-10-10,9181.29,Closed
14332220,50285056,334053,Savings,2023-12-24,12091.47,Active
81375549,47991300,876646,Checking,2021-06-05,12293.52,Active
15577404,34687494,216739,Savings,2021-03-14,6550.73,Active
55488835,15026701,126225,Checking,2020-09-17,1988.88,Active
71938372,69552653,216739,Savings,2024-10-05,2747.03,Active
32223567,88787469,356787,Savings,2025-12-20,639.27,Active
72266063,12208656,216739,Savings,2022-05-26,5588.13,Closed
27439443,95701525,671858,Checking,2022-01-08,8715.89,Active
59683156,91408918,334053,Checking,2020-02-22,2192.28,Active
36712789,56347162,126225,Savings,2020-06-09,2323.23,Active
35074394,28002846,388389,Checking,2021-03-21,477.99,Active
55030109,76630564,872246,Savings,2021-02-26,7506.08,Active
88125790,32492069,216739,Savings,2021-11-28,14098.58,Active
54276449,44517935,877572,Savings,2021-12-09,4637.76,Active
26685794,51857968,388389,Savings,2022-01-03,2633.7,Active
40218982,31640113,216739,Savings,2022-09-05,2272.06,Active
37106023,33147442,877572,Savings,2020-10-26,3102.09,Active
44314984,55855668,770487,Savings,2024-04-28,9876.89,Active
97694058,43141686,191161,Checking,2025-03-18,3194.13,Active
23867754,15190583,334053,Savings,2022-09-11,1890.6,Active
87896426,53037622,872246,Savings,2024-08-17,30467.45,Active
18821485,25872957,876646,Savings,2024-07-23,1644.94,Active
52506990,85019197,809570,Savings,2025-04-17,1843.45,Active
68366703,87640642,126225,Savings,2020-02-20,2292.65,Active
26521968,26397251,246316,Savings,2024-01-10,5539.74,Active
77377905,35342915,191161,Savings,2025-10-09,3637.29,Active
15151475,56445508,877572,Savings,2021-01-10,3067.79,Active
58601846,20204102,246316,Savings,2021-12-08,4684.87,Active
76984696,75909702,877572,Savings,2023-06-29,1767.38,Closed
84488568,92686915,809570,Checking,2022-07-31,6538.15,Active
59912569,15977036,216739,Savings,2020-09-08,10308.13,Active
79901055,55757391,191161,Savings,2020-03-25,2653.68,Active
81047936,86395473,207473,Checking,2025-01-07,5850.6,Active
53784964,19286610,207473,Savings,2022-04-12,3927.66,Active
25440655,80530003,876646,Checking,2020-04-24,7820.75,Active
34746769,82266709,388389,Savings,2022-02-20,4544.4,Active
49754518,16697945,809570,Checking,2022-12-07,11484.71,Active
60436888,85183066,388389,Savings,2025-12-02,42640.47,Active
47755672,25250399,388389,Savings,2021-07-21,8997.33,Active
24326552,26987104,126225,Savings,2020-01-23,10404.38,Active
97497502,55724641,719176,Savings,2023-11-14,3150.57,Active
75641258,77351525,216739,Savings,2021-11-28,2761.68,Active
80327084,10209894,216739,Savings,2024-07-21,5672.91,Active
81277357,42977898,216739,Savings,2025-08-22,1689.4,Active
34091440,85379690,388389,Savings,2024-10-04,12325.33,Active
84062642,32623212,872246,Savings,2021-10-27,9225.59,Active
18395571,11127403,246316,Savings,2022-12-30,2855.84,Active
49885623,58378863,207473,Savings,2024-12-19,8145.35,Active
57389495,15649392,388389,Checking,2023-06-25,34318.6,Active
81113532,20105843,334053,Savings,2025-11-28,5782.79,Active
65515966,99699322,809570,Savings,2022-12-04,9059.55,Active
93532607,43240062,671858,Savings,2020-02-17,6141.06,Active
56603072,68438658,207473,Savings,2022-02-24,6261.74,Active
31764932,57395843,809570,Savings,2020-11-17,4507.28,Active
59519428,91933316,876646,Savings,2023-07-28,31935.21,Active
40350155,16796297,388389,Checking,2025-12-29,802.08,Active
14332363,64637585,246316,Checking,2021-01-01,7150.99,Active
42611150,66964115,770487,Savings,2024-01-14,4124.77,Active
51065295,79219348,876646,Savings,2021-11-19,13453.79,Closed
59617744,11356820,719176,Checking,2021-02-18,13084.33,Active
41988563,92326549,216739,Checking,2025-12-15,9940.18,Active
54931923,17320599,877572,Savings,2022-02-22,2251.07,Active
33108436,84560540,809570,Savings,2024-08-13,16832.43,Active
37925334,77482652,877572,Savings,2021-06-19,3432.47,Active
47198678,68733605,126225,Savings,2025-03-18,14505.08,Active
18887130,77515432,126225,Savings,2020-06-26,6642.01,Active
27636187,59919017,809570,Savings,2022-04-15,6042.5,Active
70234588,54872746,356787,Savings,2024-08-07,3501.48,Active
82555357,65522348,216739,Savings,2021-05-17,771.49,Active
30552542,51890862,334053,Savings,2020-08-10,28181.44,Active
97464799,61655727,216739,Checking,2021-01-24,7056.55,Active
57946589,73288368,334053,Checking,2020-06-18,3428.96,Active
27341281,98028208,877572,Savings,2024-10-20,7827.11,Active
59748834,36326066,388389,Savings,2021-01-21,3488.08,Active
94843358,64932527,334053,Savings,2021-09-08,2267.67,Active
70136290,33049268,191161,Savings,2024-07-07,2746.93,Active
45429235,93866672,809570,Savings,2022-09-01,3230.67,Active
24687093,30165688,216739,Checking,2020-02-11,3009.26,Active
25904323,58378939,216739,Savings,2022-09-25,5922.05,Active
97432056,48974523,246316,Savings,2020-08-17,14446.14,Active
31601146,89770683,877572,Checking,2025-09-30,6884.1,Active
13218302,79219396,356787,Savings,2025-07-25,4294.64,Active
34877950,73845445,719176,Checking,2025-03-18,654.18,Active
15610368,82627272,876646,Savings,2024-12-28,7455.9,Active
70005249,19712717,876646,Checking,2022-05-08,2623.01,Active
37368318,87214802,216739,Savings,2025-03-14,6231.23,Closed
24064515,50318040,877572,Checking,2022-11-14,7359.65,Active
20525577,43797209,388389,Savings,2023-08-17,3671.37,Active
44970507,47991516,719176,Savings,2024-10-24,2353.56,Active
60273168,88066782,877572,Checking,2021-01-31,6725.01,Active
35271186,31345375,216739,Savings,2025-10-28,1692.82,Closed
44085780,62474976,191161,Savings,2021-01-14,38678.11,Active
92942870,41929442,216739,Savings,2022-12-16,5222.17,Active
90747416,68602595,207473,Savings,2021-10-30,8296.54,Active
55423514,94423779,207473,Savings,2020-01-22,4510.36,Active
91894307,95177444,388389,Savings,2021-02-07,2409.82,Active
32911908,86559466,216739,Checking,2020-09-04,28625.1,Active
75117093,67980012,877572,Savings,2024-03-11,1732.19,Active
69579304,39668465,246316,Savings,2022-10-12,4909.04,Active
14955048,18107128,246316,Checking,2022-10-14,3970.38,Active
42480170,98945791,207473,Savings,2021-03-16,3399.32,Active
72823339,19254020,872246,Savings,2020-06-14,2608.21,Active
92418608,44845830,246316,Savings,2023-07-12,3580.66,Active
90878513,63032071,877572,Savings,2020-04-04,7805.5,Active
91337266,20761351,809570,Savings,2022-12-15,6115.9,Active
79573553,23448330,356787,Checking,2024-10-04,6925.08,Active
52703793,41569052,809570,Savings,2023-05-29,3653.85,Active
49427000,63720221,877572,Savings,2025-12-08,10547.82,Active
36614713,26692385,126225,Checking,2025-01-21,1222.76,Active
95760954,28298017,388389,Savings,2021-01-20,4275.11,Closed
51622458,86985508,872246,Savings,2024-01-10,3905.27,Active
12235323,95013669,246316,Savings,2021-09-08,3904.23,Active
10400313,52972326,877572,Savings,2025-08-21,3895.12,Active
14332478,68635431,770487,Checking,2022-04-20,4231.37,Active
47657534,50416426,216739,Checking,2025-08-31,8506.35,Active
29176384,16829228,388389,Checking,2024-08-13,3222.05,Closed
36549185,22596398,334053,Checking,2022-02-28,3330.63,Active
91402818,65391407,216739,Savings,2020-05-03,14711.95,Active
86684221,13716272,388389,Checking,2025-10-30,11747.31,Active
41890372,20990767,877572,Savings,2025-12-01,5208.0,Active
44675653,83577652,388389,Checking,2020-09-07,5838.82,Active
21541453,84560711,388389,Savings,2025-08-31,1283.13,Active
29995600,19450698,207473,Savings,2022-03-14,4080.93,Active
17445459,80956235,207473,Savings,2023-07-01,8761.08,Closed
55128661,45697867,216739,Savings,2020-04-13,8640.6,Active
73183830,20335434,388389,Savings,2024-01-31,1845.14,Active
37073495,65194831,388389,Savings,2022-11-17,1438.75,Active
46281304,54872912,877572,Savings,2020-08-23,9261.67,Active
80949852,97045335,207473,Savings,2025-03-26,12700.71,Active
30519904,47369049,126225,Savings,2020-09-16,9683.82,Active
92123746,71158617,809570,Savings,2021-04-22,30494.04,Active
89109091,92031834,388389,Savings,2022-04-18,16975.66,Active
79344227,56871772,216739,Savings,2021-02-22,2566.39,Active
74363493,26200923,246316,Savings,2021-09-21,16687.69,Active
60371558,52251486,216739,Savings,2022-08-02,2447.77,Active
39039588,26299240,191161,Savings,2020-12-03,6984.73,Active
72594024,94456685,207473,Savings,2025-09-19,1592.66,Active
41202280,22268787,334053,Checking,2022-03-01,12972.94,Active
33567338,88198006,719176,Checking,2022-07-22,3304.98,Active
20329067,77122428,872246,Checking,2025-02-15,40552.01,Active
61026924,66800527,719176,Savings,2020-01-09,6854.94,Active
94679663,15584148,216739,Savings,2025-11-14,4956.33,Active
25506417,61655958,388389,Checking,2024-02-09,2319.67,Active
13349490,37571480,356787,Savings,2023-04-08,7672.31,Active
38679154,57428888,246316,Savings,2025-02-01,6982.1,Active
49033844,82430880,246316,Checking,2024-02-28,2915.69,Active
22131317,26397602,671858,Savings,2025-10-10,21636.02,Active
51917429,27872163,671858,Checking,2020-01-23,2762.57,Active
93729407,43174825,872246,Savings,2024-01-18,1365.36,Active
28029570,10931114,809570,Savings,2020-01-27,4468.38,Active
58995330,64048046,719176,Savings,2022-10-09,5070.55,Active
13546116,12438447,126225,Savings,2023-10-03,3984.91,Active
97038979,21547958,126225,Checking,2024-04-19,9094.55,Closed
15020681,12864439,876646,Checking,2020-01-03,5803.45,Active
99267211,58510264,216739,Savings,2025-07-04,18035.39,Active
88879758,16665531,207473,Savings,2024-09-25,14570.19,Active
98742928,66210748,126225,Checking,2023-09-02,9756.28,Active
87962259,16468924,809570,Checking,2025-12-07,10023.09,Active
22622868,15616959,388389,Savings,2024-08-26,1244.87,Active
80753302,83250114,809570,Checking,2024-06-17,10318.06,Active
99824284,29248456,388389,Checking,2020-09-06,9799.57,Active
88486557,40127432,809570,Savings,2025-03-06,20960.73,Active
54538908,75451351,388389,Checking,2023-01-18,2952.41,Active
46281375,80314360,719176,Checking,2021-07-12,2628.52,Active
74101408,87444441,876646,Checking,2021-08-01,3562.34,Closed
73151137,18140120,246316,Savings,2020-01-13,5067.51,Active
45298340,79285211,356787,Savings,2021-08-08,2011.8,Active
21279400,39668704,877572,Savings,2022-03-05,1490.57,Active
52572841,58149856,877572,Checking,2020-07-11,2948.69,Active
42414762,97569763,356787,Savings,2022-05-16,1392.7,Closed
36254376,78990312,877572,Savings,2021-08-06,1032.13,Active
28848809,11586540,191161,Savings,2024-06-01,2721.75,Active
52605611,65457138,356787,Savings,2023-11-18,5382.42,Active
76526254,71551989,719176,Checking,2023-12-22,4041.44,Active
55784113,88165369,191161,Checking,2023-07-10,9864.67,Active
45920948,57297914,809570,Checking,2022-03-26,1257.56,Active
99726004,95210492,388389,Savings,2021-03-24,11381.98,Active
90682039,67226620,246316,Checking,2020-12-24,3997.9,Active
46215864,59427843,388389,Savings,2021-12-24,20624.53,Active
35304126,35933188,872246,Savings,2022-08-12,5712.71,Closed
22721215,45566996,809570,Savings,2021-07-29,4750.45,Active
95728319,92195862,876646,Checking,2024-10-03,4075.54,Active
94384831,95472663,876646,Savings,2025-11-13,6315.42,Active
18920135,89443352,246316,Savings,2021-05-24,12685.72,Active
39924424,79907867,216739,Savings,2020-02-10,10422.46,Active
29209288,80825374,388389,Savings,2024-07-13,6327.87,Active
15381194,91442206,356787,Checking,2021-10-12,4286.33,Active
49951434,17517599,216739,Savings,2023-12-13,5825.61,Active
85537487,52808737,356787,Savings,2023-02-16,34948.05,Active
60601040,75779108,876646,Checking,2025-11-25,9060.37,Active
79540945,94293030,207473,Savings,2020-06-21,13200.74,Active
63124178,17812519,126225,Savings,2023-04-28,8891.3,Active
86356688,96422953,809570,Checking,2022-11-19,7358.38,Active
29831895,70929450,719176,Checking,2021-09-26,514.35,Active
67056346,90065964,671858,Savings,2023-10-13,2068.82,Closed
81146587,45599800,388389,Checking,2023-07-25,5299.57,Active
91697883,27544632,770487,Savings,2020-03-02,5406.14,Active
23573211,27872314,334053,Savings,2025-10-02,6468.49,Active
32092894,59886651,809570,Savings,2024-01-15,8810.81,Active
82326242,84266046,334053,Savings,2024-01-13,1581.37,Active
44937960,30231619,770487,Savings,2024-07-24,6045.08,Active
63976170,71191619,334053,Savings,2025-02-16,5666.16,Active
97497841,42388547,671858,Savings,2024-09-17,7810.47,Active
20820727,63196234,671858,Checking,2025-12-30,1659.41,Active
83899128,44616781,388389,Savings,2021-06-18,5274.43,Active
76264189,29641805,216739,Checking,2021-03-23,843.13,Active
46936830,76991570,126225,Savings,2023-02-20,1227.76,Active
18658047,52055123,388389,Savings,2025-10-31,27762.85,Active
57193218,93801562,207473,Savings,2022-04-16,4442.37,Active
86586115,72830043,388389,Savings,2025-05-22,1876.85,Closed
95335171,19090527,388389,Checking,2021-07-31,936.47,Active
45331206,65358948,207473,Savings,2025-04-03,3956.99,Active
37860106,75910245,388389,Checking,2025-10-07,22050.77,Active
48182026,79907940,334053,Savings,2020-01-09,4733.64,Active
87634700,96783467,334053,Savings,2021-12-08,8062.63,Active
54768394,64441452,334053,Savings,2022-02-01,2500.54,Active
48050958,28265579,876646,Savings,2024-10-14,2384.82,Active
30552847,80890993,207473,Savings,2022-05-10,5373.42,Active
10957584,15289465,388389,Savings,2023-12-03,4166.06,Closed
51819281,61721722,876646,Checking,2024-07-18,4362.96,Active
38253329,74828923,246316,Savings,2020-02-11,6153.78,Active
79966997,91540617,877572,Checking,2022-10-09,9389.78,Active
27865878,95112330,216739,Savings,2023-08-16,787.41,Closed
22393623,61590666,872246,Savings,2022-08-16,3183.36,Active
33862424,68504716,126225,Savings,2023-11-11,9177.08,Active
63550233,41110667,876646,Savings,2021-07-05,2838.75,Active
85963545,54348953,246316,Checking,2024-01-11,18916.6,Active
61485853,48123035,877572,Checking,2022-03-11,9371.67,Active
64860958,14109854,876646,Checking,2024-08-25,2407.34,Active
13775646,59427999,719176,Savings,2021-04-06,2948.86,Active
63222560,35179681,719176,Checking,2022-03-23,3573.89,Closed
77804320,15191208,388389,Savings,2020-04-21,2323.58,Active
43430688,61754540,809570,Savings,2023-09-26,3087.92,Active
12923691,63687857,216739,Checking,2022-08-22,2020.87,Active
43627309,47828147,770487,Checking,2020-09-13,4128.74,Active
69808943,99994804,334053,Savings,2022-10-08,7576.33,Active
44479284,34262207,334053,Savings,2025-05-03,8254.18,Active
54244154,14109890,216739,Savings,2020-12-23,5985.03,Active
62403388,69946563,216739,Savings,2023-11-05,875.93,Active
63157055,81185991,126225,Checking,2024-07-02,6295.19,Active
69448514,76631244,876646,Savings,2023-10-05,3271.3,Active
99365699,79613135,719176,Savings,2025-06-09,5671.61,Active
28455751,98782416,809570,Savings,2021-04-23,2484.5,Active
45101901,45894863,126225,Checking,2023-05-22,2232.28,Active
30815054,20401359,216739,Savings,2024-01-17,3855.75,Active
46412632,97602773,877572,Checking,2020-07-09,12788.4,Active
91173721,63130838,334053,Checking,2022-12-23,267.22,Active
65352538,51629273,334053,Savings,2024-04-27,8864.78,Active
72528729,13225177,216739,Savings,2025-12-30,13667.54,Active
61649756,66964702,246316,Savings,2024-12-08,833.66,Active
21443416,52448479,246316,Savings,2025-04-01,3533.8,Active
29111134,79252703,356787,Checking,2022-10-21,2319.12,Active
28291935,37473519,334053,Savings,2025-02-27,2678.41,Active
53982048,42290416,809570,Checking,2023-06-02,3925.22,Active
84816737,51530995,809570,Savings,2022-05-15,5708.67,Active
82293601,91147508,191161,Savings,2021-01-30,3351.93,Closed
53785440,43273461,719176,Savings,2023-11-13,1159.13,Active
45724518,83840258,126225,Checking,2024-12-05,1711.72,Active
88781672,97635588,877572,Savings,2024-05-12,4163.77,Active
76919658,66866439,719176,Savings,2023-08-28,4838.29,Active
64828269,41438475,877572,Savings,2023-12-04,2993.13,Active
53982065,19778829,876646,Savings,2020-08-10,1475.71,Active
48542578,54807825,872246,Savings,2022-11-13,2227.76,Active
76788593,95800609,770487,Checking,2024-09-25,5146.75,Active
33600380,73256226,719176,Savings,2025-11-26,1021.12,Active
39891837,82496804,388389,Savings,2024-11-01,4048.77,Active
44938109,79744293,770487,Savings,2023-10-12,804.2,Active
66139011,45042983,246316,Savings,2020-11-19,1858.88,Active
74003333,38128942,809570,Checking,2023-07-10,12634.32,Active
36123526,79416639,334053,Checking,2022-07-12,1913.78,Active
95466375,11095361,877572,Checking,2024-08-03,20717.8,Closed
37499787,27675969,388389,Checking,2025-04-07,4534.05,Active
11678608,19025220,388389,Savings,2024-09-06,20006.22,Active
78164884,21810502,876646,Checking,2022-01-11,627.12,Active
25146261,14142791,334053,Savings,2025-07-09,18781.01,Active
58962840,77286732,216739,Checking,2023-01-19,4328.76,Active
11252633,55233869,876646,Savings,2020-06-27,4256.73,Active
66073498,64474448,356787,Savings,2022-04-30,2333.15,Active
94450591,11914580,246316,Savings,2021-02-08,4138.71,Active
59847583,18173272,334053,Savings,2023-03-02,6789.43,Active
45822884,75910491,872246,Savings,2021-09-07,2054.08,Active
30061479,69193052,872246,Savings,2025-09-14,2202.37,Active
78525356,71552351,877572,Savings,2021-05-15,6703.73,Active
50312109,55332192,877572,Checking,2020-06-09,4821.2,Active
89666478,61853027,126225,Savings,2022-08-12,583.47,Active
52114351,54218086,356787,Savings,2020-12-04,8742.44,Active
51655596,88952166,770487,Checking,2022-12-11,9495.29,Active
80753585,58838377,671858,Savings,2023-08-23,1399.38,Active
64467889,65326443,719176,Savings,2023-09-15,1922.95,Active
53425075,71028078,876646,Checking,2024-08-08,1731.45,Active
31306671,11292015,809570,Savings,2025-12-23,17928.79,Active
52212661,94326128,809570,Savings,2024-10-27,2514.93,Closed
57291703,92982639,334053,Savings,2021-06-06,7106.04,Active
85111736,28134771,246316,Checking,2021-01-28,13355.69,Active
85898170,83021172,876646,Savings,2024-04-18,9045.06,Active
55784379,13356404,126225,Savings,2023-11-18,4579.12,Active
98251709,90492280,877572,Savings,2020-07-25,11261.58,Active
69809087,57953659,876646,Savings,2023-04-19,1039.99,Active
34583488,75648380,809570,Savings,2021-07-31,7830.45,Active
35009476,90459517,388389,Savings,2022-11-19,3865.08,Active
43824068,55823741,126225,Savings,2022-04-18,3796.85,Active
75019206,35573119,246316,Savings,2021-11-13,5694.0,Active
44118982,25644418,191161,Checking,2023-02-02,14721.08,Active
75707333,80956802,216739,Savings,2024-03-26,11981.29,Active
98644937,67915145,334053,Savings,2021-10-26,3715.22,Active
38810575,23776649,334053,Savings,2024-09-09,6133.53,Active
47657937,15125899,334053,Savings,2025-01-24,2164.09,Active
98776018,58805644,356787,Savings,2024-10-19,3612.68,Active
10236882,94915983,246316,Savings,2023-01-06,6432.46,Active
74068948,62475664,671858,Savings,2024-11-14,5738.1,Active
96777171,22302103,877572,Savings,2024-12-19,6862.6,Active
73184210,44879264,671858,Checking,2024-09-09,6040.46,Active
45036503,89771429,809570,Savings,2020-07-20,3115.45,Active
49492948,72076710,671858,Savings,2020-07-05,2774.61,Active
13284314,93113767,334053,Savings,2021-05-17,3718.74,Active
53195741,76369319,334053,Checking,2022-12-17,6437.88,Active
15578084,76271017,876646,Savings,2023-10-28,6093.88,Active
19149798,32656807,770487,Checking,2024-07-24,7385.63,Active
48247784,60837295,877572,Savings,2021-08-02,5125.83,Active
45429736,70241722,388389,Savings,2020-06-26,4819.05,Closed
76035050,23875009,356787,Savings,2021-03-02,2486.89,Active
51033065,55102920,388389,Savings,2021-06-13,5829.63,Closed
63648754,92753361,809570,Savings,2024-05-15,13930.5,Active
81015796,63098323,334053,Checking,2023-10-15,1754.18,Closed
22885366,28724692,388389,Savings,2021-11-19,6470.8,Active
63386615,17845715,872246,Savings,2024-04-16,12019.83,Active
82424824,91639259,207473,Savings,2023-10-19,2171.22,Active
86488058,83774939,719176,Checking,2023-02-17,5874.73,Active
42021884,21548508,191161,Savings,2021-04-23,3778.16,Closed
15348734,52088285,334053,Savings,2020-02-03,1970.08,Active
39039998,64671199,877572,Savings,2022-01-17,4812.69,Active
19313663,74763744,809570,Savings,2025-05-16,6623.61,Closed
84194306,36490721,334053,Checking,2023-03-22,9298.86,Active
64009219,69520866,809570,Savings,2022-05-20,5598.37,Active
28128260,92786146,770487,Savings,2020-11-09,1596.09,Active
31372293,61165027,207473,Savings,2024-04-02,14698.25,Active
92582915,97504741,216739,Savings,2022-11-05,2049.78,Active
78787591,45567457,876646,Savings,2023-05-04,1747.28,Active
90551305,55135718,126225,Savings,2020-05-29,7699.05,Closed
57652235,11554281,770487,Checking,2022-10-23,10305.5,Active
49394700,49434089,671858,Checking,2020-01-23,2008.89,Active
58307599,42618350,719176,Checking,2024-03-17,1707.45,Active
87340050,25021934,207473,Checking,2024-10-29,13623.6,Active
22852628,73715184,719176,Savings,2020-04-03,457.48,Active
20558868,90557939,719176,Savings,2023-06-28,1023.48,Active
39203863,27512308,216739,Checking,2020-03-20,6541.39,Active
59159578,46091766,216739,Savings,2020-09-27,2172.36,Closed
47461403,80432631,719176,Savings,2023-04-04,3856.87,Closed
76231708,54873591,216739,Checking,2021-12-23,1088.38,Active
46150685,76860919,809570,Checking,2020-03-05,5872.87,Active
63812640,17944059,126225,Savings,2022-09-21,2732.52,Active
42808354,94260732,809570,Savings,2020-07-29,6222.27,Active
18789413,74698237,876646,Savings,2023-05-07,14536.03,Active
52933672,63983101,719176,Savings,2025-02-02,22641.76,Active
15021097,95309314,770487,Checking,2022-12-13,11624.45,Active
27472941,93834759,334053,Savings,2021-02-17,5641.12,Active
24196141,27053582,216739,Savings,2025-02-25,5655.65,Active
53130287,30887439,719176,Checking,2023-12-03,1436.83,Active
23114809,39996945,356787,Savings,2025-04-16,6008.71,Closed
88781881,39865876,191161,Savings,2022-02-14,3072.5,Active
47789125,22629912,388389,Savings,2023-08-09,8685.37,Active
25244744,60182044,334053,Checking,2025-07-29,4072.64,Active
99038281,85085726,872246,Checking,2025-11-25,13206.26,Active
47854666,45043234,877572,Savings,2024-05-21,938.7,Active
50967625,58445346,719176,Savings,2024-07-11,8738.52,Active
16495690,41340453,388389,Checking,2024-02-16,12236.22,Active
99890253,19222054,809570,Savings,2021-11-28,4483.32,Active
43856974,70274604,388389,Savings,2021-07-13,4332.38,Active
94647376,87838256,809570,Savings,2021-10-12,4490.93,Active
95925328,90361394,246316,Savings,2025-01-20,8157.42,Active
89175123,42913331,770487,Savings,2024-07-11,15721.63,Closed
15086682,93933108,809570,Checking,2022-10-07,3518.74,Active
73282654,93572661,356787,Savings,2025-10-11,10034.74,Active
26031199,10767936,809570,Checking,2025-07-16,3020.8,Active
40875106,98684481,876646,Checking,2023-01-28,5348.91,Active
79082595,29150788,809570,Savings,2020-05-09,3609.12,Active
66434148,21286470,872246,Checking,2020-12-27,7209.34,Active
81900644,22236743,207473,Savings,2025-09-17,4819.68,Active
16659558,26922569,246316,Savings,2021-07-09,1999.92,Active
51623014,29511249,356787,Savings,2023-04-21,2430.14,Active
84227173,70110808,246316,Savings,2022-10-24,9191.41,Active
43889772,35999321,770487,Savings,2021-07-10,2547.45,Closed
60699756,32493148,126225,Savings,2021-02-16,1886.61,Active
39597166,19910236,872246,Savings,2020-03-12,8552.03,Closed
96351346,14044767,876646,Savings,2024-07-16,9820.49,Active
65287289,92982885,809570,Checking,2020-08-05,2187.25,Active
24458364,50581094,876646,Checking,2025-09-16,2298.71,Active
43037821,63852145,877572,Savings,2020-03-13,6113.37,Active
40055936,88591987,876646,Checking,2021-09-16,10186.84,Active
86258818,99667571,388389,Savings,2023-11-29,3186.18,Active
95532165,78335605,246316,Savings,2021-08-22,3542.48,Active
92746886,81841782,216739,Savings,2025-07-02,2374.15,Active
25736338,93179518,809570,Checking,2022-05-06,17926.96,Active
53392536,57593471,388389,Checking,2021-01-24,4764.2,Active
97236125,53399168,770487,Savings,2025-08-12,5681.79,Active
51262624,78204548,334053,Savings,2022-04-04,3821.75,Active
58012833,56086149,388389,Savings,2023-05-29,3738.85,Active
17708195,82988680,126225,Checking,2021-01-20,9644.06,Active
76952744,85085833,876646,Checking,2022-12-11,4914.06,Active
61584555,35245706,334053,Savings,2024-03-04,10389.42,Active
93238446,70438539,388389,Savings,2021-01-15,10452.97,Active
36287663,45436564,216739,Savings,2022-04-03,3152.33,Active
46150830,11161238,770487,Checking,2021-02-16,2326.5,Active
89961648,52088474,877572,Checking,2021-10-12,2490.34,Active
31110322,33509020,334053,Checking,2021-03-24,399.89,Active
67253426,14962333,877572,Savings,2024-12-02,18994.44,Active
60601524,48647841,216739,Savings,2021-01-22,4692.46,Active
52376759,54415010,207473,Checking,2023-05-09,16680.52,Active
89240761,27676321,809570,Checking,2025-05-15,19530.34,Active
70038716,11488932,809570,Savings,2025-05-12,9130.83,Active
59421885,50286246,388389,Checking,2025-03-16,3680.97,Active
26326206,92688042,877572,Checking,2023-11-17,5997.27,Active
69121219,84758190,877572,Checking,2025-07-26,4612.51,Active
91862211,84725427,207473,Checking,2025-10-18,9537.66,Active
51983557,44486323,207473,Savings,2021-03-26,19212.32,Active
22295753,30166709,872246,Checking,2022-06-16,11097.38,Active
66991306,58838709,356787,Savings,2022-01-26,16970.49,Active
74429642,68701881,246316,Savings,2023-03-02,3187.98,Closed
67908811,42553021,877572,Savings,2024-10-16,5132.3,Active
31864012,86593214,207473,Savings,2024-12-20,5209.19,Active
27997388,98062019,356787,Savings,2022-08-17,17411.89,Active
73348300,80662214,207473,Savings,2025-01-25,4942.46,Active
52475082,43994823,876646,Savings,2023-01-30,4926.36,Active
62633171,20827848,216739,Savings,2021-03-08,2947.64,Active
95794390,32362187,356787,Savings,2025-11-22,6121.62,Active
10073311,90820300,126225,Checking,2023-06-13,6590.22,Active
76428511,56905425,191161,Savings,2025-10-25,7102.04,Active
65680609,88493777,216739,Checking,2020-12-01,9347.81,Active
80786658,31903444,216739,Savings,2022-10-04,3645.33,Active
24098015,60215002,877572,Savings,2024-07-01,12930.02,Active
51262689,84463328,207473,Savings,2024-02-24,1547.95,Closed
79508709,24465121,809570,Checking,2020-10-19,25360.96,Active
49755366,26693355,809570,Savings,2024-11-27,657.61,Active
92812522,85118701,191161,Savings,2024-02-09,927.69,Active
94123242,54087406,877572,Checking,2021-01-03,7347.44,Active
24098028,85937903,356787,Savings,2022-10-13,1972.82,Active
94188783,75648753,334053,Savings,2022-08-29,4733.9,Active
28128497,54677235,356787,Savings,2022-11-12,5611.36,Active
37893362,23285496,719176,Savings,2021-11-10,24762.04,Active
17642740,10112761,872246,Savings,2023-11-30,13179.89,Active
69186807,91705083,872246,Checking,2025-01-07,1609.62,Active
95565049,13291261,809570,Savings,2025-08-14,504.4,Active
60372217,50745090,216739,Savings,2020-10-02,6546.25,Active
10466556,35442435,877572,Savings,2024-02-16,8683.72,Active
53687552,10833667,246316,Savings,2021-02-28,5206.09,Active
10007812,84791051,671858,Checking,2023-08-26,3891.34,Active
69219591,40750861,334053,Checking,2020-06-13,3634.32,Active
57488651,34098958,719176,Checking,2020-07-04,1851.29,Active
70071563,11849485,216739,Savings,2024-12-26,1065.16,Active
93369614,77025040,207473,Checking,2022-08-17,2030.81,Active
15873297,85511951,770487,Savings,2021-04-02,2587.91,Active
86652180,48385817,877572,Savings,2024-03-12,101670.86,Active
89797909,11620122,334053,Savings,2021-12-21,5866.71,Active
77772054,98619173,809570,Savings,2025-03-16,3743.6,Closed
92714261,21188393,876646,Checking,2023-10-13,6027.87,Active
64861465,72273706,876646,Checking,2022-10-29,10341.22,Active
98678041,39472941,216739,Checking,2023-02-22,5127.54,Active
21869851,87740212,334053,Savings,2024-08-06,5542.69,Closed
39204122,50876216,388389,Savings,2020-02-14,14305.22,Closed
26227999,49237816,719176,Checking,2022-03-03,41417.16,Active
84129056,11849530,876646,Savings,2025-06-15,3323.94,Active
95761697,97242936,216739,Savings,2023-07-17,997.61,Closed
74298658,58478396,207473,Savings,2021-06-29,1990.23,Closed
79901984,72437564,126225,Savings,2020-04-27,2508.2,Active
33469734,72666942,388389,Checking,2021-09-24,4799.43,Active
69317927,39145284,809570,Savings,2022-10-27,3531.33,Active
64828718,26464071,126225,Savings,2023-11-26,24329.0,Active
10106162,32001865,770487,Savings,2021-12-22,3964.74,Active
14628146,91869007,877572,Savings,2024-05-26,6467.7,Active
43463989,76566352,334053,Savings,2024-09-16,1253.28,Active
61846838,65818452,809570,Savings,2023-11-07,2370.92,Active
16201016,81645401,719176,Checking,2025-08-23,500.21,Active
66467130,63262557,877572,Checking,2024-06-21,11022.82,Active
68760891,25775968,334053,Savings,2023-11-04,21331.02,Active
42579260,68833120,246316,Checking,2022-03-13,2660.21,Closed
26490176,95080292,876646,Checking,2025-10-21,8779.06,Active
44545345,51793765,388389,Savings,2025-01-27,23451.47,Active
95925572,30232427,388389,Savings,2024-07-11,16312.2,Active
58373447,17190764,876646,Checking,2023-07-02,6493.58,Active
95532360,51957623,877572,Savings,2020-07-02,7725.38,Active
44217671,25808761,877572,Savings,2020-05-18,3653.99,Active
99235146,31739771,671858,Checking,2020-07-09,1547.99,Active
12203339,50712450,809570,Savings,2025-03-10,19708.45,Active
13251916,64868237,126225,Checking,2022-03-07,8542.91,Active
86848845,14962577,872246,Checking,2020-07-28,6014.99,Active
47068493,95571863,809570,Checking,2025-06-08,406.24,Active
64304458,63885207,388389,Savings,2021-04-15,1121.16,Active
24360271,16633753,719176,Checking,2024-12-21,7975.62,Active
98284880,43110296,671858,Savings,2023-03-29,1398.37,Active
22426963,58183579,770487,Checking,2023-09-30,4809.86,Active
11711830,36392862,126225,Savings,2021-06-23,3767.79,Closed
20165975,16895902,809570,Savings,2025-05-28,1755.15,Active
50705750,11915171,246316,Savings,2024-08-03,3175.95,Active
50050393,98291620,388389,Savings,2024-11-17,29209.85,Active
88946010,48385957,334053,Savings,2025-05-28,5524.09,Active
55162202,26169254,809570,Savings,2024-08-30,4319.06,Active
88913244,48222119,216739,Savings,2024-01-29,16829.97,Closed
69416285,37900202,207473,Savings,2023-07-03,2560.39,Active
87733590,63393716,334053,Savings,2024-04-04,2743.84,Closed
69350751,63852476,334053,Savings,2023-03-05,941.2,Active
76395871,36229053,388389,Savings,2024-01-27,16502.85,Closed
83604835,72175550,356787,Checking,2021-03-19,6261.21,Active
24720740,73715648,126225,Savings,2022-02-20,838.01,Closed
22164838,48025542,216739,Savings,2022-04-25,1265.99,Active
44479846,77778896,216739,Savings,2022-02-08,6689.98,Active
30848359,48287696,216739,Savings,2023-04-08,18863.31,Closed
13841770,10932180,872246,Savings,2022-03-04,2296.66,Active
87209324,20664282,876646,Savings,2023-02-13,1952.3,Active
94713199,15388639,719176,Savings,2021-06-18,752.04,Active
42120560,71323628,719176,Savings,2023-10-26,1802.06,Active
47625585,37441517,334053,Savings,2021-09-11,7937.52,Active
35501424,65458165,207473,Savings,2021-06-22,3554.41,Active
95532403,17584120,719176,Savings,2020-08-05,10848.15,Active
69383541,29413370,216739,Savings,2021-10-27,1807.52,Active
94713208,65294333,809570,Checking,2023-08-19,12819.63,Active
99300729,17813506,719176,Savings,2024-06-12,1528.06,Active
55096698,35147779,872246,Checking,2025-01-19,11002.96,Active
12236153,86790148,334053,Checking,2022-11-04,3347.72,Active
44316031,93409286,671858,Checking,2025-01-31,6431.85,Active
86193536,49205269,207473,Savings,2022-09-08,8787.96,Active
66794885,79024153,877572,Savings,2022-11-04,1001.18,Active
35337606,58380316,216739,Savings,2021-09-04,2113.37,Active
41072007,28004380,216739,Checking,2023-06-19,6864.93,Closed
74528137,69193766,126225,Savings,2021-09-22,2742.25,Active
32093578,64409640,877572,Savings,2024-12-28,3808.46,Active
80655758,70832175,334053,Savings,2022-04-30,4398.83,Active
77870478,37769263,876646,Savings,2021-02-11,969.73,Active
58471823,14110771,126225,Checking,2023-09-20,1605.05,Active
89666963,25153590,877572,Savings,2022-02-06,5111.74,Active
36189587,26234935,334053,Savings,2022-05-23,6028.4,Active
41694617,78139448,334053,Savings,2024-11-07,32382.02,Closed
85669275,18599994,876646,Savings,2021-10-01,2652.74,Active
91501980,84070461,356787,Savings,2024-04-05,5100.46,Active
80393635,14405694,877572,Savings,2025-04-23,2590.54,Active
59585960,93868099,207473,Checking,2024-05-29,5315.23,Active
31438250,79712324,246316,Checking,2023-10-07,34648.27,Active
87504301,97833031,876646,Savings,2023-08-09,11131.84,Active
70989234,34426963,246316,Checking,2024-12-28,5967.96,Active
29734325,69521496,388389,Savings,2020-08-21,2344.22,Active
71775670,36261988,216739,Savings,2025-02-21,1801.78,Active
20526520,61362281,246316,Savings,2020-04-01,11397.79,Active
56145337,80760937,876646,Savings,2023-03-24,6768.98,Active
13088190,44617842,246316,Savings,2025-06-19,1056.93,Active
86422978,79188082,388389,Savings,2020-07-09,10394.42,Active
82851266,32723062,872246,Savings,2023-03-24,1536.06,Active
13809094,38424694,876646,Savings,2020-04-02,13703.17,Active
97138125,87576696,877572,Savings,2021-07-16,1221.28,Active
20067789,46485631,388389,Savings,2025-11-22,3348.14,Closed
94942673,48255107,126225,Savings,2020-12-28,9547.34,Active
30979544,93540488,207473,Savings,2020-07-04,2730.81,Active
93500889,58675339,388389,Checking,2021-03-09,4511.09,Active
38122970,34361488,671858,Checking,2020-01-20,4537.38,Active
40809946,33968273,809570,Savings,2023-07-11,3182.88,Active
62371294,41865362,334053,Savings,2024-09-23,16612.23,Active
56866275,49959062,671858,Savings,2022-06-04,11622.07,Active
64304612,48943255,671858,Checking,2021-09-08,537.31,Active
95401447,26628246,246316,Savings,2025-11-29,15650.04,Active
29636074,82530459,356787,Savings,2021-01-08,2967.06,Active
54474221,37933216,877572,Checking,2022-07-19,28986.97,Active
62305779,68243617,671858,Savings,2023-04-01,2289.54,Active
75085300,32166057,388389,Savings,2024-07-13,2530.8,Active
38614516,88330410,216739,Checking,2022-10-11,3768.5,Active
68400628,88920236,877572,Checking,2023-02-08,11080.98,Active
69907960,68898994,334053,Savings,2020-11-01,3574.48,Active
58996225,39997619,809570,Checking,2020-02-28,5839.84,Active
49395203,59822262,334053,Savings,2020-08-27,7424.73,Active
89765380,85086395,877572,Savings,2020-08-02,3083.06,Active
22754821,98324669,388389,Savings,2025-12-30,29806.12,Active
56243719,34558142,876646,Savings,2024-09-26,3840.4,Active
31962633,65687743,388389,Savings,2021-04-23,2386.88,Active
30651921,95899843,388389,Savings,2024-08-01,4782.74,Active
97957395,27676868,126225,Checking,2024-01-03,15585.62,Active
70497813,88068296,671858,Savings,2020-10-08,3854.32,Active
31569430,33280202,126225,Savings,2021-04-19,6951.17,Active
18593301,81383635,388389,Savings,2024-03-11,3592.89,Active
46806554,89968853,126225,Savings,2024-09-23,10163.86,Active
83670555,39145695,877572,Savings,2022-03-09,313.07,Active
79672860,25776356,877572,Savings,2022-06-07,7385.94,Active
58013215,27283689,388389,Savings,2023-01-25,4381.04,Active
10925601,24826090,207473,Savings,2025-03-22,20172.55,Active
47330850,86593769,216739,Checking,2022-04-27,5918.72,Active
91829802,42160364,216739,Checking,2023-12-01,3142.35,Active
57554476,61100273,877572,Savings,2024-12-05,9319.61,Active
58144301,94327027,356787,Savings,2025-03-07,5394.23,Active
21968430,17354999,246316,Savings,2024-11-25,4542.93,Active
93402670,97702135,216739,Savings,2020-06-25,12965.45,Active
98022959,90951928,719176,Savings,2024-08-20,8129.24,Active
20330034,82956541,719176,Checking,2020-03-21,5197.2,Active
25605683,53465341,246316,Savings,2021-05-28,25713.73,Active
50279989,34951426,216739,Checking,2024-04-05,1830.17,Closed
11089461,77484291,671858,Savings,2020-03-17,5652.46,Active
52409912,61952261,334053,Savings,2025-11-02,12098.08,Active
87209531,14110982,246316,Checking,2020-12-16,466.57,Active
69383740,95473930,877572,Savings,2021-08-15,526.02,Active
97531453,45830413,388389,Checking,2022-06-18,1693.72,Active
59127355,12079379,334053,Savings,2025-01-21,18470.54,Active
70858300,44716309,719176,Checking,2022-12-26,14735.93,Active
32126531,70045975,216739,Savings,2020-05-05,12718.64,Active
68826692,68866328,207473,Savings,2025-04-22,10123.23,Active
24065603,82891042,809570,Savings,2021-03-25,6367.06,Active
17872454,85741859,246316,Savings,2023-09-08,14807.34,Active
11777607,39571749,207473,Savings,2020-01-20,4175.83,Active
65287749,35836198,876646,Checking,2024-06-22,2830.97,Active
27473481,62607658,126225,Savings,2022-11-14,26802.9,Active
76363342,34427184,246316,Savings,2020-11-09,4474.59,Active
93337169,28660016,334053,Savings,2025-02-07,8508.54,Closed
76822097,55988531,207473,Checking,2020-12-26,19401.59,Active
56768083,20664632,334053,Checking,2022-08-23,3685.95,Active
20100692,67227960,876646,Savings,2022-02-11,9673.04,Active
26457685,25645371,126225,Savings,2021-05-25,3266.14,Active
88258134,58380608,334053,Checking,2023-11-12,5924.1,Closed
22197847,65130817,388389,Savings,2025-01-14,21179.29,Active
25933402,38097221,388389,Savings,2023-01-31,6384.5,Active
89962075,89444680,356787,Savings,2022-03-05,6341.5,Active
30455387,63983945,872246,Savings,2020-03-20,3084.28,Active
19084896,34066772,876646,Savings,2020-07-21,15960.52,Closed
72627810,61133143,246316,Savings,2025-11-24,22521.65,Active
58865252,61722970,872246,Savings,2022-08-28,7206.19,Active
12596837,45240667,216739,Savings,2021-05-03,3111.37,Active
84883048,59855194,809570,Savings,2025-02-23,1924.97,Active
16922216,83054944,126225,Savings,2021-07-14,2653.2,Active
14988907,28889443,356787,Savings,2021-07-07,2112.31,Active
35370604,53694820,356787,Savings,2025-11-26,9364.06,Active
38024813,33902952,388389,Savings,2022-04-09,820.64,Closed
88323693,70963566,877572,Savings,2024-01-22,4937.69,Closed
16463470,24007028,334053,Savings,2025-08-10,3567.25,Active
97695344,18338171,877572,Savings,2022-06-21,14474.01,Active
44021361,54251904,334053,Checking,2022-05-06,7857.57,Closed
14005874,26726784,207473,Savings,2024-03-08,2318.74,Active
30783091,65556869,877572,Checking,2022-03-21,4161.41,Active
55752308,69259655,356787,Savings,2022-12-02,10607.82,Closed
74200694,94065033,388389,Savings,2024-03-01,4933.68,Active
94156410,28922251,876646,Savings,2025-10-30,572.54,Active
77510269,45371791,809570,Checking,2020-03-22,4524.38,Active
87340671,49467794,388389,Savings,2025-05-27,937.09,Active
20067969,20042134,809570,Savings,2022-01-06,4163.04,Closed
60601986,32297367,770487,Savings,2022-10-26,17358.31,Active
45397635,95932835,207473,Savings,2021-05-27,6043.83,Closed
45332100,18633130,334053,Savings,2020-09-29,5320.25,Active
32552579,18272686,877572,Savings,2024-09-09,2207.89,Active
42677897,89706929,872246,Savings,2025-05-21,4607.11,Active
12826250,19288498,334053,Checking,2021-02-17,3076.42,Active
77903501,26366388,216739,Savings,2022-09-19,9838.49,Active
23541391,55464373,719176,Savings,2024-03-13,3884.21,Active
79771282,42389942,770487,Checking,2021-02-06,7035.32,Closed
50968214,47108532,809570,Savings,2021-02-11,4505.11,Active
27965079,39506361,809570,Savings,2020-03-09,5360.67,Active
11974297,60084669,872246,Savings,2025-01-02,3629.02,Active
64763549,35279301,809570,Savings,2022-12-16,3540.71,Active
26850975,26759624,809570,Savings,2024-09-15,4909.88,Active
54802082,46059977,719176,Savings,2020-05-08,2916.73,Active
73152163,56512970,671858,Savings,2022-02-17,18022.14,Active
52115106,95441352,388389,Checking,2021-10-30,1045.51,Active
14988966,45208012,191161,Checking,2021-10-07,10616.78,Active
78231207,33182157,246316,Checking,2023-07-27,22196.79,Closed
27440808,17617358,216739,Checking,2022-05-29,3425.88,Closed
81770152,30298578,191161,Checking,2020-04-21,4090.88,Active
93763240,90919385,334053,Savings,2024-04-22,2210.65,Active
23738026,70668770,334053,Savings,2022-08-16,13483.69,Active
34354863,77550050,876646,Savings,2020-09-02,10394.98,Active
61257392,22434276,334053,Savings,2021-08-17,1892.09,Active
64501425,89117156,877572,Savings,2021-12-31,1421.67,Active
21411506,53924329,809570,Savings,2022-10-08,3904.21,Active
73512627,81416682,388389,Checking,2024-08-18,9288.77,Active
44545717,45470187,356787,Savings,2020-09-13,8570.11,Closed
87242425,62870006,876646,Savings,2025-07-23,4902.37,Closed
54834875,30921211,191161,Savings,2021-11-30,6741.96,Active
42514110,11194876,388389,Savings,2023-11-02,5092.88,Active
64108227,75420157,334053,Savings,2024-12-20,3050.34,Active
80197320,70865408,877572,Checking,2025-11-02,5567.63,Active
34354890,38064640,809570,Checking,2021-08-24,2337.52,Active
12728012,86299139,388389,Savings,2025-10-18,13206.9,Active
17479376,30593541,207473,Checking,2025-06-17,3213.55,Active
13940437,53727750,872246,Savings,2020-08-28,3324.35,Active
28980950,20992519,191161,Savings,2024-02-09,954.39,Closed
81639128,20992522,809570,Savings,2020-03-16,3224.96,Active
58701528,91542031,671858,Checking,2021-04-13,5360.09,Closed
14726873,73290256,388389,Savings,2025-07-31,1171.66,Active
43815032,73978385,877572,Savings,2024-11-03,13789.38,Active
62273245,32461327,671858,Savings,2023-06-27,1920.75,Active
23639774,57791003,246316,Savings,2023-07-17,5386.21,Active
84686557,30200353,809570,Savings,2022-05-19,11170.27,Active
84326116,88199718,334053,Checking,2020-10-04,996.09,Active
86587111,57594407,334053,Savings,2024-08-15,1741.78,Active
86456040,63099432,126225,Checking,2021-10-15,6234.67,Active
15382251,15487533,334053,Checking,2023-06-02,8491.56,Active
11613933,83153456,191161,Savings,2021-02-15,493.05,Active
75249390,49500723,877572,Savings,2023-02-11,5872.8,Active
96286448,77681203,334053,Savings,2024-08-24,2538.05,Active
12564210,69653046,388389,Savings,2023-07-13,5426.44,Active
57292535,30888505,876646,Savings,2023-02-02,4745.44,Closed
62404345,19124796,388389,Savings,2023-06-24,10828.41,Active
59619066,71848509,126225,Checking,2025-06-29,2683.26,Active
59979518,32461373,671858,Savings,2021-05-11,23876.32,Active
31471360,91116100,872246,Savings,2023-10-07,9998.96,Active
42186497,86168135,207473,Savings,2025-01-29,3441.05,Active
74987267,56644169,356787,Checking,2021-02-04,2396.75,Active
45004550,95998538,876646,Savings,2022-02-09,9834.61,Active
67090187,74469963,356787,Savings,2023-03-24,5183.86,Active
83605264,76993101,334053,Savings,2023-11-07,11391.67,Active
30357265,96326222,388389,Savings,2025-05-12,6611.14,Active
48674578,52220497,388389,Checking,2021-03-17,574.2,Active
76330771,30757457,334053,Savings,2024-03-10,3524.64,Active
31635221,43569749,334053,Savings,2021-01-25,5241.42,Active
10762007,50975321,770487,Checking,2020-09-29,1001.34,Active
60241690,45175388,388389,Savings,2024-12-01,11961.09,Active
24033062,91804256,216739,Checking,2024-02-22,3524.6,Active
74594088,98849377,876646,Checking,2021-06-15,1497.52,Active
17741609,28922464,877572,Checking,2024-02-27,2817.88,Active
12662571,67326566,877572,Checking,2021-12-11,3368.36,Active
96450350,99701351,877572,Savings,2024-01-02,6682.43,Active
54572846,64442987,334053,Savings,2020-01-22,11580.97,Active
21346096,89444972,334053,Savings,2022-04-06,1153.46,Active
73971507,90165869,207473,Savings,2020-12-25,7998.94,Active
92026675,50614898,126225,Savings,2021-06-02,1757.08,Active
25933621,16044658,334053,Checking,2023-01-12,6276.94,Closed
85636922,26464887,388389,Savings,2021-10-08,1225.97,Active
44218171,20730487,388389,Savings,2023-07-21,11810.31,Active
76199740,37278333,207473,Savings,2020-08-16,9291.23,Active
17348413,22565504,877572,Checking,2020-08-30,8668.26,Active
78067523,12997249,877572,Savings,2025-01-31,9127.93,Active
65124165,24203908,207473,Savings,2020-10-21,3716.46,Active
99333958,45634182,334053,Savings,2025-05-05,6131.21,Active
10139463,50647686,216739,Savings,2024-09-07,3859.97,Active
97171272,96883337,809570,Checking,2025-01-30,27486.91,Active
42841930,45109898,872246,Checking,2024-07-06,25677.31,Active
79247178,57397903,356787,Savings,2022-03-17,2565.36,Active
31405901,76042903,126225,Savings,2025-12-09,38365.6,Active
22460240,38556312,388389,Checking,2023-09-27,13030.61,Active
98318161,88527518,719176,Savings,2022-01-02,27591.2,Active
92616532,14832287,191161,Savings,2022-09-19,1496.49,Active
58898265,10900128,770487,Savings,2022-02-25,1661.17,Active
99268443,88429219,877572,Savings,2021-11-26,16105.54,Active
78067549,11522724,356787,Checking,2024-11-19,1124.25,Active
13678434,24728229,877572,Savings,2022-06-06,3966.67,Active
30455657,43078308,877572,Checking,2021-11-28,9826.18,Active
32880493,23745187,246316,Savings,2025-12-11,10842.42,Active
40318829,34099882,334053,Savings,2025-10-24,8551.23,Active
44349296,24335019,872246,Savings,2022-12-20,11382.53,Closed
37402481,39146157,809570,Checking,2024-04-25,1458.22,Active
69580659,97473200,876646,Savings,2024-08-29,2983.47,Active
85571444,29971131,872246,Savings,2022-07-24,11704.62,Closed
33699700,55661243,872246,Savings,2021-05-23,5350.33,Active
60045178,71717565,809570,Savings,2022-05-19,2241.57,Active
53032827,51401403,334053,Savings,2021-02-01,11330.58,Active
32257916,88953537,719176,Checking,2024-08-30,3004.63,Active
95893370,41177793,809570,Savings,2022-03-23,4450.46,Active
18167678,66605764,770487,Checking,2022-07-16,4953.65,Active
61650815,52843211,872246,Savings,2024-04-02,4702.11,Closed
40023934,16732875,216739,Savings,2023-04-23,9161.4,Active
96221054,68670156,877572,Savings,2022-09-29,7330.13,Active
80951170,30560975,877572,Checking,2021-08-24,1588.09,Active
30717827,77615827,872246,Checking,2021-12-29,3910.43,Active
83408772,28234455,809570,Savings,2024-12-09,3562.93,Active
53229445,42750682,388389,Checking,2024-01-04,1134.73,Active
41301896,46256862,388389,Savings,2025-07-29,8540.04,Active
26294153,65065698,719176,Savings,2025-02-08,32429.79,Active
96483212,56709860,877572,Savings,2022-01-23,18728.04,Active
18593677,21418726,809570,Savings,2021-08-31,10086.61,Active
65517458,82334439,872246,Savings,2023-05-19,1002.45,Active
57358228,42455784,872246,Savings,2022-07-11,4179.75,Active
48379798,61264624,207473,Savings,2021-04-29,16967.73,Active
39073687,38064890,216739,Savings,2020-06-06,17481.65,Closed
85899159,12505850,388389,Savings,2020-04-27,6944.49,Active
18495389,51860223,246316,Checking,2023-08-06,3399.71,Active
96745374,31118080,216739,Savings,2025-05-19,3798.44,Active
61388703,52548353,872246,Savings,2021-01-25,5898.02,Active
38025120,50942728,246316,Checking,2024-03-03,630.64,Active
70104994,12112648,216739,Checking,2022-06-29,2411.62,Active
76724131,46355213,872246,Checking,2023-05-21,726.72,Active
72923044,88298255,770487,Savings,2020-10-21,770.68,Closed
69744547,72504085,877572,Savings,2025-03-10,1006.23,Active
17774499,91018006,876646,Savings,2020-12-26,5944.64,Active
62076839,21615386,334053,Savings,2025-12-25,2158.61,Active
39696296,58413856,334053,Savings,2023-03-10,4691.51,Active
91699111,11227937,877572,Savings,2020-09-23,5442.82,Active
16463786,83252007,876646,Savings,2023-02-14,1394.04,Active
36091819,35312424,770487,Checking,2024-03-13,1336.62,Active
14989228,71324458,719176,Savings,2023-10-27,1838.86,Active
65976237,83546925,216739,Checking,2022-08-22,4802.98,Closed
92288936,13652784,246316,Checking,2024-05-27,14179.57,Active
49133487,69292856,334053,Checking,2021-02-27,373.99,Active
32815018,60412729,356787,Savings,2022-01-22,14512.57,Active
69580724,74371900,388389,Savings,2025-05-29,11269.88,Active
31537078,33248060,877572,Savings,2024-06-06,1794.47,Active
53688248,40850239,216739,Savings,2025-05-14,4131.47,Active
38287293,20501313,207473,Checking,2022-02-08,5341.4,Active
75675590,49795905,877572,Savings,2020-01-16,4696.42,Active
77576135,46322502,207473,Checking,2022-08-13,3958.81,Active
16824265,42160967,877572,Checking,2022-09-24,10648.34,Active
85276617,86725451,388389,Savings,2021-03-02,1960.95,Active
59619278,85742423,388389,Savings,2024-08-08,9037.15,Closed
55392209,96129879,770487,Savings,2020-03-10,4592.82,Active
85702610,30495577,872246,Savings,2020-06-25,2048.55,Active
92288982,43242329,809570,Savings,2021-01-31,2882.64,Active
48805849,97735512,334053,Checking,2020-11-21,423.55,Active
15251418,76501852,809570,Savings,2024-08-08,14592.58,Closed
28555229,18797403,876646,Savings,2021-04-14,2687.11,Active
26261472,60347225,334053,Savings,2020-09-18,2643.14,Active
11614177,91575137,872246,Savings,2023-04-23,1821.91,Active
17872866,24630115,872246,Checking,2022-10-13,14495.99,Active
25835492,51958630,334053,Checking,2025-06-07,2490.2,Active
79869925,72143726,334053,Savings,2022-06-21,5406.71,Active
26720230,58184565,671858,Checking,2020-05-01,746.2,Active
99399657,28857212,207473,Savings,2021-09-06,32599.68,Active
77936618,90100604,877572,Savings,2021-10-06,2248.11,Active
80525291,62477183,388389,Savings,2023-06-08,903.28,Active
66271214,62935936,334053,Savings,2020-04-30,7425.78,Active
28850158,32199553,809570,Savings,2023-06-06,3361.24,Active
81836016,70931333,216739,Checking,2020-07-08,6082.23,Active
93566964,84398985,877572,Savings,2023-02-05,17184.79,Active
71448565,86561674,246316,Checking,2020-11-15,2054.31,Active
93960183,86004622,809570,Savings,2020-06-06,3184.83,Closed
18036728,73388942,877572,Checking,2022-10-30,3569.96,Active
72169465,53891982,877572,Checking,2023-02-14,1675.11,Active
46413818,97080212,207473,Savings,2023-06-25,6880.68,Active
91699198,58413972,356787,Savings,2022-09-12,1544.42,Active
63420415,99275671,334053,Checking,2023-04-20,7577.98,Active
61552649,18731930,334053,Savings,2025-03-16,6279.48,Active
76986380,38851485,191161,Savings,2025-01-21,2704.47,Active
85964820,21779369,809570,Checking,2024-03-21,2230.05,Active
56768533,83874729,216739,Checking,2022-01-03,2177.23,Active
98318356,47535023,388389,Checking,2023-09-16,9452.14,Active
24000535,24499120,216739,Checking,2025-04-05,17460.46,Active
92256280,51762103,334053,Savings,2023-04-26,2818.64,Active
10565657,81580988,872246,Savings,2020-11-23,2009.4,Active
77183002,28267454,719176,Savings,2025-02-19,3630.71,Active
53065760,51663806,388389,Savings,2020-09-24,3588.29,Active
39925793,52286400,872246,Savings,2023-07-27,4166.01,Active
43333667,91018177,877572,Checking,2025-08-02,3783.24,Closed
96221224,43832258,809570,Savings,2022-06-04,5564.33,Closed
69875752,21681090,719176,Savings,2024-04-06,8566.3,Active
92813354,49730498,719176,Savings,2025-09-27,5463.17,Active
98318388,44291014,216739,Savings,2022-01-03,12183.65,Active
69679156,21025737,388389,Savings,2025-04-13,13658.39,Active
34027574,79942603,246316,Checking,2025-08-01,2816.99,Active
49199159,69620685,246316,Savings,2024-09-17,3718.56,Active
63354936,39605202,246316,Checking,2024-05-24,5853.37,Closed
72103995,83317720,388389,Savings,2023-12-29,13969.56,Active
79181884,74830809,877572,Savings,2025-06-22,3503.64,Active
58931261,88167389,334053,Savings,2020-04-21,26621.09,Active
34617406,49992670,877572,Savings,2020-02-06,2597.92,Active
61651007,63984612,770487,Savings,2022-10-30,2341.8,Active
56408124,53171175,388389,Checking,2022-03-20,1220.09,Closed
10598465,58315768,388389,Checking,2020-02-03,6016.41,Active
56965181,62706682,207473,Checking,2020-04-13,2636.67,Active
27998275,35312636,334053,Checking,2023-11-15,4293.44,Active
10762307,66442238,388389,Checking,2020-05-11,3341.64,Active
28653637,57005064,356787,Savings,2021-04-04,4929.63,Active
96909382,36590610,671858,Savings,2023-07-15,8679.48,Active
62109759,34984979,246316,Savings,2020-09-07,4483.47,Active
65189957,50942997,216739,Savings,2020-10-26,3881.83,Active
83834957,74011670,876646,Savings,2023-12-25,2333.71,Active
37402702,61297687,207473,Checking,2025-10-05,23598.66,Active
52967503,91640859,877572,Savings,2020-04-14,7366.07,Active
54835278,75322397,216739,Savings,2024-05-08,1185.71,Active
98154578,50582568,671858,Checking,2025-11-21,2126.77,Active
14858322,76993580,877572,Savings,2023-10-28,12240.45,Active
32651348,55497773,126225,Savings,2020-02-16,2735.97,Active
62011477,59266095,388389,Savings,2025-07-30,4465.64,Active
24000603,55170101,334053,Savings,2020-12-19,4863.81,Active
87930971,75912246,877572,Savings,2022-10-13,2935.41,Active
20002911,43766839,356787,Checking,2023-09-09,7647.53,Active
74791014,31773752,388389,Checking,2022-03-28,3800.9,Active
21215335,43013177,719176,Savings,2021-03-11,5387.88,Active
41171048,49206329,246316,Savings,2023-11-26,2296.09,Active
45103207,96785467,126225,Savings,2024-08-26,679.52,Active
98220138,25646140,770487,Checking,2025-09-13,2197.8,Active
13416554,13554750,719176,Savings,2023-02-14,2562.62,Active
36223087,54481986,388389,Savings,2021-07-18,4934.55,Active
18659440,28726341,770487,Checking,2023-06-17,8845.77,Active
33142896,76698694,246316,Checking,2023-02-19,7809.5,Active
40712306,89707590,334053,Checking,2025-04-08,8147.04,Active
17873011,98489419,877572,Savings,2022-09-17,2012.33,Closed
39925876,51795025,356787,Savings,2025-11-20,3012.34,Active
24655989,82629713,334053,Savings,2021-07-13,5055.2,Active
42088564,48288858,246316,Savings,2025-07-14,27628.74,Closed
69384309,28464221,388389,Savings,2021-07-23,75071.39,Active
59783285,75224158,809570,Checking,2025-02-18,2864.61,Active
89733241,72733792,719176,Savings,2024-12-02,1815.78,Closed
86292602,55366754,809570,Savings,2024-09-15,1718.66,Active
22952059,12342376,334053,Checking,2024-01-08,2126.32,Active
87996541,91477100,876646,Checking,2025-04-25,14617.79,Active
40450185,72373356,388389,Savings,2022-11-23,9664.41,Active
60766347,80827507,126225,Savings,2020-12-12,772.09,Active
91699341,80237690,356787,Checking,2025-05-26,1060.39,Active
48478350,26268796,207473,Savings,2024-10-12,11723.93,Active
66205839,98260093,809570,Savings,2021-08-25,32324.26,Active
93796495,63689859,877572,Checking,2022-04-04,12552.13,Active
33208465,42390660,876646,Savings,2023-06-12,2296.69,Active
44578963,43570307,872246,Checking,2023-12-08,2475.74,Active
27113620,27939984,356787,Savings,2024-08-03,6551.92,Active
13416598,17159313,356787,Savings,2024-03-07,10228.94,Active
87898263,83514512,388389,Savings,2025-03-16,7861.23,Active
70334616,78894230,388389,Savings,2021-11-07,928.22,Active
93141148,99636374,334053,Savings,2023-10-14,6082.59,Active
96286879,43078814,216739,Savings,2022-07-30,7302.56,Active
46184608,50353310,809570,Savings,2021-11-14,9050.75,Active
78559393,93312172,770487,Checking,2025-07-10,4312.53,Active
81246370,53990574,216739,Savings,2024-01-01,32184.86,Active
88717477,59921586,216739,Savings,2020-04-23,6729.35,Active
50804903,79910069,877572,Savings,2023-05-03,1741.68,Closed
12826793,84890807,872246,Checking,2022-12-11,4590.14,Closed
18266283,34362552,876646,Checking,2023-06-07,3956.46,Active
95369388,74208442,246316,Savings,2025-07-05,1098.84,Active
93960365,24532155,872246,Checking,2023-12-25,1409.25,Active
18036910,20305086,388389,Savings,2021-02-14,17477.36,Active
48937138,24237247,246316,Savings,2024-11-14,3405.56,Active
45046063,58873024,877572,Savings,2024-10-13,29883.33,Active
15972535,72078535,216739,Checking,2023-09-25,3974.47,Active
31406265,25973961,356787,Savings,2020-03-15,12194.45,Active
40188089,59430096,207473,Checking,2020-08-17,13734.35,Active
39958715,76141777,334053,Checking,2023-05-31,8511.14,Active
64633018,95343826,388389,Savings,2021-10-03,3343.73,Active
27998401,28071125,876646,Savings,2022-11-13,17832.42,Active
60930242,42620132,877572,Savings,2020-04-04,2324.81,Active
15120580,56841447,877572,Checking,2020-06-13,6985.48,Active
49559749,61822188,877572,Savings,2020-10-01,20986.68,Closed
47855818,47437038,877572,Savings,2020-04-14,11129.88,Active
61094091,38851827,207473,Savings,2024-11-08,3940.36,Active
74922188,61723891,216739,Savings,2020-11-24,3106.71,Active
51591370,20174070,877572,Checking,2025-03-15,14733.15,Active
16660686,58348794,719176,Savings,2025-02-20,22350.97,Active
91830476,45372671,671858,Savings,2022-04-22,2421.59,Active
84359376,69391620,809570,Savings,2023-03-27,6918.32,Active
50706640,66278660,809570,Savings,2023-12-07,10169.41,Active
67320019,87971078,388389,Savings,2025-01-16,5128.72,Active
15382740,97932551,126225,Savings,2024-10-23,5869.18,Active
75839702,29086988,719176,Savings,2025-12-15,11427.22,Active
72857819,30070033,356787,Savings,2025-12-26,2854.44,Active
62142685,27940113,770487,Savings,2021-11-11,7502.7,Closed
51001566,42194198,207473,Savings,2024-10-28,4018.85,Active
21969120,33608983,719176,Checking,2021-10-30,5643.92,Active
56309985,89543965,334053,Savings,2024-11-18,18328.62,Active
35404003,63034664,216739,Savings,2021-05-25,13978.77,Active
79116516,25023785,191161,Savings,2022-01-13,3312.95,Active
58996963,88298796,388389,Checking,2021-03-28,5830.29,Active
69548262,87971118,216739,Savings,2025-08-22,17896.11,Active
38844646,32232750,246316,Savings,2024-12-04,2732.45,Active
47823080,52286773,334053,Checking,2020-07-24,3550.58,Active
55294184,64935222,719176,Savings,2022-03-05,16643.59,Active
65353960,49730869,876646,Checking,2022-12-16,4990.79,Active
27277547,26006842,334053,Savings,2021-02-01,1620.96,Active
67811563,72373566,356787,Checking,2021-05-25,8845.67,Active
27834596,16536895,216739,Savings,2024-11-18,6130.94,Active
29473006,32560448,334053,Checking,2022-04-15,11822.2,Active
75610353,36394306,876646,Checking,2022-02-08,8109.91,Active
69056761,75879752,246316,Savings,2022-08-14,9707.34,Active
79149306,38131027,207473,Checking,2024-08-08,3130.13,Active
65452283,11130200,334053,Checking,2024-12-25,11772.95,Active
53426428,58643806,246316,Savings,2021-06-10,35401.82,Active
95074558,63296865,809570,Checking,2023-01-07,2357.2,Active
81934590,71259490,872246,Savings,2022-12-08,2765.95,Active
12204292,37016931,334053,Savings,2025-05-29,11978.2,Closed
10959112,78927204,126225,Savings,2021-02-16,5514.42,Active
70924554,49796456,216739,Checking,2021-05-13,2474.22,Active
84457740,66016616,809570,Checking,2020-05-20,2155.95,Active
59029778,71980395,334053,Checking,2020-05-18,71255.01,Active
39434515,42358124,671858,Savings,2025-09-14,1296.97,Active
75315479,74241397,876646,Checking,2023-01-15,1989.68,Active
94255385,18208124,872246,Savings,2022-10-28,8487.34,Active
83802396,43636093,334053,Savings,2022-12-04,2136.3,Active
91470109,41702781,334053,Savings,2022-12-02,5841.19,Active
14465312,18208127,809570,Checking,2020-08-04,1573.68,Active
84621602,14800258,207473,Savings,2025-03-31,4236.19,Active
31406375,59266436,216739,Savings,2022-04-25,3904.25,Closed
31275304,83875207,671858,Savings,2025-08-23,2634.61,Active
34879792,26891656,872246,Savings,2023-04-01,6160.1,Active
34879793,77976972,770487,Savings,2024-02-09,2931.25,Active
96909618,83547534,876646,Savings,2020-02-19,8921.96,Active
32028979,31479183,246316,Savings,2025-07-28,2193.83,Active
20625718,86857104,207473,Savings,2022-03-11,7798.87,Active
42842430,86726036,809570,Checking,2022-01-25,9351.64,Active
23411007,49206677,876646,Savings,2024-10-24,9277.44,Active
78297406,39998872,877572,Savings,2022-01-07,15481.08,Active
87374142,37508506,334053,Checking,2024-10-29,1295.21,Active
28588354,34952605,216739,Savings,2024-05-26,1659.0,Active
18135368,23188894,216739,Savings,2023-05-28,1234.26,Active
92911944,21616030,388389,Savings,2022-05-08,7331.93,Active
79018314,79713695,388389,Savings,2025-07-17,2099.92,Active
47495499,45766054,246316,Savings,2024-12-31,3381.94,Active
91208011,35149237,877572,Savings,2020-05-02,9549.01,Active
45398349,56055222,719176,Savings,2025-12-13,10790.48,Active
29866320,40588727,877572,Savings,2022-07-23,621.1,Active
81475920,90658233,719176,Checking,2020-01-30,5267.24,Active
96647507,92689851,246316,Savings,2022-01-04,3116.94,Active
82622819,52155837,719176,Savings,2021-03-01,6254.05,Active
42580323,99571134,126225,Checking,2020-04-26,5400.98,Active
71612775,49075648,334053,Savings,2020-07-26,4198.79,Active
22722920,22697413,207473,Savings,2021-04-15,22723.62,Active
67746152,44291528,388389,Checking,2020-07-22,6919.9,Active
70203756,36492746,388389,Checking,2022-11-19,2996.34,Active
31963503,80074188,246316,Savings,2025-10-04,3748.26,Active
71481712,36885969,216739,Checking,2022-09-18,966.0,Active
20855155,72537554,246316,Savings,2024-10-11,1039.5,Closed
29178232,20207061,876646,Savings,2021-01-21,3223.38,Active
94714232,76895710,388389,Savings,2021-07-01,6755.83,Active
21412218,68507103,877572,Checking,2025-08-27,13869.0,Active
54081916,26498529,809570,Savings,2020-06-09,1952.93,Active
16660861,22730212,872246,Savings,2023-11-20,8004.68,Active
62863745,98522598,246316,Savings,2023-05-19,23000.84,Active
66926981,51860966,216739,Savings,2023-07-16,16137.83,Active
99334534,78075367,388389,Savings,2024-09-24,9201.52,Active
45496712,80205294,876646,Checking,2020-12-16,1432.17,Active
24983945,10573297,356787,Savings,2025-03-10,2872.46,Active
31472009,44160502,216739,Savings,2024-08-28,10647.38,Active
37075340,62445055,877572,Savings,2022-12-17,8471.55,Active
75512214,85972484,671858,Savings,2020-01-16,8551.2,Active
24852890,50451976,877572,Savings,2023-04-28,10822.88,Active
30161306,98752010,877572,Savings,2020-02-16,3579.48,Closed
54770076,89445899,770487,Checking,2025-05-18,3240.41,Active
82655645,26072589,876646,Savings,2023-07-28,200285.92,Active
59160991,13456913,877572,Savings,2022-08-13,6229.61,Active
18659744,28628500,809570,Savings,2022-03-28,16198.05,Active
90913186,20993558,216739,Savings,2020-03-13,4797.57,Active
15415715,89052696,216739,Savings,2024-07-06,6420.38,Closed
49297826,48682523,671858,Checking,2020-08-12,3628.94,Active
23411113,58021410,334053,Checking,2022-02-16,5585.85,Active
68237738,47765029,126225,Savings,2020-03-26,1415.36,Active
84654507,65623595,872246,Checking,2024-10-28,11400.56,Active
87636397,13227565,334053,Checking,2022-02-18,101372.98,Active
68008368,75519541,877572,Savings,2021-03-31,5932.93,Active
54278577,94688822,719176,Savings,2025-12-03,953.43,Active
62437808,37475896,872246,Savings,2022-12-08,2423.11,Active
31734195,72504893,207473,Savings,2023-08-06,20341.47,Active
14301620,96654912,877572,Savings,2022-03-16,1530.96,Active
63715764,10901068,246316,Checking,2024-11-07,7251.32,Active
16693689,70669901,876646,Savings,2025-11-17,14690.12,Active
70171070,89314895,872246,Savings,2022-02-03,7874.53,Active
61716930,93673042,877572,Savings,2025-12-18,973.13,Active
89012683,54646354,876646,Savings,2024-03-09,3096.71,Closed
53983693,70538837,671858,Savings,2020-03-06,12308.72,Active
62175696,95311448,388389,Checking,2025-11-09,2122.23,Active
99006932,53859928,388389,Checking,2020-10-30,7212.21,Active
53656024,75847258,809570,Checking,2023-05-25,2127.95,Active
12696026,61888097,809570,Savings,2025-12-16,9425.0,Active
90847706,95213155,334053,Checking,2020-07-15,5674.96,Active
96090588,41899620,770487,Savings,2022-10-03,6924.84,Active
65878493,45831783,334053,Savings,2023-07-01,2657.09,Active
20494814,98686570,388389,Savings,2022-08-19,2143.31,Active
93272543,37312108,246316,Savings,2022-06-18,635.12,Active
89274842,79812205,877572,Savings,2023-03-02,2663.86,Active
91109856,72111726,388389,Savings,2020-02-29,3398.18,Active
56375778,42587759,126225,Savings,2022-12-02,7662.91,Active
80951775,39409268,671858,Savings,2020-07-30,941.52,Active
20396516,27580033,246316,Savings,2020-02-04,21972.46,Active
60602853,27121293,246316,Savings,2020-07-03,2601.83,Active
91666915,39638669,216739,Savings,2020-04-04,3364.24,Active
49199591,61167251,770487,Savings,2024-09-16,7955.07,Active
10435048,17487508,216739,Savings,2024-09-07,3671.22,Active
81312233,74995354,207473,Checking,2021-02-21,8270.49,Active
40188396,39081628,216739,Savings,2022-10-26,2583.95,Active
85047790,32888482,872246,Savings,2025-06-29,2649.46,Active
22362608,36755106,126225,Savings,2022-11-27,3718.72,Active
72661490,51140263,126225,Savings,2025-02-03,2900.36,Active
91535859,24565419,877572,Savings,2024-12-24,6213.64,Active
62536179,52057772,334053,Checking,2024-02-27,14449.54,Active
26687988,80828077,876646,Savings,2022-11-20,603.28,Active
99596786,89085617,207473,Savings,2023-06-03,13629.31,Active
96090615,61363891,809570,Checking,2022-04-21,6585.3,Active
22526453,51861174,770487,Savings,2021-12-07,18294.09,Active
24820217,98588343,671858,Checking,2023-01-13,6622.78,Closed
99858938,87381687,809570,Savings,2024-03-18,8664.05,Active
52836853,28300985,356787,Checking,2022-07-02,1681.65,Closed
21871101,72373944,719176,Savings,2020-10-02,15475.51,Active
87931390,95082171,388389,Savings,2024-03-24,1785.5,Active
58735101,14833340,334053,Checking,2024-03-13,4219.22,Active
86882816,20600510,876646,Savings,2024-01-27,28699.93,Active
12958209,38000320,126225,Savings,2025-04-29,8973.43,Active
50674177,35280582,334053,Savings,2022-11-27,2924.23,Active
35731971,62740167,246316,Savings,2021-11-20,4267.76,Active
51460612,11392713,246316,Savings,2020-10-22,8416.73,Active
90126854,45438669,126225,Checking,2024-07-26,13718.28,Active
24328712,84203213,877572,Savings,2022-10-10,1854.26,Active
93829645,10442450,356787,Savings,2024-10-07,10252.58,Active
31865358,13981397,334053,Checking,2020-06-21,4409.24,Active
29243919,13227736,877572,Savings,2023-04-03,1897.4,Active
78035471,65165017,216739,Savings,2024-05-30,9940.94,Active
88881680,40556252,388389,Savings,2025-10-25,2655.6,Active
93469202,16373472,671858,Savings,2021-05-09,1863.67,Active
14957075,13915876,388389,Savings,2020-11-27,5447.5,Active
56244761,11491050,126225,Savings,2022-07-16,5995.14,Active
17742362,20010731,809570,Checking,2021-11-16,4335.87,Active
26229275,26400494,388389,Savings,2020-01-27,1594.86,Active
47757852,62117623,191161,Savings,2025-06-13,22686.74,Active
60439067,29316859,207473,Savings,2024-12-20,10781.28,Active
39696922,34658046,809570,Savings,2021-10-29,8659.49,Closed
46414368,21845765,876646,Savings,2023-02-08,2137.08,Active
80722465,73160457,216739,Savings,2022-09-19,3187.12,Active
98187809,60806922,388389,Savings,2020-05-08,1369.74,Active
61651493,67426061,207473,Savings,2024-09-30,3616.03,Active
12401196,75618063,207473,Checking,2025-05-02,1562.42,Active
79772205,29153041,216739,Savings,2020-12-06,2688.87,Active
10730034,77125394,872246,Checking,2024-03-06,43894.07,Active
75053619,17094418,719176,Savings,2022-11-13,54242.57,Active
90946099,59823902,334053,Savings,2024-03-11,4940.54,Closed
49855029,49600291,876646,Savings,2023-02-22,3280.49,Active
90323506,52254501,876646,Savings,2023-02-16,11506.97,Active
39893558,35182374,719176,Savings,2021-11-25,3980.44,Active
30718522,48256813,334053,Checking,2021-06-18,15375.74,Active
95992380,17094446,719176,Savings,2021-06-26,6526.36,Active
64731709,39835439,877572,Savings,2023-01-15,17824.47,Active
80263748,54417200,356787,Savings,2021-01-13,17399.07,Active
18463301,81286959,719176,Savings,2024-09-02,2758.65,Active
81771078,48027448,877572,Checking,2023-11-17,3798.4,Active
34257479,47994683,207473,Savings,2024-02-03,6809.39,Active
20298313,46651195,872246,Savings,2022-12-19,24193.52,Active
84523599,46389052,770487,Savings,2021-05-09,23787.3,Closed
40909392,75421510,388389,Checking,2022-02-06,5049.78,Active
21969490,17225547,809570,Savings,2020-08-28,4355.59,Active
30259794,24794966,876646,Savings,2020-01-12,9028.68,Active
38779476,46585687,809570,Checking,2023-10-21,6504.22,Active
48282197,89904984,872246,Checking,2025-02-19,7924.55,Active
89930322,17880918,809570,Checking,2022-04-11,5783.42,Active
94976602,56547161,216739,Checking,2021-09-04,617.04,Active
50182747,55564126,388389,Savings,2022-05-03,6061.42,Active
47299166,87709535,334053,Savings,2021-09-26,4936.85,Active
95763040,56809313,207473,Savings,2021-07-26,4856.63,Active
95369825,52483939,334053,Checking,2025-07-29,7764.05,Active
61618794,57464677,809570,Checking,2024-04-03,1495.83,Active
97892973,77027173,809570,Savings,2021-07-17,8715.18,Active
92191342,86595432,719176,Savings,2025-04-14,2978.16,Active
44186225,36984680,216739,Savings,2021-06-09,1139.73,Active
99727987,82532202,876646,Checking,2021-11-01,9383.93,Active
81214067,22140779,876646,Savings,2024-06-23,8178.17,Active
53262966,28333930,126225,Savings,2023-01-26,1048.95,Closed
47594104,30300013,872246,Savings,2023-05-03,1327.87,Active
99007100,58447730,872246,Savings,2021-09-24,1639.35,Active
85408385,33707893,770487,Checking,2024-02-07,1198.11,Active
95992451,16537462,216739,Savings,2025-07-26,2918.05,Closed
67418757,27383675,809570,Checking,2025-01-21,8813.2,Active
55818885,45668220,334053,Savings,2020-09-21,8798.36,Active
18823818,72046463,671858,Savings,2022-09-03,3195.84,Active
61192844,81647492,191161,Checking,2021-03-20,1064.3,Active
95533714,93083524,356787,Checking,2022-10-29,6447.67,Active
46971540,54941574,877572,Checking,2020-09-25,8324.4,Closed
20003477,86988681,770487,Savings,2021-01-03,2760.73,Active
51362456,94984077,388389,Checking,2025-09-08,1945.44,Active
60865177,49665936,877572,Checking,2024-07-29,5068.79,Active
97172122,16865176,334053,Savings,2022-08-12,2185.02,Active
61782687,92624794,877572,Savings,2021-01-13,765.12,Active
20200097,29317021,876646,Savings,2024-12-07,1542.05,Active
41269925,18110368,388389,Checking,2023-04-07,2405.58,Active
23214760,85645219,334053,Savings,2021-10-20,14539.01,Active
57948850,38524843,719176,Savings,2022-10-27,2329.87,Active
95500978,87840684,671858,Savings,2023-12-27,2784.35,Active
79215283,58447788,246316,Savings,2024-08-25,5948.99,Active
14203574,97703852,334053,Checking,2021-03-07,6040.26,Active
78428857,91379635,356787,Checking,2020-05-30,1407.27,Active
14990013,86333367,872246,Checking,2022-11-04,3799.3,Active
23476926,17586107,216739,Checking,2021-10-26,17503.5,Closed
20527809,88266692,719176,Savings,2022-04-03,6939.74,Active
33209028,39737286,334053,Checking,2025-10-23,8899.49,Active
90716870,80631761,877572,Savings,2021-10-12,8576.17,Active
71252679,97189880,246316,Checking,2020-05-01,2058.65,Closed
42777291,95377369,671858,Savings,2025-03-07,13384.19,Active
10304210,75945949,809570,Savings,2022-10-28,2557.34,Active
88521426,74930142,356787,Savings,2021-11-12,3079.16,Active
11156180,44521441,356787,Checking,2020-04-15,3462.78,Active
81050325,88758242,872246,Savings,2023-08-16,16175.38,Closed
96549590,41637859,877572,Savings,2022-01-16,20008.81,Active
88390358,84695013,872246,Savings,2020-04-29,1270.33,Active
84064979,51075050,388389,Savings,2021-04-24,7401.23,Active
10271452,58546163,719176,Checking,2023-10-20,575.24,Active
56769246,15226870,809570,Savings,2025-08-02,10644.74,Active
73972455,13686780,216739,Savings,2024-04-10,2278.68,Active
68008680,15194115,126225,Savings,2022-05-02,7401.64,Active
13089513,38230024,388389,Savings,2025-08-25,8839.85,Active
62077671,46749707,809570,Savings,2025-09-04,1633.06,Active
24492780,42981389,809570,Savings,2024-08-03,11426.81,Active
17513199,96622608,246316,Savings,2021-05-19,2597.39,Active
46578417,16570385,216739,Checking,2023-06-24,810.66,Active
25475831,21944341,207473,Savings,2021-02-13,6052.0,Closed
46414583,25516055,877572,Savings,2023-10-25,6775.93,Active
60832503,46585882,877572,Savings,2024-12-23,11818.33,Active
33176317,29775899,334053,Savings,2021-11-13,1514.36,Active
70859520,58546204,388389,Savings,2024-10-03,663.96,Active
36551425,10639392,334053,Savings,2023-02-07,3103.43,Active
48347907,65132577,334053,Checking,2022-09-05,3771.71,Active
18856720,62707754,770487,Savings,2025-05-14,1910.11,Active
92945169,51238955,246316,Savings,2022-08-03,2233.16,Active
22559504,19650604,877572,Savings,2020-03-18,3532.25,Closed
69450517,11327534,388389,Checking,2023-08-29,784.81,Active
65714968,54024238,671858,Savings,2025-04-05,2426.99,Active
11877145,52582456,334053,Checking,2023-01-18,8442.03,Active
72596250,15783996,809570,Checking,2021-03-22,14752.83,Active
77478680,16734269,126225,Savings,2023-05-05,1400.99,Active
22887196,99342398,876646,Checking,2022-12-30,4757.81,Active
56900381,36296768,876646,Checking,2021-11-29,21646.06,Active
78002973,87087174,809570,Savings,2024-11-02,9481.27,Closed
37731098,20666439,877572,Savings,2025-09-22,6937.9,Active
58506018,21420105,246316,Checking,2022-08-24,1594.14,Active
84294434,38295629,877572,Savings,2023-06-26,17452.12,Closed
87472932,86169677,719176,Savings,2022-07-27,2857.14,Active
26295077,35379284,876646,Checking,2025-10-02,2714.02,Active
10009382,13686869,334053,Checking,2024-03-03,8555.53,Active
87309094,99571805,770487,Savings,2020-04-10,3834.49,Active
90716968,87677027,356787,Savings,2023-01-02,7005.81,Active
21052201,11688036,126225,Checking,2021-07-26,9904.11,Active
65977126,35838057,809570,Checking,2023-08-12,8948.71,Active
32783148,39213165,216739,Checking,2020-11-21,3190.15,Active
35011372,55105646,388389,Savings,2021-09-03,25169.04,Active
51460908,38033523,809570,Savings,2025-04-28,126778.89,Active
72334125,14080116,191161,Savings,2022-12-12,5620.65,Closed
86555437,72145013,809570,Savings,2022-06-05,15546.26,Active
98974513,67950709,388389,Checking,2024-09-13,7983.28,Active
16104237,96065653,388389,Savings,2024-01-03,4140.97,Active
67189553,33151102,246316,Savings,2021-02-22,6061.55,Active
94190390,54122624,216739,Savings,2020-07-08,2971.57,Active
49363766,98850945,334053,Savings,2023-05-10,2562.39,Active
25770808,30595202,877572,Savings,2025-12-29,2632.21,Active
12925753,43866245,671858,Savings,2023-06-03,6587.44,Closed
71908154,59857029,216739,Savings,2022-05-24,10211.5,Active
64437048,81614983,872246,Savings,2024-10-05,5486.79,Active
16825148,84367496,356787,Savings,2025-03-09,4689.21,Active
14727999,75159689,388389,Savings,2024-10-07,9871.33,Active
17513283,11655312,207473,Savings,2024-08-23,1704.74,Active
23411524,60676241,877572,Checking,2021-06-15,2202.94,Active
74562374,30595225,770487,Savings,2023-02-14,4538.2,Active
90782535,21485722,719176,Savings,2022-05-21,2461.17,Active
74922822,86268059,334053,Savings,2020-04-27,14170.92,Active
42449738,32757919,334053,Checking,2020-08-20,1685.25,Closed
59587404,57464991,809570,Savings,2024-11-27,2933.11,Active
23345997,85842079,191161,Savings,2021-03-17,3331.95,Active
83409743,32331940,877572,Checking,2025-10-09,7189.97,Active
49429329,36427945,246316,Checking,2022-03-15,3322.78,Active
75053908,66803883,334053,Checking,2020-05-28,1455.77,Active
97794901,67459244,770487,Checking,2022-07-16,8736.33,Active
95763287,33740973,809570,Savings,2024-08-31,5135.24,Active
53853017,20764846,876646,Savings,2023-03-21,3150.3,Active
50379612,22730930,388389,Savings,2021-03-18,7699.63,Active
74759009,69359799,126225,Checking,2025-03-22,16721.13,Active
66534243,18766008,877572,Savings,2022-03-19,7168.32,Active
69253990,12507322,877572,Checking,2020-07-24,3865.35,Active
96451431,85186749,216739,Savings,2025-09-08,7420.67,Active
34847590,39409858,126225,Savings,2020-09-09,1331.46,Active
51395437,84400326,216739,Savings,2021-03-02,4952.03,Active
32357229,98031820,876646,Checking,2020-02-19,5083.67,Closed
98712431,30038222,216739,Savings,2024-09-07,2832.64,Active
87440242,72734927,671858,Checking,2022-01-17,22429.72,Active
64863092,63166671,770487,Savings,2021-03-20,3251.79,Active
71547766,19257551,719176,Savings,2020-09-22,8333.88,Closed
48315255,21027026,334053,Savings,2025-12-13,4557.8,Active
23968632,34822356,216739,Checking,2024-03-10,1643.85,Active
58112889,74438871,809570,Savings,2020-06-22,1536.22,Active
52411254,46291161,877572,Savings,2025-10-26,3024.64,Active
86391678,48093401,246316,Checking,2024-09-18,6472.6,Active
83442569,23877852,876646,Savings,2020-12-04,1003.29,Closed
91765645,76175581,770487,Savings,2022-01-24,1552.47,Active
41368463,17357022,388389,Savings,2025-10-19,2890.36,Active
66960271,42391775,246316,Savings,2025-06-18,4408.77,Active
89439120,87251169,388389,Savings,2020-12-26,5265.6,Active
75086738,83941612,719176,Savings,2024-03-10,3899.09,Active
58407826,62183668,216739,Checking,2023-07-17,3030.74,Active
19544981,14932213,334053,Checking,2022-04-15,1712.33,Active
32062357,65460471,388389,Savings,2023-12-09,6593.53,Active
61619094,47732986,126225,Savings,2023-03-23,5978.44,Active
71482271,31152378,770487,Savings,2020-01-26,16789.02,Active
72596386,97966334,388389,Savings,2025-03-07,5442.29,Active
34814883,52353280,877572,Savings,2023-01-31,4358.09,Active
81181605,15292672,334053,Checking,2024-05-09,1863.04,Active
90651558,89741572,876646,Savings,2025-11-05,4629.62,Active
41466792,99735813,216739,Savings,2020-12-20,2724.32,Active
69319593,81811723,207473,Checking,2023-04-04,3674.98,Active
17546152,75913491,191161,Checking,2025-11-19,5940.23,Closed
17120171,82630931,770487,Savings,2021-08-21,7077.09,Active
56245164,67623191,216739,Savings,2025-03-05,3638.13,Active
51723183,18405656,671858,Savings,2024-05-04,7873.03,Active
88914869,61823259,126225,Checking,2022-03-26,1940.87,Active
77544374,60643612,388389,Checking,2025-10-28,40094.84,Active
54311862,90822940,876646,Savings,2021-06-16,1898.23,Active
94780344,38131997,356787,Savings,2020-09-11,2356.21,Active
80100281,88037663,388389,Savings,2021-07-01,321.36,Active
97434553,85448989,388389,Savings,2021-12-29,1090.22,Active
54049724,47307041,334053,Savings,2021-08-29,3777.61,Active
46119868,91773219,719176,Checking,2025-06-15,4109.88,Active
27048893,43768099,809570,Savings,2024-11-19,4636.66,Active
46250943,97114415,872246,Checking,2021-05-07,7347.46,Active
56736705,79190320,246316,Savings,2022-10-02,8831.45,Active
14564289,17226037,246316,Checking,2022-12-19,6185.25,Active
18529220,13883704,216739,Checking,2022-02-10,3188.56,Active
36420551,96459064,719176,Savings,2022-08-20,1899.37,Closed
39336904,67819841,809570,Savings,2020-02-19,4416.55,Active
37960648,53434689,877572,Savings,2021-08-02,2314.53,Active
88488907,49174862,876646,Checking,2021-10-20,16591.75,Active
31112142,16931154,334053,Savings,2025-09-13,5396.98,Closed
11353038,67590483,719176,Savings,2024-01-06,3241.96,Active
20954066,27089237,809570,Savings,2024-08-16,1628.6,Active
80067538,16013654,388389,Savings,2022-02-23,7535.32,Closed
72793043,77388127,809570,Savings,2025-09-30,6194.21,Active
62700505,96065894,191161,Checking,2023-11-05,6527.75,Active
61914077,86563179,876646,Savings,2021-07-20,3325.97,Active
81083359,97114476,246316,Savings,2025-11-27,1053.73,Closed
10599392,95115640,334053,Checking,2020-01-26,8253.87,Active
49134560,96590200,809570,Savings,2023-10-10,7655.55,Active
48413664,45472122,191161,Checking,2025-06-06,2767.1,Active
89177059,24205691,388389,Checking,2025-11-07,10641.06,Active
12041187,53795195,334053,Checking,2023-02-08,8943.68,Active
19119076,18340223,246316,Checking,2022-03-05,16005.68,Active
57752548,47372680,216739,Savings,2021-03-29,8152.97,Active
94583783,51599753,356787,Checking,2021-04-06,5140.29,Active
29932519,99834251,876646,Checking,2022-07-18,12353.92,Active
23935976,66115983,809570,Savings,2025-01-17,6359.29,Active
96025578,33380752,809570,Savings,2023-01-27,9314.9,Active
65616876,53402003,809570,Savings,2023-06-07,1324.52,Active
83246061,64248213,671858,Savings,2025-01-03,8388.12,Active
29998063,31021461,246316,Checking,2021-03-31,4661.56,Active
23772145,88365465,216739,Checking,2023-03-26,9553.88,Active
57555956,48716185,216739,Savings,2024-10-31,5672.45,Active
70990839,76896668,246316,Checking,2024-05-15,5806.8,Active
23903226,46782876,719176,Savings,2025-08-03,4476.44,Active
66272254,88037790,388389,Checking,2023-10-09,1329.8,Active
85048321,77814172,388389,Savings,2025-02-22,5938.64,Active
47856642,72735137,877572,Checking,2020-03-28,7026.32,Active
42220546,59201955,246316,Checking,2022-01-24,4617.15,Active
63192069,78305711,191161,Checking,2022-01-30,8772.76,Active
65911814,45996468,877572,Checking,2025-06-14,3812.54,Active
41532425,67459510,719176,Savings,2023-06-06,2221.62,Active
91503627,92068284,388389,Savings,2024-09-29,3949.26,Active
63650832,19945916,334053,Checking,2023-02-10,11604.78,Closed
61291537,38984130,877572,Savings,2023-08-18,2904.06,Active
18627607,77322690,356787,Checking,2023-05-08,8870.3,Active
72629273,59988419,388389,Savings,2022-03-07,6018.62,Active
79510565,32168387,876646,Savings,2022-05-26,4029.86,Active
75152422,12048834,334053,Savings,2021-05-01,10471.18,Active
46808104,93968840,809570,Savings,2021-04-23,3919.09,Active
57261097,43866572,809570,Savings,2022-02-03,6674.66,Active
51690537,43211214,126225,Checking,2024-12-11,15488.24,Active
47823913,65984977,877572,Savings,2020-11-29,22960.07,Active
26852397,99113435,246316,Savings,2020-08-18,2703.01,Closed
31046701,16996835,334053,Checking,2021-05-01,9501.73,Active
53853229,21846501,334053,Savings,2020-10-08,16895.34,Active
43236400,35215848,388389,Savings,2020-05-29,20701.73,Closed
93469751,21191155,388389,Checking,2022-10-04,4001.14,Active
10206266,82827764,809570,Checking,2022-04-14,2893.53,Active
23903292,66148857,334053,Savings,2021-03-21,7862.85,Active
51199036,59791875,246316,Savings,2024-03-07,7774.02,Active
63355970,13195779,246316,Checking,2020-10-10,1882.73,Active
20364357,68540931,388389,Savings,2025-12-19,8723.35,Active
17316934,84826632,334053,Checking,2024-11-06,10738.71,Active
76364877,91544074,809570,Checking,2023-02-20,6911.97,Active
98614349,51010058,877572,Checking,2020-08-28,6101.18,Active
84491343,27646484,877572,Checking,2024-05-30,2721.03,Active
49167440,77060632,671858,Savings,2023-12-09,1556.58,Active
60800081,27908635,877572,Savings,2024-12-29,5724.26,Active
91536470,59857437,809570,Savings,2022-12-08,5594.13,Active
61979734,37902884,809570,Savings,2023-10-20,1187.79,Active
12467287,74504742,877572,Savings,2022-10-16,7238.42,Active
74464347,45013543,246316,Savings,2021-04-02,10705.53,Active
11746396,86268457,216739,Savings,2022-08-15,6705.24,Active
37108827,89512490,877572,Savings,2020-05-06,10434.81,Active
53066848,81222187,246316,Savings,2025-01-27,5236.91,Active
96910438,35445292,334053,Savings,2023-05-10,3964.55,Active
72367209,25811498,126225,Savings,2020-02-12,14329.51,Active
29539434,71752240,719176,Checking,2021-02-25,8416.95,Active
42450029,61594165,877572,Checking,2024-09-10,2145.48,Active
85933165,10902071,246316,Checking,2023-07-22,1908.11,Active
88292466,17193528,809570,Checking,2021-07-07,15407.79,Active
89078901,30071352,876646,Savings,2025-11-04,2726.68,Active
48512117,81222211,334053,Checking,2021-06-04,3530.37,Active
93305974,31447620,809570,Checking,2021-02-28,4089.02,Active
13974649,58382919,719176,Savings,2025-12-22,24731.43,Active
91929722,94952013,671858,Checking,2023-05-01,873.39,Active
98286717,74209875,191161,Savings,2023-04-29,6809.38,Active
49593469,86923860,719176,Savings,2020-04-23,19958.42,Active
38255743,68606568,334053,Savings,2025-02-23,10425.5,Active
21445760,20044395,216739,Checking,2024-03-17,6769.73,Active
15678594,33020527,216739,Savings,2024-09-17,2319.85,Active
55622787,57825905,334053,Savings,2024-07-30,3889.73,Closed
36945032,92920445,334053,Savings,2022-10-07,5581.57,Active
71580813,74308224,872246,Checking,2025-03-06,4269.79,Active
27409552,29350536,388389,Savings,2024-11-24,10480.52,Closed
89439387,28859018,388389,Checking,2025-09-23,28055.64,Active
86916252,52681357,334053,Savings,2025-06-08,5916.01,Active
42679457,82598543,356787,Savings,2024-11-10,8843.78,Active
57130147,38001296,246316,Savings,2021-06-27,4809.12,Active
14367911,55859862,876646,Savings,2024-09-16,2851.36,Active
18267309,40819352,388389,Checking,2024-08-06,8141.07,Active
38354093,20241050,356787,Savings,2021-07-06,1589.85,Active
72563890,41769627,809570,Savings,2025-02-06,7943.58,Active
66600116,65493661,671858,Savings,2020-11-10,1844.63,Active
46283956,67852958,876646,Savings,2023-01-12,10680.74,Active
90094777,45537951,334053,Checking,2022-11-14,1741.94,Active
58309820,82270877,334053,Savings,2022-12-31,9162.52,Active
86654142,60644002,246316,Savings,2022-02-06,21831.12,Closed
18136260,56056483,877572,Checking,2020-02-19,3479.07,Active
51821764,14506659,671858,Checking,2021-08-04,3006.75,Active
17415365,69360294,388389,Savings,2022-02-05,4505.6,Active
99171529,17259175,388389,Savings,2024-01-27,8370.8,Active
93109450,95148713,809570,Savings,2023-02-17,1161.72,Active
66403530,68541098,388389,Savings,2024-11-02,3468.12,Active
25050316,40721069,334053,Checking,2024-04-17,15852.32,Active
92028106,62479024,334053,Savings,2020-02-03,5448.02,Active
16334028,16046768,246316,Savings,2022-04-26,2940.32,Active
96746703,13621940,334053,Checking,2020-05-11,3444.11,Active
68992211,90462901,770487,Savings,2024-07-04,10519.68,Active
97991892,46914230,876646,Checking,2023-03-21,13104.77,Active
89439447,49371830,207473,Savings,2021-04-17,8030.47,Active
55098584,50518712,216739,Savings,2022-10-27,9295.85,Active
88816856,86956727,334053,Savings,2023-12-22,1774.91,Active
43236569,20961980,388389,Savings,2022-08-03,3919.25,Active
70991067,86596285,719176,Savings,2020-02-27,8969.98,Active
90291419,35445439,671858,Savings,2025-01-03,6964.1,Active
81771743,61889216,877572,Savings,2021-05-16,5299.85,Active
44088545,72473285,809570,Savings,2022-12-27,1692.3,Active
64896226,53107401,356787,Savings,2024-06-09,6168.13,Active
10730722,91413200,877572,Checking,2023-04-16,789.11,Active
73252068,96262865,246316,Savings,2024-01-17,4651.5,Active
57130211,82926289,719176,Checking,2024-08-14,3968.03,Active
78855398,40786648,356787,Checking,2024-12-29,1704.59,Active
51526888,87546587,216739,Checking,2025-12-20,4762.73,Active
14957805,52222691,877572,Checking,2020-12-22,1685.37,Active
95927534,62282473,876646,Savings,2021-10-16,3665.32,Closed
35994863,38886122,770487,Savings,2024-08-15,1170.77,Active
83475696,53959403,388389,Savings,2022-03-03,19030.18,Active
66305264,75684585,334053,Savings,2022-03-08,598.55,Active
92716272,16571117,876646,Savings,2025-07-12,7357.1,Active
38419700,25975536,872246,Savings,2024-06-15,932.87,Active
95042804,10509040,356787,Savings,2022-02-24,4733.05,Active
89341174,75225840,191161,Checking,2025-05-20,8284.61,Active
22297845,24140530,877572,Savings,2025-06-14,5188.63,Active
92028150,27286261,809570,Savings,2024-08-01,4301.47,Active
73841910,91839237,719176,Savings,2025-12-28,1958.65,Active
49003770,11590407,356787,Savings,2022-04-04,2828.29,Active
78724347,98786055,388389,Checking,2023-11-12,7722.18,Active
43138304,21584653,809570,Savings,2022-01-26,2566.23,Closed
75087105,20830992,207473,Savings,2020-07-06,20635.58,Active
86392065,18275089,216739,Checking,2023-01-05,7775.11,Active
95862019,70802201,334053,Savings,2023-03-15,40114.96,Closed
24132867,87087899,876646,Checking,2022-11-27,1750.42,Active
17153289,88791839,876646,Savings,2021-09-25,420.69,Active
44383498,24992544,126225,Savings,2024-03-11,4134.18,Active
92617998,87218976,388389,Savings,2025-01-03,1804.54,Active
56409359,93215525,719176,Checking,2025-05-03,7268.75,Active
40516880,77421350,719176,Checking,2021-03-26,6348.08,Active
29474068,74308392,719176,Checking,2020-01-02,13572.89,Active
45628694,56482605,246316,Savings,2023-06-07,7359.32,Closed
82427159,16112433,809570,Checking,2021-04-15,1291.62,Active
85277976,31906615,809570,Savings,2021-10-27,5183.54,Active
23248153,17619768,877572,Savings,2025-12-17,11781.91,Active
96484637,55434040,216739,Savings,2020-03-17,12941.14,Active
85409053,69393218,719176,Checking,2023-02-07,4956.25,Active
56835358,84564805,356787,Savings,2020-08-17,4048.34,Active
23575841,16309064,126225,Checking,2025-05-16,24150.33,Active
23149859,24959821,207473,Checking,2020-12-06,3682.33,Active
72072484,76372813,334053,Savings,2024-12-08,11169.76,Active
83770660,22469459,334053,Savings,2022-10-18,16030.45,Closed
97500457,11000660,334053,Checking,2020-10-01,15757.57,Active
88325417,41900887,877572,Savings,2022-01-10,12774.33,Active
27245867,55171932,216739,Savings,2020-08-08,9248.42,Active
41663794,91282269,876646,Savings,2020-01-05,4527.65,Active
93601076,63134557,191161,Savings,2022-07-01,10014.06,Active
65846585,85416798,877572,Savings,2025-08-24,3967.85,Closed
22953274,58547040,877572,Checking,2024-07-07,12741.85,Active
81673532,66345831,207473,Savings,2024-12-21,1580.28,Active
22134078,43408234,809570,Savings,2022-07-12,4894.72,Active
71679296,20011884,356787,Savings,2024-08-01,2678.16,Active
28917059,20994925,126225,Savings,2025-11-16,1044.19,Active
25214279,64215919,770487,Checking,2023-10-05,2419.63,Active
59620685,60250991,334053,Savings,2020-02-25,930.27,Active
18496856,65428338,246316,Savings,2020-07-05,3070.7,Active
89439581,68737908,334053,Savings,2020-02-16,5865.35,Active
14728545,15653750,246316,Checking,2021-05-11,12853.52,Active
22330722,83647351,388389,Savings,2022-07-07,3333.14,Active
25804131,81025912,877572,Checking,2025-03-04,914.9,Active
28458345,75586428,876646,Checking,2024-12-10,3978.71,Active
43367787,65788797,719176,Checking,2020-09-11,12585.1,Active
34880876,43965313,356787,Savings,2024-12-29,941.73,Closed
63782253,34986881,126225,Savings,2024-03-06,2363.94,Active
58080622,95869828,246316,Savings,2025-03-01,4176.42,Active
13974899,44587908,877572,Savings,2024-04-01,1086.69,Active
53460345,77257605,126225,Checking,2020-10-31,2516.42,Active
54672766,68017032,719176,Savings,2025-09-15,17112.81,Active
69909888,60185491,671858,Savings,2022-04-29,9247.03,Active
68763009,52976532,872246,Checking,2020-01-17,1749.82,Active
60046723,94591893,216739,Savings,2024-08-11,10096.72,Closed
27770244,21748631,356787,Savings,2023-12-26,6306.29,Active
90094981,69720986,809570,Checking,2022-09-26,24344.56,Active
45497733,32005020,388389,Savings,2025-11-19,5421.26,Active
20004231,63396769,719176,Checking,2023-06-19,2225.34,Active
73481608,37149608,216739,Savings,2020-10-07,1597.05,Active
42745227,94559148,126225,Savings,2022-02-14,6707.52,Active
32619920,41147316,809570,Savings,2023-07-30,4592.77,Active
43728273,11426740,809570,Savings,2024-01-04,7411.04,Active
42417554,10443707,719176,Savings,2023-12-03,2556.07,Active
87801235,19127237,126225,Savings,2024-04-07,9091.83,Active
84819349,53894090,872246,Savings,2025-08-22,14433.4,Active
35110297,26106829,126225,Savings,2021-10-03,6011.32,Active
15351193,47209424,246316,Checking,2020-04-02,12257.46,Active
90619291,71523286,388389,Checking,2022-09-15,6542.63,Active
30883228,93641697,809570,Savings,2022-11-14,6087.22,Active
97533338,11131880,216739,Savings,2023-04-26,3169.22,Closed
73645470,34790387,876646,Checking,2021-03-16,14826.29,Active
61947290,22764538,246316,Savings,2020-07-23,2935.85,Active
32849312,56646650,334053,Savings,2020-08-31,6133.86,Active
12107174,34921469,126225,Checking,2024-12-22,2099.35,Active
87801254,26369021,719176,Savings,2024-09-11,10652.02,Active
97238441,55729151,809570,Savings,2020-08-18,4205.15,Active
16301484,55434240,877572,Savings,2022-07-01,7946.59,Active
43728301,86006785,356787,Checking,2024-04-15,1602.03,Active
51035568,63724544,126225,Savings,2023-10-28,2124.21,Active
75054513,32201737,671858,Savings,2023-12-06,2506.52,Active
79707569,16047114,877572,Savings,2025-05-27,6284.83,Active
74104246,53074957,191161,Savings,2024-03-28,5605.77,Active
72400311,38624271,216739,Savings,2025-12-12,3853.91,Active
82132414,45603856,877572,Savings,2025-06-06,2609.95,Active
69778879,16538640,191161,Checking,2023-03-11,1536.82,Active
67976641,51010582,388389,Checking,2023-03-04,8831.66,Active
62307777,53238807,246316,Checking,2022-04-08,1999.27,Active
35896771,25680922,216739,Savings,2023-06-14,7222.52,Active
51297732,74013724,876646,Savings,2021-01-15,1290.04,Active
17350085,56941599,872246,Savings,2024-02-22,5277.43,Active
54738376,21191711,388389,Savings,2020-09-05,15279.96,Active
76496329,69098537,246316,Checking,2020-06-02,7310.13,Active
42352073,28531757,216739,Savings,2021-03-02,5394.0,Active
96026063,81419313,246316,Checking,2020-02-16,12618.44,Active
30621137,51960882,334053,Savings,2025-10-04,2848.26,Active
14663127,30104627,877572,Savings,2020-12-04,2658.9,Active
49429976,41311284,388389,Savings,2024-02-22,6782.96,Active
87277019,13065267,809570,Savings,2020-12-22,3459.08,Active
71253468,84630582,872246,Savings,2022-10-18,2603.43,Active
79707613,58743864,334053,Savings,2022-03-26,1513.91,Active
21839330,63790137,216739,Savings,2023-12-09,1929.32,Active
48217571,65854520,388389,Savings,2021-07-07,10769.76,Active
25542115,21027897,334053,Savings,2022-06-08,10485.91,Active
35765730,36035642,126225,Savings,2021-12-28,49851.43,Active
94780901,85056573,191161,Checking,2025-03-06,13280.53,Active
35995111,24206393,334053,Savings,2020-12-18,6894.87,Active
63192552,90037318,671858,Savings,2024-06-24,11497.54,Active
81411562,87546952,719176,Savings,2024-01-07,1913.71,Closed
37895663,86629448,877572,Savings,2023-10-19,8126.56,Active
25312753,70573130,246316,Checking,2024-10-07,4433.94,Closed
84262386,88235087,876646,Checking,2022-11-05,38137.08,Active
26951157,99343440,246316,Savings,2021-03-06,15167.08,Active
40222198,36133972,671858,Savings,2020-06-24,11251.29,Closed
97140225,76962901,388389,Savings,2021-01-26,2180.79,Active
80035330,76864596,872246,Savings,2022-02-28,103724.31,Active
22003202,26041432,126225,Savings,2024-02-09,4202.1,Active
60734981,89709660,388389,Checking,2020-04-27,2887.57,Active
70139403,54680668,876646,Savings,2024-12-22,11567.39,Active
42188299,82205790,334053,Savings,2023-11-28,1332.02,Active
42122771,87383138,191161,Savings,2020-06-24,2185.61,Active
39435798,90627170,246316,Checking,2025-07-30,2501.08,Active
44514839,84794468,877572,Checking,2020-11-19,6455.84,Active
53689880,42785893,334053,Savings,2020-05-20,6558.26,Active
68337175,45636710,246316,Savings,2020-09-17,2887.25,Active
37010967,21453927,809570,Savings,2022-07-29,3983.55,Active
44940823,69852264,216739,Checking,2023-06-20,322.1,Active
41958935,46586986,334053,Savings,2020-06-06,4365.75,Active
69123613,62348398,334053,Checking,2025-02-26,5653.19,Active
56180254,81026158,388389,Savings,2020-11-01,13156.5,Active
45334047,89119854,809570,Checking,2023-11-27,4883.77,Active
80657952,96918659,809570,Savings,2024-02-22,9343.98,Active
18071074,89283715,246316,Savings,2024-11-12,3988.42,Active
23346724,48258184,876646,Savings,2021-09-09,32231.19,Active
99925540,12278921,809570,Savings,2022-01-11,5406.38,Closed
81477159,21781649,334053,Checking,2024-12-03,5292.52,Active
53657128,67361937,876646,Savings,2021-08-15,2199.74,Active
58637865,37641369,216739,Savings,2020-02-19,11611.6,Active
83836456,75816098,216739,Checking,2021-06-10,7311.77,Active
10403374,30629028,877572,Checking,2022-03-21,14537.57,Active
30916142,10575014,356787,Savings,2021-04-16,3327.18,Active
14958130,77126840,126225,Savings,2022-02-09,5937.19,Active
84819507,33053885,126225,Checking,2024-09-08,19437.36,Active
98188852,37903550,126225,Savings,2025-12-02,30770.73,Active
30948916,55499968,246316,Savings,2023-12-12,14251.29,Active
52051510,69229760,388389,Savings,2023-07-06,9326.21,Active
64667195,20405441,246316,Savings,2024-11-03,1833.99,Active
17186365,35314883,877572,Savings,2020-09-02,3789.46,Active
22298178,25812166,246316,Checking,2023-08-07,749.3,Active
78102084,36166856,207473,Checking,2023-03-22,8466.83,Active
18792006,66182346,876646,Checking,2025-01-17,4380.55,Active
90127943,95444170,388389,Checking,2025-07-23,9107.88,Active
56901191,99605734,809570,Checking,2021-04-09,4034.94,Active
87309897,45833447,246316,Savings,2023-08-25,2444.57,Active
36748873,99015917,246316,Checking,2020-04-11,3288.4,Active
25738828,33873133,671858,Savings,2021-06-04,20087.22,Active
34455120,97967344,388389,Savings,2021-10-10,16391.4,Active
91209297,77454578,207473,Checking,2024-05-10,4873.8,Active
12467794,88366323,876646,Savings,2025-04-28,20372.12,Active
19414613,86531316,671858,Checking,2021-04-22,13130.08,Active
16236118,45833458,876646,Checking,2022-01-10,3282.1,Active
54541910,65461496,719176,Savings,2022-05-15,2776.21,Active
19840600,36232441,719176,Savings,2022-06-21,2183.56,Active
95469147,93347064,126225,Savings,2020-09-14,4141.27,Active
57818717,75881724,770487,Checking,2022-01-21,10158.21,Active
78102118,99802365,877572,Savings,2022-04-01,3126.54,Closed
60145259,35282178,809570,Savings,2021-04-18,2136.15,Active
64339565,91118850,872246,Savings,2024-06-14,20217.03,Active
81673837,45309188,876646,Checking,2025-04-01,8026.29,Active
29408877,59727108,876646,Savings,2025-06-01,4780.29,Active
38518387,14343431,388389,Savings,2025-05-28,707.85,Active
92199711,66903306,809570,Savings,2021-12-07,10320.22,Active
98811512,65527054,207473,Savings,2023-10-22,1647.38,Active
95895163,62479633,126225,Savings,2023-03-27,5941.59,Active
58932860,54385939,334053,Checking,2020-02-16,10346.93,Active
35831420,69164310,388389,Checking,2020-10-11,13768.58,Active
69648000,35085594,356787,Savings,2024-03-29,2128.09,Active
33603201,65527069,809570,Savings,2023-07-19,13168.05,Active
44220032,26434846,671858,Savings,2025-12-10,5614.03,Active
63323778,64216352,809570,Checking,2023-09-27,7317.59,Active
38485635,35347748,876646,Checking,2020-02-04,1737.34,Active
81084036,24403243,872246,Savings,2023-10-26,1200.56,Active
75939468,47537455,246316,Checking,2022-02-12,28006.4,Active
14859922,36986166,334053,Savings,2021-07-19,22375.62,Active
33668758,10378569,246316,Savings,2020-06-02,883.87,Active
62537369,57662793,388389,Savings,2024-08-12,10713.16,Active
50183834,81386830,216739,Checking,2024-07-27,3323.09,Closed
31964828,40099151,191161,Savings,2023-07-24,12574.87,Active
16465569,62774608,126225,Savings,2020-08-17,1251.2,Active
63782563,81976665,246316,Savings,2021-10-28,4245.11,Active
79150757,95771994,388389,Savings,2024-08-12,7750.67,Active
32816809,33021275,877572,Savings,2022-06-06,999.35,Closed
13713066,72834394,877572,Savings,2023-10-30,1479.34,Active
35077805,50224473,719176,Savings,2023-08-07,3695.62,Active
99008177,86072670,207473,Checking,2023-11-30,1610.67,Active
94617266,42360159,719176,Checking,2022-09-18,4576.86,Active
53362354,70344041,356787,Savings,2020-06-27,4131.78,Active
12435122,52125035,216739,Checking,2022-11-09,7710.39,Active
36486839,90070380,388389,Checking,2024-05-09,8397.07,Active
44449463,11033963,809570,Savings,2025-10-11,3078.76,Active
60276408,40328557,388389,Savings,2025-11-12,10965.2,Active
54673083,76111215,216739,Savings,2023-09-15,1688.91,Active
25673404,44719473,770487,Savings,2024-10-15,2104.09,Active
17546941,17096050,809570,Checking,2020-06-12,527.77,Active
94420670,47832433,872246,Savings,2023-03-11,4168.11,Active
65158849,77192571,388389,Savings,2021-04-13,17005.97,Active
37273286,85253501,191161,Savings,2020-10-08,5048.12,Active
62570183,94068095,876646,Savings,2024-10-03,2095.57,Active
16105160,68410754,872246,Savings,2025-12-11,721.29,Active
32751305,85908867,216739,Savings,2022-07-25,935.88,Active
88915659,43507076,126225,Checking,2023-10-11,3329.94,Active
56704719,45047173,872246,Checking,2023-06-23,3447.84,Active
83082960,44555653,877572,Savings,2022-09-25,8269.99,Active
80395987,69655946,877572,Savings,2024-06-01,16162.99,Active
63880917,79748490,334053,Checking,2021-11-30,6887.13,Active
78134998,64478604,872246,Savings,2020-05-24,3002.18,Active
92651221,38133133,719176,Savings,2022-05-22,8684.65,Active
36552405,95640976,876646,Savings,2022-11-26,8082.0,Active
99499737,35216784,809570,Savings,2022-03-09,13328.02,Active
96222939,10837395,809570,Savings,2022-03-28,2235.07,Active
13156060,76930451,356787,Checking,2022-06-28,8042.08,Active
26197723,44031389,216739,Savings,2022-05-17,8601.04,Active
75054815,96001439,246316,Savings,2023-03-07,4093.03,Active
64863972,68115874,872246,Savings,2025-07-03,1480.06,Active
14073573,54353315,877572,Checking,2024-11-07,5204.75,Active
53362410,36232612,246316,Savings,2025-01-14,2522.17,Active
71778027,78601638,809570,Checking,2025-08-09,11235.3,Active
55361260,64183721,876646,Savings,2023-08-09,4452.46,Active
65847022,85908907,877572,Savings,2025-06-13,5106.38,Active
68566767,54844846,126225,Checking,2025-05-23,3574.98,Active
10764014,13295022,334053,Checking,2020-01-20,3934.07,Active
57229041,38526385,334053,Checking,2021-10-17,23444.23,Active
89308914,65920436,719176,Savings,2022-02-27,8440.11,Active
33275635,84893109,809570,Checking,2021-12-18,1434.88,Active
80658160,28827060,126225,Savings,2022-10-25,4807.76,Active
33373943,99474876,388389,Savings,2021-01-15,1406.02,Active
34848503,27876801,246316,Savings,2024-06-09,22842.02,Active
49659642,53075398,877572,Savings,2025-04-01,16505.81,Active
68730620,48717255,246316,Savings,2020-01-27,22890.94,Active
96911101,24010182,877572,Savings,2020-07-04,1016.69,Active
50511614,23846353,334053,Checking,2024-05-05,1838.16,Active
13287166,67329492,216739,Savings,2025-09-29,2335.66,Active
79544067,62414294,126225,Savings,2021-07-25,1993.9,Active
57720580,19488216,216739,Checking,2022-02-17,2059.0,Active
12009221,27385304,671858,Savings,2023-02-16,2246.27,Active
45924115,64609754,671858,Savings,2022-11-07,3888.7,Active
35634966,96919001,216739,Savings,2021-07-08,7353.93,Active
78364441,62676442,719176,Savings,2021-10-19,8458.96,Closed
77479705,98196958,216739,Savings,2025-01-02,12783.16,Active
50478875,60972517,334053,Checking,2022-05-28,6752.59,Active
35798812,93543910,126225,Savings,2021-04-05,6760.25,Closed
14728989,60972519,246316,Checking,2024-03-21,15916.76,Active
10469150,52911592,246316,Checking,2023-10-16,10390.02,Closed
25706272,96689645,388389,Savings,2025-12-16,6655.93,Active
27737889,87186925,388389,Checking,2025-06-27,930.17,Active
24428322,44686834,216739,Savings,2020-11-10,19747.0,Active
89243428,85777907,126225,Savings,2021-05-19,1052.6,Active
93372196,31612402,719176,Checking,2025-06-18,2532.99,Active
25771815,76668408,126225,Savings,2023-08-14,603.24,Active
90750760,63167996,809570,Savings,2023-05-05,26531.44,Active
75415337,82763265,334053,Savings,2025-06-10,2839.23,Active
63356715,23649802,388389,Checking,2021-07-30,5333.71,Active
99204909,98786831,809570,Savings,2022-05-15,1063.16,Active
96550707,63626772,334053,Savings,2022-02-04,6008.56,Active
92127030,51568151,207473,Checking,2023-08-01,13626.41,Closed
39075638,73096728,671858,Savings,2022-04-29,2277.88,Closed
67813174,52551193,719176,Savings,2024-06-09,4925.16,Active
56344378,38723100,334053,Savings,2025-05-31,6731.02,Active
42975038,35446306,216739,Savings,2023-07-27,1740.49,Active
52674367,70639140,671858,Savings,2024-04-28,10181.62,Active
21020482,50290217,809570,Savings,2020-08-19,2190.39,Active
88522562,95051306,770487,Savings,2022-04-07,5589.39,Active
14499652,14900781,388389,Savings,2020-11-10,4376.44,Active
24330053,72572467,334053,Savings,2020-07-07,14339.49,Closed
10927942,25910839,872246,Savings,2020-12-28,6081.97,Active
22626119,14212666,877572,Checking,2024-12-06,659.25,Active
77971274,52059707,719176,Checking,2025-03-06,5408.06,Active
49233740,67755581,719176,Savings,2025-08-10,5621.64,Active
25411407,71097922,809570,Savings,2022-04-12,7443.07,Active
72171344,30432836,334053,Savings,2024-10-30,2985.93,Active
37666641,48913989,246316,Checking,2024-07-24,1254.98,Active
22789969,70311494,126225,Savings,2021-01-30,1219.89,Active
69910355,95510088,809570,Checking,2021-04-21,3995.44,Active
68042581,23354960,872246,Savings,2023-05-15,20979.67,Active
96386904,19095127,216739,Savings,2023-10-07,4650.85,Active
54148958,91414105,809570,Checking,2024-07-27,4424.81,Active
85770079,17686107,216739,Savings,2024-08-23,6029.91,Closed
35733346,36003419,809570,Savings,2022-08-02,11170.26,Active
90423140,37674589,809570,Savings,2024-12-06,3430.13,Active
92684135,53599837,191161,Savings,2021-05-31,10074.08,Active
98451307,47701601,334053,Savings,2021-01-30,12598.76,Active
68960108,70540902,216739,Checking,2025-04-25,9221.41,Active
67747693,48520806,216739,Savings,2025-12-08,13157.47,Active
26066798,27811432,126225,Savings,2022-06-02,27140.74,Active
43827053,27876969,356787,Checking,2021-01-24,4583.15,Active
42352496,80895594,809570,Savings,2020-11-23,3191.21,Active
29048689,98229876,809570,Savings,2021-06-06,1393.53,Active
60309362,76144246,877572,Savings,2025-03-26,6624.92,Active
29146991,22601335,216739,Savings,2021-08-01,4584.04,Active
56016753,88399481,216739,Checking,2025-10-10,10099.84,Active
96288627,93544060,388389,Savings,2021-08-11,4079.25,Active
45268854,90594945,809570,Savings,2024-06-09,1940.44,Active
76889980,29777543,719176,Checking,2021-07-31,4662.61,Active
44711807,62054028,809570,Savings,2023-05-23,984.97,Active
73613189,62414485,770487,Savings,2020-12-31,4551.21,Active
38748039,31710870,872246,Savings,2023-11-30,2764.62,Closed
65683336,64544411,719176,Checking,2020-07-20,15215.82,Active
26492810,34365090,334053,Savings,2020-11-23,16377.58,Active
97075083,23223970,388389,Savings,2024-09-23,4981.8,Active
58343308,73424553,388389,Checking,2022-02-26,900.18,Active
16236431,82501291,126225,Savings,2021-06-15,1851.92,Active
67190677,43703984,388389,Savings,2024-11-10,4958.49,Closed
66928533,79945393,356787,Savings,2023-03-25,2248.24,Active
79183765,96624306,770487,Savings,2020-05-11,3825.06,Active
46088086,47832768,388389,Savings,2021-09-19,22174.48,Active
36192153,74702529,719176,Savings,2025-02-27,3279.39,Active
30195611,50585284,809570,Savings,2024-02-10,5191.93,Closed
56377245,76275402,877572,Savings,2024-02-26,6460.47,Active
15220638,88366804,388389,Savings,2024-03-10,2097.07,Active
42581919,33513181,809570,Savings,2023-06-02,2757.08,Active
79806370,85548770,671858,Savings,2024-01-31,3897.22,Active
49528740,89841379,809570,Savings,2021-10-16,5571.95,Active
55197604,98295523,388389,Checking,2024-04-15,11023.75,Active
30195622,77618917,876646,Checking,2025-08-06,1845.42,Closed
50937767,37117666,246316,Checking,2021-12-07,5051.85,Active
54476709,49700583,334053,Savings,2022-03-21,344.72,Active
81903532,84926185,671858,Savings,2025-06-08,4699.97,Active
14041006,98590444,719176,Savings,2020-01-19,6806.88,Active
99172272,38592239,334053,Savings,2023-09-18,5740.47,Active
60374962,39018227,809570,Savings,2021-01-07,29651.75,Active
24657843,42557172,334053,Savings,2020-01-17,2780.07,Active
98615219,93576948,356787,Savings,2021-09-14,3648.94,Active
25378741,72638195,876646,Savings,2025-01-25,4110.17,Active
91242422,42098427,356787,Savings,2023-01-01,7928.93,Active
67223476,13262588,388389,Savings,2020-11-09,24590.76,Active
66043832,44916487,216739,Savings,2025-05-12,13195.76,Active
72925112,11919114,877572,Savings,2024-11-16,3169.71,Active
43597756,25452308,334053,Savings,2024-05-18,1205.21,Active
21643196,68247317,246316,Savings,2020-08-10,11514.68,Active
36519872,34299673,207473,Savings,2023-09-06,5990.13,Active
88457155,91840281,334053,Savings,2021-07-17,9745.9,Closed
85344195,36593436,334053,Savings,2024-08-28,1491.32,Active
32587716,69164829,334053,Savings,2020-07-02,2641.27,Active
80723908,44818205,334053,Checking,2021-12-21,2130.16,Active
71745482,80994079,877572,Savings,2025-04-11,9743.39,Active
18005966,17751842,809570,Checking,2022-09-19,767.36,Active
22396885,39247654,216739,Savings,2023-03-22,1439.85,Active
44974039,75915047,216739,Checking,2025-07-20,6303.78,Active
54575066,23879465,877572,Checking,2024-06-07,859.79,Active
29704157,55369513,216739,Checking,2020-02-10,6391.93,Active
80429023,62218027,246316,Savings,2024-03-23,3009.71,Active
79478755,62578474,388389,Savings,2021-06-11,453.85,Active
30326759,25190188,191161,Savings,2023-09-21,13195.68,Active
58179562,96329513,877572,Savings,2021-11-13,836.65,Active
65552368,61529903,334053,Checking,2022-11-25,8289.85,Active
86851570,22699828,388389,Checking,2023-08-07,12254.5,Active
80396280,88071993,809570,Checking,2021-11-30,6596.51,Active
47693817,82960192,356787,Savings,2021-10-28,12032.65,Active
77643771,30105410,216739,Savings,2022-04-10,1274.56,Active
82558971,83484486,770487,Savings,2023-05-16,2501.71,Active
11780093,74997575,671858,Savings,2021-01-15,15098.47,Active
60080124,55271240,876646,Savings,2024-02-28,19040.54,Closed
78692351,17030982,876646,Savings,2023-09-20,34093.66,Active
40681471,66019147,246316,Checking,2020-01-31,3032.93,Active
51527681,20209484,334053,Checking,2024-04-09,4920.48,Active
49561600,86204237,246316,Savings,2025-02-08,11078.05,Active
32522243,78733140,809570,Savings,2022-11-01,3704.77,Active
26165252,19423062,216739,Savings,2024-09-26,727.84,Active
76988422,28794710,334053,Savings,2022-02-14,9764.72,Active
18989065,46554970,719176,Savings,2023-03-19,4340.57,Active
69353484,75128666,671858,Savings,2023-09-11,7207.94,Active
98582540,42884958,877572,Savings,2024-04-16,10527.26,Active
81117200,52879199,356787,Checking,2023-08-24,9430.72,Active
50380816,45506402,809570,Savings,2022-10-24,7349.8,Active
65093650,63201123,334053,Checking,2022-07-06,6231.62,Active
33964049,70213476,388389,Savings,2022-11-11,8874.8,Active
86786068,95870825,334053,Savings,2020-05-14,1957.83,Active
43008030,28991345,216739,Checking,2023-11-12,3691.79,Active
24756256,32104309,719176,Savings,2022-02-04,2569.46,Active
51462177,18603895,207473,Savings,2021-09-30,4252.85,Closed
31146021,98623352,388389,Savings,2020-02-03,3989.01,Active
35373094,93118330,334053,Checking,2025-08-02,1010.33,Active
41009196,54386555,356787,Checking,2024-09-12,2705.29,Closed
59555890,41312125,126225,Savings,2025-02-15,12806.5,Active
59883574,57565053,388389,Checking,2021-09-26,3635.66,Active
29114425,60481407,809570,Checking,2023-04-11,5575.7,Active
56868926,58482562,671858,Savings,2021-05-27,33119.73,Active
30949439,57794440,719176,Savings,2022-09-09,7023.66,Active
37535807,66379658,877572,Checking,2025-03-15,21043.06,Active
97632321,21815179,809570,Savings,2020-09-23,6427.33,Active
51101764,37347214,207473,Savings,2021-02-18,3442.62,Active
65716292,72572823,877572,Savings,2023-11-13,3587.92,Active
26624072,97804184,191161,Savings,2021-06-30,7240.3,Active
14696523,31219607,216739,Checking,2025-08-01,6019.66,Active
73646155,59006878,207473,Savings,2021-12-31,15373.73,Active
98091083,76570530,334053,Savings,2024-05-05,45183.51,Active
79642700,46456739,388389,Savings,2022-04-08,12289.83,Active
42975313,68607910,671858,Savings,2021-05-18,5917.89,Active
31408211,96821161,334053,Savings,2024-04-25,8349.01,Active
18497619,66314154,876646,Savings,2023-11-28,8325.99,Active
46350421,36233131,809570,Savings,2025-08-20,6357.84,Active
64012371,92135339,877572,Savings,2020-05-05,3474.58,Active
59031639,81911727,877572,Savings,2021-01-25,3203.91,Active
98615387,50978736,246316,Checking,2021-04-03,6917.55,Active
94650461,91578288,809570,Savings,2021-09-07,2173.29,Active
42975327,90267569,216739,Savings,2022-09-04,4713.18,Active
81281123,24698809,334053,Checking,2024-09-16,22207.43,Active
76660836,13590465,246316,Savings,2023-07-17,1682.95,Active
82624617,75915202,126225,Savings,2023-11-20,3369.81,Active
68010091,75751370,216739,Checking,2023-02-19,3695.94,Active
41369709,37871569,216739,Savings,2022-07-26,13200.97,Active
33013870,32890838,770487,Savings,2020-05-08,7540.83,Active
64012399,73719766,809570,Savings,2024-04-10,10924.98,Active
77152368,34856921,356787,Checking,2024-09-01,14153.8,Active
79544433,92037083,671858,Checking,2021-09-06,47242.78,Active
43892849,89415644,207473,Savings,2022-10-15,937.79,Active
76595315,18472928,877572,Savings,2022-12-17,77499.43,Active
68239476,53764065,356787,Savings,2025-08-10,15239.4,Active
47267957,11460580,207473,Savings,2020-10-03,43354.88,Active
15548532,59564012,719176,Savings,2020-06-23,3677.77,Active
41533557,80568301,388389,Savings,2025-11-20,6018.03,Active
70107253,94658540,216739,Checking,2022-04-02,2085.62,Active
42877047,26173422,809570,Checking,2022-02-22,1257.02,Active
62767226,26828790,876646,Savings,2021-10-28,5233.3,Active
44253299,24207364,876646,Savings,2023-11-29,3644.43,Active
82755708,87810053,334053,Savings,2022-10-07,4153.76,Active
96780414,95215627,334053,Savings,2024-04-15,2473.05,Active
53067903,20865039,334053,Savings,2021-07-22,7543.31,Active
81707137,65888275,246316,Savings,2020-12-01,6428.54,Active
41140354,71557140,872246,Savings,2023-10-20,6024.25,Closed
44286083,71491610,809570,Savings,2025-12-08,2428.67,Active
53362818,72376348,334053,Savings,2024-04-10,2292.01,Active
29507722,94101535,877572,Savings,2024-08-09,5537.54,Active
45531275,59138081,246316,Savings,2025-10-15,1950.24,Closed
54050958,59432993,126225,Checking,2022-03-27,6830.81,Active
16793745,65495074,872246,Savings,2021-05-03,1839.4,Active
56311955,58482724,809570,Savings,2020-07-10,14103.3,Active
99631252,73031725,770487,Savings,2025-02-15,2859.27,Active
95174804,48160814,877572,Checking,2023-11-18,20093.23,Active
55492758,72409137,876646,Savings,2021-09-10,8678.8,Active
45695124,18112564,809570,Savings,2021-06-16,2447.34,Active
69255321,64708663,671858,Savings,2020-05-09,7020.29,Active
49365145,68608056,876646,Checking,2020-02-07,15542.16,Active
58507425,53141564,246316,Checking,2023-04-22,2705.21,Active
64995492,39870525,356787,Savings,2024-05-06,3234.2,Active
63324328,17752126,216739,Savings,2023-04-24,6746.75,Active
53887144,62414915,809570,Checking,2024-03-05,13301.73,Active
33767594,87416904,671858,Savings,2025-05-20,4521.71,Active
85344427,46587978,334053,Checking,2020-03-14,7032.72,Active
61685932,25747531,216739,Checking,2020-08-14,17091.36,Active
24068269,58875981,334053,Savings,2021-12-09,2830.18,Active
70074543,74702925,719176,Checking,2022-09-20,1929.53,Active
17612978,28926031,877572,Checking,2025-04-27,14331.99,Active
87572659,18571345,216739,Savings,2024-01-18,8885.91,Active
87703734,57761876,809570,Savings,2020-11-11,1333.96,Active
46121142,52453462,388389,Savings,2021-09-03,21003.48,Active
25084086,75620447,671858,Savings,2021-09-09,9416.09,Active
29868215,20635743,191161,Savings,2020-09-29,7713.99,Active
39868720,15851616,246316,Savings,2022-01-17,4501.64,Active
22429886,66248802,216739,Savings,2021-12-05,3112.46,Active
56213697,86728802,872246,Savings,2022-07-11,6578.82,Active
25477315,48095332,876646,Checking,2022-07-20,13393.18,Active
46874819,21848164,216739,Savings,2020-09-25,2280.63,Active
63619269,32989289,872246,Savings,2020-08-01,4844.59,Active
42254534,97804396,126225,Checking,2021-08-12,11053.8,Active
71942343,29253744,126225,Savings,2021-12-09,13513.48,Active
11813062,32202865,126225,Checking,2021-12-30,2797.46,Active
53756101,73293939,877572,Savings,2024-07-08,5629.37,Active
48644302,53403768,877572,Checking,2023-05-09,3275.6,Active
37535951,83517562,246316,Checking,2023-05-22,5720.75,Active
82886864,93708413,216739,Checking,2025-08-03,6060.11,Closed
52773072,64643199,388389,Savings,2025-05-01,5913.22,Active
36454607,39510147,207473,Savings,2022-10-09,14601.16,Active
86294739,49733764,207473,Savings,2020-03-04,5498.26,Active
71581908,70312070,388389,Checking,2021-02-09,1202.3,Active
96813262,89677961,207473,Savings,2024-05-13,2549.64,Active
35766487,35053710,356787,Savings,2023-04-28,62224.01,Active
81215705,48226449,246316,Savings,2020-08-28,2528.5,Active
72958172,30892180,877572,Savings,2020-09-01,8098.44,Active
41959646,44720281,877572,Checking,2024-09-16,17608.26,Active
22888675,67985571,388389,Savings,2020-11-25,25472.11,Active
13254888,67887270,877572,Savings,2023-08-13,5894.16,Active
35832040,77783212,809570,Savings,2021-05-04,11332.42,Active
50053357,43999405,877572,Savings,2022-04-03,4817.21,Active
44908784,43933878,388389,Savings,2023-08-24,2610.46,Active
10338545,72310967,872246,Savings,2023-12-13,4972.98,Closed
75776241,71655609,877572,Checking,2022-05-06,2832.49,Active
95240437,26042556,126225,Savings,2025-12-08,18396.04,Active
59261176,62382269,246316,Savings,2021-11-26,25836.3,Active
26132729,61956285,877572,Savings,2021-03-16,6168.62,Active
98124025,90136767,872246,Savings,2025-04-04,2328.15,Active
46252281,29024449,719176,Savings,2021-03-22,2042.44,Active
63979769,97247431,334053,Savings,2022-07-02,16012.3,Active
41795833,66937033,126225,Savings,2020-08-08,2548.94,Closed
10600702,42098894,216739,Savings,2020-11-16,1200.44,Active
56836354,44982485,246316,Savings,2025-07-04,12278.86,Active
51101958,66674905,877572,Savings,2025-09-16,8118.28,Closed
23380231,54616284,356787,Savings,2023-10-11,1883.63,Active
24953096,51110112,388389,Savings,2025-04-09,4754.7,Active
62439689,80830689,246316,Savings,2023-01-18,11311.54,Active
96223499,77553897,809570,Checking,2025-06-02,9182.95,Active
26820875,98394347,246316,Savings,2025-09-15,3906.65,Active
27869451,55927019,207473,Savings,2025-01-30,2417.5,Active
74367248,81256685,388389,Savings,2024-01-22,2742.03,Active
33538324,89874673,876646,Savings,2024-10-12,6592.07,Active
18170133,63037683,334053,Savings,2021-11-08,10987.36,Active
82559253,65462526,671858,Savings,2023-07-06,7852.94,Active
89669913,60154111,334053,Checking,2025-10-08,1848.19,Active
39010592,15589634,356787,Checking,2020-10-03,8799.02,Active
53952804,29581571,207473,Checking,2021-08-21,1336.19,Active
39239975,47112451,334053,Savings,2023-06-11,20813.9,Active
61358379,35283206,877572,Checking,2022-12-27,23790.55,Active
76103980,93020423,334053,Checking,2021-04-07,4520.44,Active
81707308,64577800,356787,Checking,2021-11-09,2830.28,Closed
82460973,87384329,877572,Savings,2022-01-19,8096.53,Active
94945584,29810958,719176,Savings,2023-02-18,3104.43,Active
64536887,18473232,207473,Savings,2024-11-24,2031.51,Active
76628282,22470928,388389,Savings,2022-07-22,1091.28,Active
96747839,31940882,246316,Savings,2025-12-17,17036.17,Active
19480896,77422867,809570,Checking,2025-12-30,11050.89,Active
34423105,97280272,877572,Checking,2022-02-19,3037.03,Active
22888770,88826137,207473,Checking,2023-11-08,7799.71,Active
58245443,31711516,216739,Checking,2020-06-14,3435.68,Closed
21676352,92332317,809570,Savings,2021-04-16,4018.3,Closed
87245127,21979420,356787,Savings,2024-03-28,3392.39,Active
29311304,24043806,334053,Savings,2023-03-25,10576.04,Active
19743050,87384352,191161,Savings,2024-12-07,3553.61,Active
17219914,48193828,191161,Checking,2020-04-19,2541.41,Active
71909709,35152165,877572,Checking,2024-04-01,2165.43,Active
99434830,55861542,877572,Savings,2020-11-10,1523.15,Active
85180751,53698864,126225,Checking,2022-05-20,6456.72,Closed
85016912,27484465,334053,Savings,2021-12-28,1430.08,Active
34160977,38625589,877572,Savings,2021-08-31,15467.71,Active
29311313,53993782,126225,Checking,2021-09-22,6996.46,Active
59097424,59367740,809570,Savings,2022-11-28,405.65,Active
15745364,92954945,671858,Savings,2022-11-12,3107.6,Active
24002900,10969411,216739,Savings,2025-12-07,1988.76,Active
29573462,23388485,809570,Savings,2022-04-07,664.54,Active
73580889,92594502,216739,Savings,2025-05-05,10952.08,Active
16302429,16441672,770487,Savings,2022-07-16,8282.63,Closed
47300958,31252809,246316,Checking,2021-10-12,12776.37,Active
70369630,54288714,207473,Checking,2025-08-06,6065.95,Active
27509088,28401994,388389,Savings,2020-03-16,14192.76,Active
88523104,66609483,334053,Checking,2023-03-02,8064.34,Closed
77218153,45736271,216739,Savings,2021-11-20,12842.53,Active
37732716,20308312,388389,Checking,2022-01-31,9609.34,Active
83018096,56975704,719176,Savings,2021-07-21,10874.52,Active
88621429,27615582,246316,Checking,2024-01-04,9312.87,Active
33767798,32465246,809570,Savings,2025-11-16,3242.81,Active
71254392,76046693,770487,Savings,2025-09-25,1027.99,Active
36159865,82207079,809570,Checking,2021-04-05,8818.85,Active
62308735,55599465,770487,Savings,2023-05-16,3520.21,Active
31342979,67494251,877572,Checking,2023-07-14,1747.79,Active
19841415,11657584,388389,Savings,2022-03-02,4664.74,Active
37011848,79126897,334053,Savings,2022-09-08,4226.51,Active
28656008,56189300,388389,Savings,2025-01-17,8355.77,Active
53461386,14049656,876646,Checking,2022-05-11,11053.34,Active
24166795,53141882,388389,Checking,2022-03-19,7052.9,Active
68403596,24633723,388389,Savings,2020-03-29,3688.43,Active
72761740,58483068,126225,Checking,2023-05-12,752.39,Active
93995408,74277245,246316,Savings,2024-08-26,3243.54,Active
46449043,18997633,356787,Checking,2020-12-05,5147.8,Active
36487574,35873158,809570,Savings,2021-12-25,25632.14,Active
42910103,46358928,876646,Savings,2021-02-26,1478.39,Closed
78430616,43311504,876646,Savings,2020-05-31,774.46,Active
95404439,14049682,388389,Checking,2024-09-26,8329.3,Active
73810330,97214868,388389,Savings,2020-09-06,5186.81,Active
42123671,29680026,334053,Savings,2021-08-14,2336.79,Active
35602845,90694042,877572,Savings,2023-03-21,9701.31,Active
73646494,95871390,877572,Savings,2020-02-03,1642.3,Active
10142112,46358944,809570,Savings,2023-05-09,41905.88,Active
70173089,48193956,246316,Savings,2023-08-21,11984.01,Active
41730466,57205157,246316,Checking,2021-10-16,11436.1,Active
27902376,79749541,770487,Savings,2021-06-26,6219.45,Active
92357034,35447216,126225,Checking,2021-01-30,6816.37,Active
62144942,37282227,809570,Savings,2020-03-18,3497.27,Active
53100975,70377907,671858,Savings,2022-02-16,7273.41,Closed
84197806,64020921,671858,Savings,2022-10-23,6759.32,Closed
15778222,46293441,334053,Savings,2021-09-18,16586.26,Active
13746612,78111170,876646,Savings,2022-09-23,4750.71,Active
38617525,67527109,191161,Savings,2022-06-26,6283.54,Active
52314549,85057990,876646,Savings,2025-04-03,1783.11,Active
46449077,90661320,872246,Savings,2024-12-23,11613.19,Active
50479544,17654219,877572,Savings,2020-07-16,5580.82,Active
42484152,69853645,216739,Savings,2020-06-24,7298.76,Active
71221686,35840463,388389,Checking,2022-06-19,9439.1,Active
61325758,71459280,876646,Savings,2023-11-25,7560.0,Closed
85344702,80634321,356787,Checking,2020-10-15,3225.84,Active
70730176,66380241,191161,Savings,2021-05-28,14506.45,Active
42123713,43246036,334053,Savings,2021-12-30,7343.54,Active
68305346,71623125,216739,Savings,2023-03-16,4652.5,Active
52609475,65921495,207473,Checking,2023-12-09,9412.96,Active
84591044,89809367,719176,Savings,2023-10-05,7850.57,Active
17449413,97378779,877572,Savings,2021-10-01,3445.76,Active
29934024,28533215,388389,Savings,2025-10-02,13102.61,Active
19415496,96100836,126225,Checking,2020-06-07,13077.64,Active
52642255,50880997,207473,Savings,2023-09-30,609.8,Active
39895506,18113001,388389,Savings,2025-05-29,1794.3,Active
42975698,94233088,388389,Savings,2022-12-13,1415.89,Active
95863254,98460162,191161,Savings,2023-07-06,1288.65,Active
36389336,87810564,246316,Savings,2024-05-30,13632.97,Active
87704028,40821253,388389,Checking,2020-04-07,2299.55,Active
13812189,66773510,334053,Savings,2024-10-03,11819.3,Closed
24658404,59269648,126225,Savings,2021-10-03,7378.26,Active
48087525,36626968,809570,Savings,2021-05-24,6386.6,Active
86884840,65102361,877572,Savings,2024-12-02,3035.46,Active
12763625,97804827,876646,Savings,2021-12-14,2422.5,Closed
60473833,97772059,388389,Savings,2025-09-25,2445.29,Active
13779436,40231456,246316,Savings,2023-07-18,8608.32,Active
80003571,89612839,877572,Savings,2025-05-30,6635.61,Active
55820790,59597354,246316,Checking,2023-10-03,364.06,Active
16761335,12706348,334053,Checking,2020-11-06,16909.62,Active
19579383,61760045,216739,Savings,2020-11-04,3955.87,Active
36749817,68575790,877572,Savings,2023-11-23,5577.32,Active
97665531,91546157,872246,Savings,2025-01-27,9984.88,Active
55984637,26796594,671858,Savings,2023-08-29,1735.61,Active
70861312,83550771,216739,Checking,2021-01-16,1307.33,Closed
43368961,33284663,207473,Savings,2025-11-04,2281.0,Closed
62505473,45343294,876646,Checking,2020-11-10,14655.47,Active
74564099,31613513,191161,Savings,2023-09-03,5066.71,Active
81281539,60285516,388389,Checking,2022-12-14,13404.43,Active
84034055,86794835,246316,Savings,2023-08-28,543.37,Active
98976263,43442775,809570,Savings,2024-01-02,4200.75,Active
16695817,74015325,334053,Savings,2021-05-25,1704.56,Active
68665866,42000992,770487,Savings,2025-06-10,12681.17,Active
73318928,64447074,876646,Checking,2023-10-30,3370.74,Active
89080339,70378084,334053,Checking,2023-10-17,1905.1,Active
46842387,94233190,877572,Checking,2022-09-10,3679.36,Active
95765013,22143590,126225,Savings,2020-12-09,1067.24,Active
96846360,59794029,246316,Checking,2023-10-06,5121.6,Active
76038681,68051569,388389,Checking,2022-04-12,1726.34,Active
49496600,53666420,770487,Savings,2024-04-16,1796.35,Active
63226396,26272372,809570,Savings,2024-11-10,4882.55,Active
83903008,93577845,334053,Savings,2023-12-06,709.75,Active
23249444,82928246,872246,Savings,2025-11-11,3567.21,Active
93831724,66806393,388389,Checking,2021-01-23,2976.49,Active
54149676,23749243,216739,Savings,2020-09-15,16397.57,Active
54411822,52421244,876646,Savings,2021-11-26,9244.61,Active
49005103,81486463,356787,Savings,2020-06-18,2403.29,Active
92357168,49865345,216739,Savings,2021-06-08,2272.33,Active
64012846,52781697,770487,Savings,2025-08-01,7082.49,Active
26985016,73360006,207473,Savings,2021-08-16,4921.13,Active
12370489,62087817,809570,Savings,2021-10-02,16563.98,Active
10666555,68117133,126225,Savings,2021-09-16,6057.1,Active
93143612,59171474,388389,Savings,2020-07-15,6101.67,Closed
77611581,85058196,334053,Checking,2020-03-02,9193.45,Active
45695547,63857307,207473,Checking,2020-11-14,20882.09,Active
92848703,14639771,770487,Savings,2021-01-22,5545.24,Active
97632829,46162597,216739,Checking,2022-08-28,10101.6,Active
64635459,41050794,388389,Savings,2024-01-23,4801.86,Active
80331332,95642285,334053,Savings,2020-04-28,2551.3,Active
80953929,93348528,388389,Checking,2024-05-15,9164.45,Active
55001677,47637172,334053,Savings,2021-05-14,2812.98,Active
90587725,72868537,216739,Checking,2022-09-20,1715.38,Active
16892493,60285636,246316,Savings,2021-06-06,3426.42,Active
41402960,11789000,334053,Savings,2023-12-11,8393.78,Active
97108568,54256334,877572,Savings,2021-02-22,4698.65,Active
16532056,71492303,356787,Savings,2023-12-02,16253.07,Active
25641562,26632919,207473,Savings,2021-05-31,11622.77,Closed
36848219,59466458,388389,Savings,2023-11-13,42065.17,Active
28492383,71983837,334053,Savings,2025-12-30,4508.28,Closed
70533728,71656163,246316,Savings,2022-02-13,8764.02,Active
78758497,95347435,334053,Checking,2025-10-21,19889.34,Active
98517599,51733227,809570,Savings,2022-04-16,1313.49,Active
17908324,85943024,126225,Savings,2020-11-28,18232.71,Active
96649829,27353843,216739,Savings,2022-07-17,1205.35,Active
88425066,94986999,877572,Savings,2021-09-04,18485.28,Active
99533425,60089087,877572,Checking,2023-05-28,7053.42,Active
51266162,58843914,216739,Savings,2024-06-25,4436.97,Active
56115831,13132558,877572,Savings,2023-08-15,1955.67,Closed
65913465,44655375,191161,Savings,2020-09-30,1550.74,Active
61653627,90497815,334053,Savings,2020-02-09,3726.95,Closed
17580669,43213591,216739,Checking,2025-01-22,3268.89,Active
76169858,62120729,877572,Savings,2020-10-09,2614.95,Active
19088003,64709401,872246,Savings,2024-12-08,3359.8,Active
10601091,48882460,876646,Savings,2021-09-03,10321.29,Active
72565379,60285730,334053,Savings,2024-12-08,21671.59,Active
30524038,80634667,671858,Checking,2025-12-19,3493.96,Active
54051462,33317675,334053,Checking,2020-04-25,5361.94,Active
60605064,51176238,334053,Checking,2021-08-20,1908.65,Active
58016392,43770677,216739,Savings,2020-01-12,3715.78,Active
58311305,32760629,334053,Savings,2023-01-08,2756.95,Active
73319051,94167865,334053,Savings,2025-03-12,10160.78,Active
56967820,87384890,246316,Savings,2021-12-07,2223.69,Active
24363661,81257274,388389,Checking,2023-06-30,7362.33,Active
15843981,74081087,719176,Savings,2024-06-24,2169.95,Closed
23904902,66184000,877572,Savings,2025-12-29,25277.44,Active
85770896,88269632,216739,Savings,2025-06-18,10037.72,Active
30589584,25256771,334053,Checking,2022-04-20,5448.26,Active
10338962,98329411,872246,Checking,2025-05-01,12896.95,Active
10994315,31318853,388389,Savings,2023-09-20,10886.0,Active
19219086,52028231,246316,Savings,2025-06-09,8784.8,Active
51430031,90235727,809570,Checking,2023-12-22,1896.2,Active
88720022,13558608,877572,Savings,2023-01-27,14264.16,Active
95077007,91513680,216739,Savings,2025-03-07,13809.85,Active
94093976,40362840,388389,Savings,2022-06-09,3339.06,Active
96846490,99181416,877572,Checking,2021-05-21,8813.91,Active
77382299,13788009,877572,Savings,2023-06-08,784.06,Active
74465950,12542831,207473,Savings,2023-07-22,1012.34,Active
56640159,25158518,809570,Checking,2020-02-22,4827.15,Closed
52871839,36561786,719176,Savings,2022-01-25,12269.31,Closed
51004065,52061050,388389,Savings,2020-07-31,7243.24,Closed
49824417,45736828,876646,Savings,2021-05-08,4922.22,Active
13943458,98132864,719176,Checking,2022-07-21,5845.21,Active
27378338,86598529,388389,Savings,2021-10-30,5686.64,Active
69911205,65004419,334053,Savings,2024-05-24,2669.66,Active
68272802,57926533,126225,Savings,2024-04-02,9813.38,Active
10994343,86205323,671858,Savings,2022-02-14,8812.77,Active
96322215,55206796,809570,Savings,2021-11-30,25800.49,Active
25182881,10281871,877572,Savings,2024-05-30,9419.91,Active
75776682,70902672,671858,Savings,2024-05-28,40687.76,Active
16073381,32007060,334053,Checking,2022-09-18,3299.73,Active
72368812,29713300,876646,Savings,2024-10-04,14685.85,Active
44876462,68117404,334053,Savings,2022-08-18,25718.53,Active
55722671,47276960,877572,Savings,2021-08-28,1539.44,Active
41239219,91120550,876646,Savings,2021-08-20,1775.24,Closed
40485556,38396839,876646,Checking,2023-06-21,6102.63,Active
70533813,22078374,216739,Savings,2025-02-26,8344.98,Active
21971638,72016809,388389,Savings,2023-11-06,30515.38,Closed
96125623,28435369,207473,Savings,2020-01-25,3183.44,Active
42025663,48587692,876646,Savings,2025-08-17,773.7,Active
42779330,92103599,877572,Savings,2024-10-05,6427.1,Active
17777349,54420400,719176,Savings,2022-02-11,5268.25,Active
97436298,84239289,126225,Checking,2023-11-04,7603.72,Active
75776715,39052220,207473,Savings,2025-07-21,2281.21,Active
48317131,87253952,246316,Checking,2022-11-19,1001.69,Active
37896908,87057351,216739,Savings,2024-02-26,25147.81,Active
56672974,37446601,126225,Savings,2021-11-14,9000.13,Active
35242702,60810189,246316,Checking,2021-04-14,25312.18,Active
54051536,33874895,877572,Checking,2023-06-28,1636.96,Closed
90260177,33448916,388389,Savings,2022-07-10,5761.33,Closed
45040338,26239958,388389,Savings,2020-05-19,10524.28,Active
47203029,22864861,246316,Checking,2024-05-13,12799.79,Active
45499094,72704992,216739,Checking,2024-04-24,18262.29,Active
43467480,94168038,719176,Checking,2020-10-22,2166.98,Active
12305116,72573929,872246,Savings,2023-11-08,4720.95,Active
66437853,86926315,207473,Savings,2020-02-04,9810.42,Active
20923101,63038447,872246,Savings,2021-01-14,5959.29,Active
80102110,82076657,191161,Savings,2024-09-01,737.24,Active
73122528,44655604,216739,Savings,2021-05-18,8878.03,Active
14074591,16507895,246316,Savings,2021-04-09,7493.92,Active
45040356,56550393,388389,Savings,2025-08-19,3272.85,Active
66175717,71459848,356787,Checking,2025-05-12,5990.27,Active
76890854,11035664,877572,Savings,2025-09-02,776.87,Active
66732775,34661393,191161,Savings,2022-11-27,23290.13,Active
71910120,40363029,719176,Savings,2022-01-22,5292.48,Active
68829924,67265561,207473,Savings,2024-08-15,2580.55,Active
96715498,68019225,877572,Savings,2022-03-25,24618.13,Active
16007908,94266398,877572,Savings,2023-11-29,1158.27,Active
82559719,47113249,126225,Checking,2020-09-07,3121.93,Active
54706925,96560162,809570,Savings,2021-07-19,15750.05,Active
64013039,98886691,356787,Savings,2020-03-29,2109.12,Active
88982256,31319091,877572,Checking,2021-01-26,2860.2,Active
88097521,99443765,246316,Savings,2022-07-12,5403.21,Active
55821040,62514232,388389,Savings,2025-01-02,8683.01,Active
15123189,55698489,876646,Savings,2020-02-27,5049.88,Active
49005302,12280891,246316,Savings,2023-07-16,6541.31,Active
41632503,54780993,334053,Savings,2020-02-04,5517.43,Active
45171445,24470594,809570,Checking,2025-12-15,4832.99,Active
22266616,41542729,809570,Savings,2023-03-08,4508.71,Active
48644859,35972175,876646,Savings,2025-09-08,4493.14,Active
13288189,62874708,876646,Savings,2024-07-14,4103.37,Active
62997246,70083672,126225,Savings,2023-04-27,845.96,Active
91800317,42984537,876646,Checking,2020-01-16,26654.02,Active
67814145,72639578,388389,Savings,2024-11-10,1685.55,Active
89703171,97674331,334053,Savings,2020-04-17,2991.54,Active
20235011,76768350,877572,Savings,2022-09-24,14771.55,Active
30556937,17622114,334053,Savings,2022-01-29,27592.33,Active
48513803,89515107,191161,Savings,2025-09-22,13504.41,Active
41403148,42296424,671858,Savings,2024-08-06,8689.08,Closed
35668748,38429808,388389,Checking,2020-05-13,6738.51,Active
59687697,76768369,876646,Savings,2023-04-07,3758.71,Closed
35701522,25453683,356787,Checking,2023-05-01,8867.37,Active
53035795,93611124,388389,Checking,2025-02-03,13525.55,Active
80102161,84731000,809570,Savings,2024-01-18,12653.28,Active
69583637,64808061,216739,Savings,2025-07-15,13589.37,Active
12075795,50029698,719176,Savings,2021-08-21,3157.29,Active
64733982,39314563,770487,Savings,2022-03-13,5149.31,Active
66863904,11297922,246316,Savings,2023-04-16,944.55,Closed
31277857,52913287,877572,Savings,2023-06-22,16532.13,Active
95404832,23979159,216739,Savings,2022-04-19,4665.84,Active
23085858,51373213,207473,Savings,2025-07-20,1015.3,Active
55264038,96560287,356787,Savings,2021-02-18,6290.37,Active
23479079,73884837,876646,Savings,2022-07-13,13866.05,Active
74269483,43410601,246316,Checking,2022-08-02,4645.85,Active
97993516,92726446,877572,Savings,2020-06-08,7685.13,Active
96518956,58582191,356787,Checking,2025-04-19,3156.51,Active
37241646,36562095,207473,Checking,2024-04-15,2195.03,Active
88916782,92955825,877572,Savings,2023-03-24,7394.1,Closed
19645233,51045554,126225,Savings,2022-05-13,2357.19,Active
42844981,40854702,809570,Savings,2023-07-24,5307.13,Active
49693496,14509236,809570,Savings,2021-10-14,1644.34,Active
46580536,87811261,809570,Savings,2024-01-12,4483.28,Active
97436474,75818175,809570,Savings,2025-10-13,10052.25,Active
51036990,80831681,334053,Checking,2022-09-06,1547.08,Active
49038146,82961609,388389,Savings,2022-08-21,3404.32,Active
46482246,46523595,719176,Savings,2022-11-21,2402.09,Active
16728912,68314316,334053,Savings,2022-07-14,12934.56,Closed
58934098,40101068,216739,Savings,2021-08-07,5026.35,Active
46941011,54256849,216739,Savings,2023-07-21,4678.87,Active
76202837,22013137,876646,Checking,2022-04-14,4227.24,Active
96748375,64808145,334053,Savings,2022-03-04,2868.57,Active
54805339,92759256,388389,Savings,2022-01-06,1178.59,Active
84296539,74278105,671858,Savings,2020-08-14,3787.86,Active
58245982,11363545,126225,Savings,2024-12-16,11541.25,Active
95634270,14214362,356787,Savings,2022-03-22,3043.21,Active
43664230,24667356,388389,Checking,2025-03-31,8307.83,Active
11289447,79586530,809570,Savings,2021-05-08,1353.31,Active
60080998,50128100,246316,Savings,2023-08-13,17913.3,Active
81904491,90531046,877572,Savings,2021-03-28,22122.99,Active
78332780,26567920,388389,Savings,2021-05-09,8145.37,Active
51364717,53765365,809570,Checking,2025-03-28,5534.15,Closed
91439982,17163510,356787,Checking,2020-09-08,2228.36,Active
44188536,91219190,877572,Checking,2025-01-14,816.07,Active
60965755,93775094,872246,Savings,2023-06-20,7920.91,Active
75875200,19883265,671858,Savings,2022-07-09,14104.03,Active
97600391,68379908,388389,Savings,2021-04-20,4255.28,Active
18563976,84632841,126225,Savings,2022-11-28,6042.68,Active
98354057,45278474,719176,Savings,2023-10-31,2071.23,Active
35242891,42132750,207473,Savings,2023-08-28,7131.72,Active
55395215,90432789,388389,Savings,2020-02-27,12478.69,Active
97043345,13591830,207473,Savings,2023-11-17,8383.14,Active
26592145,96331029,388389,Savings,2021-09-27,2299.5,Active
83248020,55174424,770487,Savings,2022-02-22,3136.96,Active
96551830,91546908,388389,Checking,2021-11-24,9331.15,Active
15057815,87319841,388389,Checking,2021-03-20,2952.16,Active
92062617,13428002,207473,Savings,2023-04-05,24971.27,Closed
90391455,83191073,356787,Savings,2020-07-08,39848.91,Active
14238628,29943076,719176,Savings,2022-08-30,3912.35,Active
70435749,27354407,877572,Checking,2020-10-26,57854.11,Active
28918694,26240296,334053,Savings,2020-10-04,5105.22,Active
52708260,84960551,770487,Savings,2020-03-07,13814.52,Active
56574888,37381418,126225,Savings,2022-11-12,6482.11,Active
96650153,56288555,356787,Savings,2024-08-26,5266.47,Closed
25248683,51504428,216739,Checking,2020-02-11,1495.58,Active
75187118,53634347,388389,Checking,2024-06-26,4208.37,Active
61359023,96068914,246316,Savings,2025-06-08,24382.56,Active
27607983,99444020,356787,Checking,2022-02-23,8142.06,Active
12141490,46359866,877572,Savings,2025-07-11,5211.88,Active
90981300,46261563,356787,Savings,2025-06-17,4848.25,Active
36586421,79455548,876646,Savings,2025-02-25,8659.68,Active
59524021,26404158,877572,Savings,2020-08-30,5094.02,Active
28066741,33088830,334053,Savings,2020-08-14,7681.35,Active
67421112,93578562,334053,Savings,2020-02-10,4478.48,Active
32064440,22439236,719176,Checking,2021-04-29,4151.73,Active
25543611,20079941,809570,Savings,2022-03-12,2009.42,Active
89834428,42952007,877572,Savings,2025-07-26,24976.34,Active
10011582,13854030,356787,Savings,2024-03-31,1984.92,Closed
99173310,27485523,877572,Savings,2022-08-18,6547.56,Active
17613758,68379988,809570,Savings,2020-11-11,3326.6,Active
65815491,94299475,388389,Savings,2024-05-24,3080.48,Active
72369093,94430557,876646,Checking,2024-06-24,3414.8,Active
93930438,40691047,207473,Savings,2022-09-07,2880.08,Active
24462279,20309359,334053,Savings,2025-01-09,6750.39,Active
29213640,72541552,207473,Savings,2023-01-02,10456.14,Active
73548749,64152948,876646,Savings,2021-11-02,9198.24,Active
40846287,42362235,877572,Savings,2022-11-24,989.13,Active
46941136,68674942,809570,Savings,2022-07-28,12618.59,Active
16139220,52815231,388389,Checking,2021-03-29,9331.1,Active
39568345,21489024,388389,Savings,2025-05-16,2934.95,Active
17056731,55371136,126225,Savings,2022-07-27,9435.09,Active
74007516,39871880,719176,Savings,2024-12-12,12685.19,Active
93701086,42722697,334053,Savings,2020-03-11,3790.42,Active
39961568,81388944,877572,Checking,2022-05-03,2694.3,Closed
18629601,13591959,877572,Savings,2022-09-27,21286.88,Active
67224545,13591964,876646,Checking,2024-12-31,25801.71,Active
57885668,55305628,388389,Savings,2022-06-05,10638.35,Closed
90850278,58779040,876646,Checking,2024-03-31,15291.18,Active
89965549,22472097,809570,Savings,2021-12-31,5742.64,Active
76694510,93513122,246316,Checking,2022-03-18,13097.98,Active
88785902,99181984,356787,Savings,2023-12-11,716.25,Closed
58344436,37512612,809570,Savings,2025-09-06,9480.34,Active
87213046,59893153,334053,Savings,2022-05-07,9295.54,Active
87213048,91907495,191161,Savings,2022-05-29,9307.68,Active
89277434,14804397,388389,Savings,2024-11-23,7534.88,Active
65553402,89613742,876646,Savings,2025-03-10,7593.93,Active
90424316,10577326,877572,Savings,2021-12-14,3099.33,Active
97797117,63006139,876646,Savings,2023-04-30,31175.89,Active
61588477,78013886,877572,Savings,2022-07-15,22031.05,Active
50611207,57664965,770487,Savings,2021-09-02,42372.23,Closed
21087241,90564046,126225,Savings,2020-11-29,3038.43,Active
69551116,40822232,207473,Checking,2023-11-26,9968.87,Active
49005580,85353945,126225,Checking,2021-02-26,10745.16,Active
96551948,40494554,876646,Savings,2022-02-10,801.3,Active
48546831,41838045,388389,Savings,2025-03-01,4965.79,Active
35177489,82372062,356787,Savings,2023-02-08,6840.05,Active
19416082,19883485,770487,Savings,2022-07-20,6984.53,Closed
32687123,29287904,388389,Savings,2020-12-22,2440.31,Active
87671828,32400865,872246,Checking,2022-08-12,12991.16,Active
93504533,30369249,876646,Checking,2025-02-09,6888.87,Closed
89736214,93775341,719176,Savings,2021-06-14,3365.42,Active
91112472,47506947,334053,Checking,2022-03-22,8959.21,Active
25019417,67954180,216739,Checking,2020-02-10,2186.39,Active
58278939,87713290,809570,Savings,2020-08-30,7105.71,Active
35374109,15427084,216739,Savings,2022-04-19,4645.82,Active
35046429,43673104,876646,Savings,2022-10-03,5187.08,Active
60507167,35907091,334053,Savings,2025-12-11,2765.68,Active
66864161,38135317,334053,Savings,2021-03-20,1899.86,Active
74433570,96691736,191161,Savings,2021-10-26,1788.35,Active
92587043,97314329,334053,Checking,2021-02-20,1651.49,Active
37405731,64054811,334053,Checking,2024-08-30,5527.33,Active
57361445,50521628,809570,Checking,2023-01-29,7341.38,Active
26854438,37479964,216739,Checking,2020-05-21,7042.03,Active
24855588,66643487,207473,Savings,2023-08-24,2686.56,Active
60507170,74114593,719176,Savings,2024-12-25,1703.78,Active
62637098,32564772,207473,Savings,2023-11-07,7482.38,Active
86688810,70477351,877572,Savings,2020-04-20,7221.64,Active
60048429,25749033,719176,Savings,2021-12-31,13500.75,Closed
27247661,45049385,809570,Savings,2025-05-09,1747.86,Active
58573870,16049710,809570,Savings,2022-06-26,4330.54,Active
16008239,29681200,809570,Checking,2025-07-01,7508.72,Active
99304493,81946170,877572,Checking,2022-06-04,1302.68,Active
32392242,24110651,388389,Savings,2024-10-17,4339.07,Active
20268083,45966906,877572,Savings,2020-04-26,1078.4,Active
58934322,93447742,191161,Savings,2021-11-04,3118.24,Active
57820213,20211263,388389,Savings,2021-10-09,17414.79,Active
97961019,53077569,809570,Checking,2023-10-28,31135.19,Active
76006460,13067849,877572,Savings,2021-04-21,5695.72,Closed
56247356,12838477,876646,Savings,2023-08-19,6906.0,Active
72336444,29681231,216739,Savings,2021-03-10,5209.54,Active
63620158,94201426,671858,Savings,2025-04-07,11512.94,Active
26592321,75818579,770487,Checking,2021-06-27,10800.72,Active
11125829,32335446,877572,Savings,2024-07-10,1296.16,Active
52020300,98952793,388389,Checking,2020-01-11,8355.9,Active
35767377,90531418,809570,Savings,2020-12-18,1687.09,Active
31081555,82077282,246316,Savings,2024-07-14,14337.42,Active
51496023,77489764,388389,Savings,2021-04-17,13885.64,Active
91014231,45508199,877572,Checking,2020-01-17,1203.83,Active
44549209,75916903,877572,Savings,2023-03-30,12413.12,Active
95994982,83584618,246316,Checking,2024-07-08,1865.03,Active
83838054,53208682,388389,Savings,2024-07-19,4293.9,Active
55526505,45639276,809570,Savings,2020-02-18,1614.17,Active
97829994,88172138,246316,Savings,2020-06-20,7881.25,Active
36947050,72083054,876646,Savings,2023-12-12,20585.08,Active
65979497,98068079,356787,Checking,2022-11-23,4223.97,Active
58606701,65562234,877572,Savings,2020-11-17,3083.78,Active
86197359,75523712,207473,Savings,2025-09-24,4842.24,Closed
27018360,56223367,246316,Savings,2023-11-04,18569.03,Closed
44418169,54683276,809570,Savings,2021-09-13,12345.68,Active
17220733,27551376,246316,Savings,2022-09-01,17456.38,Active
84853887,59958929,388389,Savings,2023-09-17,4858.99,Active
65225856,54486674,770487,Checking,2022-02-19,717.62,Active
68928640,39610000,877572,Checking,2024-04-30,998.08,Active
12698754,53995164,246316,Savings,2022-03-30,4209.03,Closed
50185344,89810596,388389,Savings,2022-01-07,1408.03,Active
68338822,17491622,770487,Savings,2022-03-13,9489.72,Active
59556998,17262252,388389,Savings,2021-06-25,4070.55,Closed
50381960,97707698,770487,Savings,2022-10-19,970.08,Active
83608713,55600819,872246,Savings,2025-07-22,6796.45,Active
75252874,25519799,216739,Checking,2023-04-26,2555.66,Active
81839244,78735032,207473,Checking,2025-10-01,4157.56,Active
47432847,87615164,191161,Savings,2024-11-27,12760.48,Active
87147665,60810942,809570,Savings,2021-01-09,15653.69,Active
26068122,94856901,334053,Savings,2025-02-18,15980.57,Active
11289755,41346763,719176,Savings,2023-06-29,9360.71,Active
66962588,76080843,334053,Savings,2022-12-04,25001.04,Active
75351199,26339021,877572,Savings,2023-05-11,3803.69,Active
33670303,54388430,877572,Checking,2025-01-07,4265.39,Active
20104355,22865615,334053,Savings,2020-08-21,2721.62,Active
39863461,85419724,388389,Savings,2020-01-28,5341.52,Active
31048869,29943505,877572,Checking,2024-03-30,5002.77,Active
36390056,64382674,671858,Savings,2024-01-04,5852.06,Active
23970985,41150164,126225,Checking,2020-01-09,4873.47,Active
31179947,89614038,877572,Savings,2023-11-08,11624.39,Active
69780652,50423511,246316,Savings,2020-02-08,5334.82,Active
29181101,72771288,246316,Checking,2025-11-14,4665.29,Active
33703086,24012503,770487,Savings,2024-01-17,7185.28,Active
70894763,56977115,809570,Checking,2025-05-06,1621.48,Active
85804208,89646815,877572,Savings,2023-12-12,1701.14,Active
75646130,69658335,872246,Checking,2021-09-12,4060.29,Active
73188532,45704930,872246,Savings,2023-10-19,8719.28,Active
79217845,44721892,126225,Savings,2020-08-21,5206.62,Active
59262134,70674149,207473,Savings,2025-11-11,3850.24,Active
74073271,53208806,216739,Savings,2021-09-17,5736.81,Active
82461876,77391588,876646,Checking,2023-11-28,14303.29,Active
79479997,58844907,809570,Savings,2023-11-27,1868.09,Closed
27542720,62842605,809570,Savings,2020-01-10,5577.35,Active
97174721,62154482,356787,Savings,2023-06-25,1807.69,Active
83805378,29681395,809570,Savings,2023-03-24,2300.12,Active
10896579,27617011,388389,Checking,2020-12-22,5454.53,Active
59425988,56747767,872246,Savings,2021-06-30,10651.83,Active
11650244,94660344,877572,Savings,2020-05-25,6110.82,Active
98419910,20539131,191161,Savings,2020-09-04,9037.81,Active
30491843,18245376,191161,Savings,2021-06-18,6206.56,Active
69715139,62416641,876646,Savings,2020-12-20,17698.26,Closed
18334916,15623943,809570,Checking,2022-01-01,8841.4,Active
66340040,70510345,388389,Savings,2023-01-29,4608.52,Active
16925899,20080400,334053,Savings,2023-01-20,11974.15,Active
83838156,25257745,334053,Checking,2020-08-01,5289.47,Active
58967244,47965971,388389,Checking,2024-04-13,8613.68,Active
14959822,59959060,191161,Checking,2023-12-18,11849.04,Active
12469456,76506899,216739,Checking,2020-08-27,20545.58,Closed
65029330,51767062,126225,Savings,2022-03-03,24801.43,Active
87180500,96331544,877572,Savings,2020-05-21,28780.72,Active
58541273,51734301,876646,Savings,2023-11-04,12500.46,Active
52970715,91350817,872246,Savings,2022-03-05,4688.81,Active
35865819,35710754,388389,Savings,2022-01-12,6947.24,Active
36095200,80865061,216739,Checking,2021-12-29,2806.01,Active
99337440,95479589,246316,Savings,2024-02-03,3390.31,Active
49333481,20506415,126225,Savings,2023-07-01,5870.35,Active
70370538,19916592,246316,Savings,2021-03-12,9057.86,Active
12797162,39085873,334053,Savings,2025-08-29,2787.33,Active
62899438,41019187,877572,Savings,2024-09-30,7365.13,Active
34620657,67954483,770487,Checking,2023-09-04,1327.07,Active
86131954,61892410,872246,Checking,2023-08-27,3856.36,Active
65783031,78374717,334053,Savings,2020-04-14,10422.43,Active
66045185,81389374,356787,Savings,2023-07-02,4577.07,Active
77284611,31319874,334053,Savings,2022-04-26,17548.68,Closed
85640452,29157188,388389,Savings,2024-12-02,9307.27,Closed
47301893,48949068,216739,Checking,2022-01-12,951.57,Active
13780228,93054797,388389,Checking,2022-04-24,6769.2,Active
15418627,46327630,719176,Checking,2023-04-10,5107.29,Active
17974536,11626322,877572,Checking,2023-10-03,15797.48,Active
27018505,21358421,334053,Checking,2025-06-16,1560.5,Active
64439556,15722327,207473,Savings,2025-08-20,12117.12,Active
20071683,35186520,246316,Checking,2025-06-26,18868.16,Active
49726725,26634072,246316,Savings,2023-02-20,19270.68,Active
12633359,11495259,872246,Checking,2020-01-28,4529.42,Active
89048335,72247131,809570,Checking,2021-08-24,11462.79,Active
12207378,79030109,876646,Savings,2021-04-20,7162.76,Active
35505429,41543524,207473,Checking,2020-04-15,27103.05,Active
67683606,75196261,719176,Savings,2023-08-24,11057.64,Active
68699416,51079014,388389,Checking,2025-01-15,6040.96,Active
99599642,62678885,809570,Savings,2020-11-14,6333.14,Active
24331549,34793325,671858,Savings,2025-07-16,1983.77,Active
61523230,27813746,334053,Savings,2021-05-30,3143.2,Active
62670111,42788730,671858,Savings,2021-06-05,4891.94,Active
65422622,40986492,876646,Savings,2022-11-28,9913.61,Active
43369761,47146876,246316,Savings,2025-07-01,1383.3,Active
51791137,36857728,207473,Savings,2021-04-15,7389.01,Active
11060515,38594436,246316,Savings,2020-04-28,2636.59,Closed
55461156,72345485,388389,Checking,2025-05-11,1470.66,Active
76178331,56518542,719176,Savings,2021-01-28,2182.12,Active
21480742,98887568,207473,Savings,2023-02-02,5607.43,Active
69092647,85518225,388389,Savings,2025-10-18,7283.78,Active
20301098,15918992,388389,Savings,2025-06-22,7302.56,Active
30426411,38659987,809570,Checking,2025-01-19,4068.97,Closed
70173994,92530580,872246,Savings,2025-06-11,3834.42,Active
57165100,58189716,216739,Savings,2024-10-04,5825.16,Active
84985134,40527771,246316,Savings,2021-08-29,1130.51,Active
81872177,64120743,388389,Savings,2021-09-15,5768.95,Active
90588472,44132267,388389,Savings,2021-06-01,7348.67,Active
13976889,52422573,246316,Savings,2022-02-13,1754.9,Active
11748667,44787630,809570,Savings,2025-10-18,12408.38,Active
60966208,95512494,719176,Savings,2025-10-22,1620.23,Active
35308865,28698551,207473,Checking,2021-02-27,8117.33,Active
49399106,43607993,356787,Checking,2020-11-03,2077.33,Active
72172864,29583293,809570,Savings,2020-07-27,10059.92,Active
10765644,96987073,671858,Savings,2021-12-29,5072.77,Active
17122637,94988229,246316,Savings,2024-10-28,3717.41,Active
22889806,63203274,671858,Savings,2021-09-19,11473.77,Active
49857870,14542798,334053,Checking,2023-08-03,1361.25,Active
34555215,94529490,876646,Checking,2023-04-16,9807.64,Active
93504849,96102357,872246,Savings,2020-06-19,8480.37,Active
56411474,56354774,671858,Savings,2022-11-28,5185.45,Active
18695503,46655447,388389,Savings,2020-09-28,6854.68,Active
58312017,49965018,216739,Savings,2025-04-03,1145.75,Active
84231510,34990046,388389,Savings,2023-07-10,4517.51,Closed
80004440,72378335,334053,Checking,2025-09-16,4499.35,Active
85411164,46196702,334053,Checking,2023-09-17,22540.87,Closed
34293087,28698594,877572,Checking,2023-02-19,2598.44,Active
25511263,19916771,671858,Savings,2020-10-07,944.05,Active
91506018,49276900,877572,Savings,2025-11-15,5873.88,Active
65979746,73099236,246316,Checking,2023-12-08,4786.7,Active
40781155,91187175,216739,Savings,2023-07-18,3350.74,Active
82199912,98756599,388389,Savings,2020-01-10,1388.28,Active
29050217,29714433,877572,Savings,2024-04-01,2223.41,Active
91768171,22669314,877572,Savings,2025-11-17,3107.6,Active
66897260,65333251,207473,Savings,2020-09-20,4562.97,Active
13288813,40036360,671858,Savings,2025-12-14,898.21,Active
38651246,61663241,877572,Checking,2021-03-09,16956.63,Active
35898734,49244170,334053,Savings,2024-10-31,19780.18,Closed
33998190,32172042,388389,Savings,2020-09-01,1901.07,Active
97076596,37382160,671858,Checking,2023-03-05,1479.45,Active
94422390,64743441,207473,Checking,2024-02-06,2036.13,Active
54936958,54323220,719176,Savings,2022-11-05,9023.24,Active
68699523,84568088,246316,Savings,2025-02-27,4345.0,Active
32654726,87582745,356787,Savings,2021-05-15,4528.26,Active
81085832,21162009,809570,Checking,2024-05-07,24102.66,Active
56051083,12478488,334053,Checking,2022-01-26,6298.92,Active
40813963,46884896,872246,Savings,2025-11-29,12995.15,Active
33801615,18573349,126225,Checking,2025-09-29,10880.52,Active
67323280,92170282,719176,Savings,2021-04-01,6625.93,Active
81118609,89778219,876646,Savings,2023-06-03,1706.76,Active
62080402,50030636,388389,Savings,2025-05-20,5171.6,Active
13452692,96233514,719176,Savings,2024-05-10,3031.77,Active
68797845,63957036,246316,Savings,2022-09-08,7025.47,Active
13682070,50161712,334053,Savings,2023-06-21,12190.51,Active
75515288,11692090,126225,Savings,2021-04-21,1884.7,Active
77677978,19556411,671858,Savings,2022-10-28,4919.71,Active
92751260,57206844,877572,Savings,2025-07-01,13046.52,Active
21054876,92825661,334053,Checking,2025-07-12,22239.93,Active
19973535,70936639,334053,Savings,2023-02-13,1228.86,Active
96159135,55175231,246316,Checking,2023-03-19,4017.09,Active
71419295,78178370,809570,Savings,2020-04-24,6575.88,Active
17581477,22865988,246316,Checking,2024-03-09,5045.07,Active
49071526,40036422,671858,Savings,2022-07-09,2853.64,Active
84034981,53012551,334053,Savings,2021-08-01,1057.15,Active
96552357,23717972,872246,Savings,2024-01-23,4398.39,Active
18826662,62548059,191161,Savings,2020-09-05,1562.39,Active
79644074,23062622,809570,Savings,2023-05-06,4388.73,Active
49268139,87976031,877572,Savings,2021-08-18,11445.07,Active
34817455,39315566,770487,Checking,2022-12-15,13304.74,Active
76694960,83585135,770487,Checking,2021-11-17,7828.19,Active
43533745,22538351,877572,Savings,2022-02-18,31873.07,Closed
73024947,35973235,809570,Checking,2023-12-12,23605.32,Active
71157173,89942132,216739,Savings,2023-02-18,1913.75,Active
82134453,21784695,191161,Checking,2024-07-15,5318.77,Active
59721143,73132152,809570,Savings,2024-10-28,17270.53,Closed
12731836,21162108,719176,Savings,2023-10-21,10621.5,Active
90064319,31516803,356787,Savings,2025-04-30,15067.91,Active
42059199,39315589,216739,Savings,2020-03-24,5726.46,Active
64341443,35154055,876646,Savings,2024-09-11,540.33,Active
97502660,27650185,877572,Savings,2023-05-28,15414.09,Active
26232261,55470218,671858,Checking,2020-10-31,7262.39,Active
87475654,64874638,334053,Savings,2020-02-25,2410.88,Active
50841032,66316430,246316,Savings,2025-03-18,3824.57,Closed
64964040,40003728,246316,Savings,2024-08-19,7052.42,Active
72304074,38234257,877572,Savings,2024-04-20,1449.67,Active
20596175,19884183,809570,Savings,2024-03-17,21708.44,Active
44287439,44198040,334053,Savings,2023-12-09,3774.51,Active
76400084,48982170,388389,Savings,2024-12-09,2039.62,Active
61326806,94922909,207473,Savings,2021-07-02,25755.26,Active
19776984,89516192,207473,Savings,2022-06-24,1719.65,Active
77186521,17262753,388389,Savings,2023-05-06,2789.88,Active
95798748,96331936,876646,Savings,2020-12-09,5764.56,Active
71845342,56682659,876646,Savings,2024-06-16,5165.84,Active
84526560,87517348,356787,Checking,2022-01-06,4481.64,Active
41240034,49637541,388389,Savings,2021-11-21,6232.25,Active
22201828,68741281,877572,Savings,2024-01-05,3902.84,Active
98747881,60909737,877572,Savings,2021-05-27,2335.34,Active
58836457,78997675,719176,Checking,2021-12-11,47976.47,Active
24069609,85584044,334053,Savings,2020-01-03,30080.46,Active
91604458,36235439,334053,Savings,2020-01-06,3299.67,Active
46024173,29616305,216739,Savings,2023-08-03,2444.89,Active
80627181,84732090,126225,Savings,2024-08-22,8724.24,Active
40650223,17524922,877572,Savings,2025-07-31,6040.79,Active
70272497,93415614,809570,Savings,2020-11-15,490.15,Active
36652530,88205503,388389,Savings,2024-12-06,2864.25,Active
68077044,66152645,809570,Savings,2020-05-12,675.45,Active
31180277,16050375,876646,Savings,2021-09-05,2854.02,Active
35112442,19163338,388389,Checking,2025-08-04,9281.41,Active
86361595,33548492,334053,Savings,2021-05-21,6611.86,Active
30524924,51701966,876646,Checking,2021-09-22,808.87,Active
84624890,92989654,877572,Savings,2025-12-08,3760.27,Active
67421694,72444119,877572,Savings,2020-10-28,7116.18,Active
79185407,39348441,671858,Savings,2021-08-03,13009.64,Closed
47662590,10938593,334053,Checking,2025-03-11,5325.11,Active
91833854,28240107,388389,Checking,2020-06-22,6756.17,Active
61720072,41576689,216739,Savings,2025-06-26,2952.56,Active
27248138,61401330,334053,Checking,2020-02-06,2904.14,Active
73713166,13461757,876646,Savings,2025-08-09,3156.82,Active
16860688,91023619,876646,Checking,2023-03-29,5078.87,Active
65226257,89811209,126225,Checking,2020-07-31,1184.84,Active
96454161,80406793,877572,Checking,2025-03-08,1618.23,Active
49464849,28731663,216739,Savings,2024-04-07,7322.33,Active
28132884,42821904,356787,Savings,2021-07-07,4487.55,Active
45041174,15231254,770487,Savings,2023-01-31,2060.64,Active
66242071,25618711,809570,Savings,2020-07-16,5278.49,Active
77186586,18704674,388389,Savings,2025-03-15,2700.09,Active
63325724,16935203,877572,Savings,2020-11-15,6887.73,Active
22562333,45279525,216739,Savings,2024-08-15,5702.08,Active
45827613,52980007,388389,Savings,2022-08-23,4147.98,Active
60966433,86010158,216739,Savings,2022-01-28,1838.96,Active
87344674,12511542,126225,Savings,2025-11-22,2386.8,Active
76170785,75229497,876646,Checking,2023-01-12,2642.35,Active
17188389,45082941,877572,Savings,2024-02-21,1762.4,Active
56968743,94071105,809570,Checking,2023-07-02,5293.81,Active
87115304,71887173,207473,Savings,2020-12-22,6282.28,Active
42452521,13855045,809570,Savings,2024-06-03,13263.61,Active
83904042,70281541,719176,Savings,2025-11-19,4484.79,Active
10929706,81291592,388389,Savings,2022-05-22,5193.74,Active
70174250,50981193,719176,Savings,2020-12-05,2456.73,Active
44975663,48294218,388389,Savings,2025-12-19,4025.6,Active
64013875,53569866,216739,Checking,2021-05-06,7099.35,Active
75449910,14608723,809570,Checking,2021-06-09,4610.06,Active
46581303,55961943,809570,Savings,2022-11-25,36440.76,Active
35997241,45377880,334053,Savings,2025-05-20,2278.34,Active
94160442,17328474,246316,Savings,2025-05-25,1096.35,Closed
25511482,73492827,809570,Savings,2020-12-23,2359.29,Active
21513787,83618142,877572,Savings,2022-03-20,20320.67,Active
57099837,42527071,719176,Savings,2023-09-13,18069.01,Active
28952122,52128097,876646,Savings,2021-07-07,3765.88,Active
19121727,38857058,770487,Savings,2022-09-15,5357.66,Active
46908995,14838121,876646,Savings,2023-07-14,13058.28,Active
57034308,99051886,388389,Checking,2025-06-09,14620.22,Active
77350472,10250607,876646,Checking,2020-02-19,672.92,Active
68306505,55077232,872246,Savings,2022-10-23,6703.38,Active
83281482,93645168,356787,Savings,2021-09-21,19308.92,Active
10176075,87091587,334053,Savings,2020-06-22,7417.5,Active
52479563,53143944,877572,Checking,2025-05-19,931.26,Active
50218573,74475912,877572,Checking,2023-07-26,35820.96,Closed
14009933,48458120,719176,Savings,2020-01-06,9419.09,Active
67978831,26601868,126225,Savings,2022-10-29,1368.06,Active
36882000,93612431,876646,Checking,2023-01-09,3071.61,Active
27543121,53537171,809570,Savings,2020-09-02,9781.12,Active
19613266,76540309,126225,Checking,2024-04-02,3509.2,Active
93013579,74312089,207473,Savings,2020-05-17,17246.6,Active
94357074,21686682,388389,Savings,2025-07-27,11202.36,Closed
11748951,52881821,246316,Savings,2022-04-26,7683.77,Active
70927960,95742379,334053,Savings,2022-01-08,2350.7,Active
46089816,81390006,671858,Savings,2020-05-23,6820.9,Active
44910171,88861111,356787,Checking,2025-05-28,34765.97,Active
56739420,53078457,876646,Savings,2023-10-08,9147.08,Active
85182045,43706811,246316,Savings,2021-02-20,9815.27,Active
50579039,32663997,671858,Savings,2023-06-13,1460.87,Active
69158496,10971584,388389,Checking,2024-11-03,3590.89,Active
83019361,73460170,334053,Savings,2025-11-20,5236.5,Active
32163428,32041419,126225,Savings,2022-11-27,5424.53,Closed
14403173,81848779,809570,Savings,2025-06-05,12558.64,Closed
86984297,34466254,388389,Savings,2022-09-09,1824.55,Active
33769067,22440409,671858,Checking,2022-01-15,6381.32,Active
47269488,78539231,126225,Savings,2021-10-31,5694.49,Active
84690545,97118688,388389,Checking,2025-11-14,17560.86,Active
68732528,86403553,809570,Checking,2025-10-07,6319.85,Closed
21218931,27322850,388389,Savings,2020-04-02,3094.74,Active
46450289,42592736,334053,Checking,2021-07-04,757.34,Active
17745533,23751148,877572,Checking,2025-06-23,4406.66,Active
66831998,27290104,126225,Checking,2025-03-29,5201.31,Active
16959101,92629508,216739,Savings,2021-01-18,4565.73,Active
50873986,74476041,334053,Checking,2020-04-05,15985.39,Active
98551427,74902028,388389,Savings,2025-03-09,9332.25,Active
25740932,24111630,191161,Checking,2024-03-05,3171.82,Active
39044743,37448209,334053,Savings,2020-01-09,3020.56,Active
47761032,30599697,809570,Savings,2020-02-09,5897.2,Active
28722826,67136020,877572,Savings,2021-09-07,1898.52,Active
60081804,39152148,876646,Savings,2025-10-12,4100.5,Active
53986957,46787092,876646,Checking,2022-01-07,4978.63,Active
45598351,79587863,388389,Checking,2022-09-29,2595.47,Active
91080336,60025368,334053,Savings,2023-10-18,4063.09,Active
14698131,51898908,877572,Savings,2021-08-25,2340.24,Active
95766163,24930846,719176,Savings,2020-03-12,49258.1,Active
75744917,20900384,876646,Savings,2021-12-05,22967.97,Active
93603480,23521826,877572,Savings,2024-03-03,3830.08,Active
57231005,48425508,877572,Checking,2020-08-18,2016.27,Active
80201375,20736553,877572,Checking,2024-09-19,346.16,Active
82724512,34826795,216739,Savings,2021-05-08,1380.94,Active
83838626,50358836,719176,Savings,2025-01-07,11805.13,Active
85247653,39316023,877572,Savings,2024-03-31,4433.49,Active
60671655,21359161,216739,Savings,2023-12-14,6360.7,Active
72730282,53668412,877572,Checking,2024-10-29,8337.63,Active
15845034,21948990,770487,Savings,2025-05-22,3368.13,Active
65160876,74639935,356787,Savings,2024-03-02,13943.84,Active
99108527,49146431,809570,Savings,2021-04-03,7900.21,Active
42124975,93612610,334053,Savings,2022-05-04,4214.67,Active
72271536,29944387,809570,Savings,2025-11-17,4595.53,Active
47761076,97544776,388389,Savings,2020-02-06,13679.65,Active
35899062,69397065,877572,Checking,2020-11-24,10303.4,Active
42387127,10644042,246316,Savings,2022-11-23,1327.57,Active
62310070,11168329,719176,Savings,2022-03-30,15407.57,Active
40093371,18115148,671858,Checking,2021-02-18,6528.76,Active
73844412,15264340,809570,Savings,2025-04-22,3420.51,Closed
45926077,55372379,207473,Checking,2023-05-04,2247.87,Active
58934975,64088669,207473,Savings,2025-08-02,4045.5,Active
87705279,28207714,877572,Savings,2023-08-31,4914.75,Active
52741825,77720164,388389,Savings,2025-05-25,2194.68,Active
71255747,99805802,877572,Checking,2025-04-25,6648.14,Active
21284547,17001081,877572,Savings,2024-10-03,1721.38,Active
89540293,33516166,877572,Checking,2024-10-15,557.93,Active
76564166,43739790,719176,Savings,2025-06-02,5309.42,Active
11323075,52718225,388389,Savings,2023-12-17,8094.33,Active
97535689,80407193,770487,Savings,2024-06-25,11052.27,Closed
30459595,99347103,877572,Savings,2025-03-26,14493.78,Active
39831245,25094815,191161,Checking,2022-12-20,1151.96,Active
87967438,74312353,877572,Checking,2023-05-07,6125.72,Active
53429967,94169763,207473,Savings,2020-12-30,11282.9,Active
85182161,28633763,334053,Savings,2021-11-11,5270.09,Active
29312721,85879462,216739,Checking,2020-07-30,4732.46,Active
92161748,38922923,356787,Checking,2023-02-04,7758.23,Active
37897940,93121196,388389,Savings,2022-03-26,13592.67,Active
12797652,59894443,246316,Savings,2022-07-10,5074.23,Active
32065242,81816237,719176,Checking,2022-01-09,6450.96,Closed
56739546,76245685,388389,Savings,2020-07-18,2684.41,Active
72402659,68414135,388389,Savings,2023-06-06,2426.22,Active
94029541,74836671,126225,Savings,2022-06-17,1275.44,Active
11126501,85879488,216739,Savings,2023-05-27,959.67,Active
46876393,51899078,246316,Savings,2024-11-05,8239.23,Active
73549550,14183111,671858,Savings,2020-08-09,4383.79,Active
84330223,34335430,216739,Savings,2021-03-05,4369.89,Active
72468207,21621449,877572,Checking,2025-12-04,9528.19,Active
59066095,18737868,126225,Savings,2024-06-16,26311.54,Active
10372849,54618828,388389,Savings,2023-11-26,5458.38,Active
81676025,49703633,334053,Checking,2021-10-08,1695.88,Active
35276538,27912920,216739,Savings,2021-06-03,5295.95,Active
15976187,63728348,876646,Savings,2024-04-13,10865.23,Active
79120124,88238815,877572,Checking,2024-09-26,1040.3,Active
68241151,53570272,388389,Savings,2023-11-21,14552.86,Active
77481727,16116455,207473,Savings,2021-08-02,2188.57,Active
89343747,85420780,216739,Savings,2021-12-25,17954.32,Active
71452419,16575212,388389,Savings,2022-04-01,4414.64,Active
52217608,91089649,191161,Checking,2020-02-15,2138.31,Active
99731208,70380282,246316,Savings,2024-11-22,8290.56,Active
68011786,86502138,356787,Savings,2024-05-23,2687.81,Active
47400714,11365118,334053,Savings,2023-07-27,606.31,Active
57853708,31386369,207473,Checking,2023-02-27,3902.0,Active
99796749,95316737,877572,Checking,2023-07-31,22077.67,Active
58967820,98331397,216739,Savings,2025-06-01,2464.82,Active
18237196,10316553,877572,Savings,2023-02-02,1063.41,Active
54150928,25455372,334053,Checking,2020-05-04,1911.38,Active
52676369,98626319,356787,Savings,2024-09-20,2945.43,Active
91735825,39119632,334053,Savings,2022-06-09,19454.91,Active
30852881,37939985,246316,Checking,2022-03-08,1033.59,Active
73484049,79391503,126225,Savings,2022-05-13,3754.12,Active
20236056,75819796,719176,Savings,2024-10-24,1518.15,Active
64177944,84110101,388389,Savings,2022-03-25,7571.51,Closed
97863451,18443031,876646,Savings,2024-07-05,13022.23,Closed
51922716,51735323,334053,Savings,2022-04-06,7268.52,Active
57820958,46656293,877572,Savings,2023-03-19,5822.42,Active
11880225,85027630,191161,Savings,2022-09-08,1743.32,Active
46450465,46656302,809570,Checking,2024-01-23,3379.63,Active
55822116,47147828,877572,Savings,2024-02-18,5207.46,Active
11814693,73984830,671858,Savings,2020-09-11,17516.83,Active
91899686,77556543,388389,Savings,2021-06-20,1652.19,Active
18106156,73657152,246316,Savings,2020-01-16,2541.15,Active
98354989,98429762,388389,Savings,2025-07-30,6282.59,Active
74336045,39316293,388389,Savings,2023-09-18,15744.98,Active
63031090,38923078,877572,Savings,2020-12-18,2726.76,Active
30361395,48851781,388389,Savings,2023-11-13,36914.53,Active
51496756,18934597,388389,Savings,2020-09-15,2808.36,Active
40421174,21883722,126225,Savings,2022-10-26,1813.67,Active
54019895,91712332,876646,Savings,2023-06-18,3604.84,Active
70371130,40299341,770487,Checking,2020-12-14,2326.92,Active
23283516,68643668,877572,Savings,2024-12-17,5720.78,Active
96159550,59075413,719176,Savings,2023-10-05,10504.68,Active
75777855,96660320,876646,Checking,2023-07-16,9858.14,Active
29083456,43117410,872246,Savings,2023-02-24,10071.06,Active
11093823,45607778,216739,Savings,2020-10-29,3604.84,Active
21219138,94858086,719176,Savings,2023-08-07,5423.91,Active
29706049,18082664,356787,Savings,2024-06-18,1245.53,Active
98125636,46132077,877572,Savings,2023-01-28,1965.75,Active
67815238,84110196,671858,Checking,2022-02-09,12088.59,Active
77645639,71068532,809570,Savings,2021-08-29,4157.6,Active
96520011,53013368,126225,Savings,2021-02-11,4764.33,Active
96552780,64056184,872246,Savings,2021-11-09,6960.69,Active
12961615,58485624,246316,Savings,2025-08-22,728.88,Active
79218511,57338747,334053,Savings,2023-05-25,6574.89,Active
23971664,99347323,877572,Savings,2022-12-14,3320.93,Active
11880272,32533376,872246,Savings,2020-06-10,10190.58,Closed
16074579,35482497,334053,Checking,2020-06-07,4531.87,Active
80889684,27650951,809570,Savings,2021-09-15,2085.91,Active
52512601,69168009,246316,Savings,2023-04-16,3969.87,Active
37767003,38136719,334053,Savings,2020-12-26,1657.4,Active
28067675,21588880,809570,Checking,2020-03-12,16268.6,Active
62474076,17656723,216739,Savings,2024-01-17,6976.25,Active
88590173,52980628,216739,Savings,2021-12-02,13347.89,Closed
10012511,68119444,719176,Checking,2021-06-19,11019.58,Active
17778528,35941270,246316,Checking,2024-03-19,2502.54,Active
10143584,31255444,719176,Savings,2020-10-07,5807.16,Active
73975645,69168024,356787,Savings,2024-01-20,6931.96,Active
77809507,71986072,671858,Checking,2023-02-20,9356.13,Active
33441641,22735770,876646,Savings,2025-10-18,9359.7,Closed
66111339,31386531,877572,Savings,2020-04-29,3315.44,Active
95242092,36629414,246316,Savings,2022-12-22,8731.09,Active
39372653,91122599,388389,Savings,2023-07-29,6839.61,Active
59918190,24505263,719176,Savings,2022-01-05,2252.27,Active
94652269,54225842,246316,Savings,2021-03-21,2885.16,Active
22398834,49933235,388389,Savings,2024-06-29,8684.03,Active
73156467,82242484,872246,Savings,2023-02-11,4627.8,Active
92161908,24636346,877572,Savings,2025-09-28,4610.94,Active
26003317,51112891,246316,Savings,2025-04-22,2691.49,Active
65881973,73722811,877572,Checking,2025-03-03,12910.25,Active
56149880,50883521,872246,Savings,2022-09-13,16541.6,Active
45238137,12970946,877572,Savings,2022-10-05,2896.7,Active
61392760,71822279,877572,Savings,2022-02-02,10419.46,Active
75483005,68873168,388389,Savings,2022-04-02,8892.09,Active
45434750,91384788,334053,Savings,2025-08-30,3131.98,Active
11978622,27585494,809570,Savings,2025-03-01,3076.29,Active
44124033,11660253,876646,Checking,2020-06-11,9386.73,Active
40224643,86502371,334053,Savings,2020-04-03,1061.78,Active
46352263,77753320,809570,Savings,2020-08-26,736.64,Active
20203401,56847338,334053,Checking,2020-01-21,15495.0,Active
12240781,79358956,356787,Checking,2021-10-30,5228.13,Active
73516941,92957679,246316,Checking,2020-12-23,7385.76,Active
38487952,57011184,126225,Savings,2022-11-21,45794.09,Active
49530770,57961458,246316,Checking,2022-07-25,6126.32,Active
46385044,38530039,334053,Savings,2025-04-28,7406.15,Active
28723094,64351228,809570,Savings,2025-01-22,4143.03,Active
39700374,37743616,877572,Savings,2025-05-08,3367.62,Active
64636823,73296898,356787,Checking,2022-04-19,1748.21,Active
90654618,65268742,191161,Savings,2020-05-29,8504.91,Active
39798686,44035081,334053,Savings,2024-08-13,5573.65,Active
19285918,43969546,809570,Savings,2023-06-29,2131.98,Active
33376158,57535503,877572,Checking,2020-06-30,12019.78,Active
43698084,61074449,334053,Savings,2023-03-27,3164.24,Active
52447141,66907156,876646,Savings,2022-03-13,5527.59,Active
84166566,83782677,809570,Savings,2020-06-14,8374.6,Active
58935206,34335767,770487,Checking,2023-07-27,6251.76,Active
83216296,85650456,388389,Savings,2021-08-20,4298.23,Active
82364331,32173081,872246,Savings,2024-06-03,1521.34,Active
24070060,94366747,207473,Savings,2022-03-19,6268.15,Active
64997294,85650461,126225,Savings,2023-01-19,12363.51,Active
85870511,17198110,876646,Savings,2025-07-24,1812.35,Active
52578225,84798496,246316,Checking,2022-09-18,1527.23,Active
99633075,95382564,246316,Savings,2024-04-02,19123.64,Active
15222708,59993132,246316,Savings,2020-02-08,2079.88,Active
26429372,64875568,719176,Checking,2025-05-20,3066.81,Active
14469052,14249010,191161,Checking,2021-05-02,3844.76,Active
65423294,60091442,126225,Checking,2020-06-24,10598.41,Active
87246783,93514805,207473,Savings,2020-12-09,1402.81,Active
72992702,31845432,671858,Savings,2020-05-02,3908.33,Active
75319238,31583288,809570,Checking,2024-10-24,1780.06,Active
12240839,13626428,809570,Checking,2022-04-05,32199.23,Active
11880394,39218239,334053,Savings,2025-12-11,2913.34,Active
17418186,91548742,719176,Checking,2021-01-29,2084.39,Active
70535116,84044876,356787,Savings,2022-11-15,2634.25,Active
39241677,15232080,334053,Checking,2023-12-01,4240.01,Active
39110606,18967633,876646,Checking,2024-03-28,5749.58,Active
57067469,36826194,719176,Savings,2024-08-26,9495.37,Active
52250575,48327768,216739,Checking,2023-03-10,2444.95,Active
87705551,41217113,876646,Savings,2020-10-28,2527.1,Active
36489172,61500505,356787,Checking,2020-02-17,778.41,Active
95045591,75525210,809570,Savings,2024-06-11,1892.23,Active
77252568,37448798,876646,Checking,2025-04-03,2874.58,Closed
99928023,87845983,876646,Savings,2021-04-19,20046.48,Active
72075226,45214814,809570,Checking,2024-08-26,5352.43,Active
38455259,26537057,877572,Savings,2024-03-23,3659.54,Active
76498913,44526686,191161,Savings,2023-07-18,19929.94,Active
98453477,56487009,334053,Savings,2020-07-07,3940.66,Active
76498917,99478632,877572,Checking,2025-12-08,2351.07,Active
84920299,28437610,216739,Savings,2021-07-15,2414.04,Active
86493167,94399594,246316,Checking,2021-08-27,1842.29,Active
95012849,86600814,719176,Checking,2020-01-25,2431.45,Active
55953395,99904623,246316,Checking,2022-09-22,5240.44,Active
22267891,78179443,216739,Savings,2023-03-25,4196.64,Active
15878135,13462647,671858,Savings,2021-07-06,12839.17,Active
26396664,64908412,388389,Checking,2020-02-10,6764.62,Active
37701628,38857853,334053,Savings,2024-09-06,12147.09,Active
68896775,11922557,388389,Checking,2025-11-26,17383.1,Closed
70666248,16182399,334053,Savings,2024-11-29,9961.13,Closed
96585737,61074556,671858,Savings,2021-09-19,2317.43,Active
91572233,28634240,872246,Checking,2025-02-03,4256.47,Active
69978126,20311172,334053,Checking,2020-12-29,13866.19,Closed
59721750,42101893,671858,Savings,2025-08-06,18845.84,Active
24463383,86174856,207473,Savings,2022-10-05,6040.3,Active
55494683,70151314,872246,Checking,2022-03-07,31195.55,Active
70764573,11168917,877572,Savings,2021-02-06,3426.16,Active
51136542,88206488,876646,Savings,2020-01-25,7221.67,Active
63817759,63466649,877572,Savings,2022-10-20,1440.57,Active
39045149,33713307,356787,Savings,2024-04-28,5823.42,Active
60672033,20638875,809570,Savings,2022-08-08,9808.86,Active
98879522,57601184,719176,Savings,2021-01-19,16791.62,Active
39798819,57797801,388389,Checking,2023-09-06,430.16,Active
14993441,41905321,334053,Checking,2021-06-15,1365.41,Active
59328546,28765362,246316,Savings,2021-03-11,3289.07,Active
46975007,19000500,356787,Savings,2022-06-11,641.85,Closed
86493226,47312054,719176,Checking,2024-05-31,5992.95,Active
24201260,35056826,356787,Savings,2024-05-04,23916.72,Closed
29706285,77163720,809570,Checking,2021-12-02,3790.22,Active
22267950,48590029,876646,Savings,2021-01-08,10869.36,Active
98879533,67333327,388389,Savings,2025-10-09,5087.1,Active
16369710,77884624,216739,Savings,2021-01-19,2359.61,Active
33900594,96169176,719176,Savings,2024-08-18,1749.91,Active
97830963,66874587,246316,Savings,2022-07-26,9283.26,Active
45500468,17362140,876646,Savings,2020-11-14,9165.59,Active
22825011,50621672,126225,Savings,2022-10-13,5273.25,Active
41076790,67202281,719176,Checking,2021-06-25,6091.83,Active
50612277,42921197,809570,Savings,2025-04-22,26712.54,Active
32655415,57404655,809570,Savings,2021-04-24,20124.96,Active
24496185,21916915,719176,Savings,2022-04-30,1565.8,Active
70240313,37645557,216739,Savings,2022-05-27,1233.5,Closed
36980791,40987897,216739,Checking,2023-05-12,9296.83,Active
98584637,14085386,334053,Savings,2021-10-17,1221.48,Active
83675199,21097739,876646,Checking,2022-01-28,7224.28,Active
12798015,46624012,334053,Savings,2025-10-18,12774.64,Active
93079615,14216463,126225,Savings,2024-10-14,2589.51,Active
44222536,11201814,246316,Checking,2021-06-21,4797.51,Active
95766602,58420509,388389,Checking,2023-10-29,8887.98,Active
67520586,81161503,126225,Savings,2023-06-29,3282.8,Closed
80398413,46591263,246316,Savings,2021-06-12,11401.61,Active
49989709,27520289,246316,Savings,2023-10-02,4004.99,Active
42256463,40037673,876646,Savings,2020-11-25,7467.09,Active
93767761,98594090,877572,Savings,2024-03-20,1279.73,Active
62539857,79916334,246316,Checking,2024-04-02,5293.5,Active
47171668,97938735,334053,Checking,2025-12-15,7962.55,Active
18958421,83029297,770487,Savings,2020-09-03,2778.89,Active
37210198,42265907,356787,Savings,2020-03-04,2657.15,Active
57329749,12610868,876646,Savings,2023-10-08,12501.09,Active
30230621,95251763,877572,Checking,2022-11-27,9321.72,Active
14764128,99446070,877572,Savings,2023-08-18,5741.02,Active
68765794,22146359,388389,Checking,2020-02-07,8376.0,Active
55560291,15592757,334053,Savings,2021-03-29,1147.2,Active
88229990,29158712,334053,Savings,2024-11-22,5290.23,Active
54413415,88927546,719176,Savings,2023-04-16,2286.61,Active
30951530,81227072,809570,Savings,2025-01-21,4835.69,Active
27084908,87911748,191161,Savings,2020-09-26,1291.88,Closed
11913327,54193479,877572,Savings,2024-09-20,8450.39,Active
71288944,10874185,872246,Checking,2024-03-12,1856.77,Active
64604273,88272203,872246,Checking,2023-01-20,52679.73,Active
34228342,77851983,876646,Savings,2025-03-24,4644.83,Closed
72960123,64286033,126225,Checking,2020-01-15,3190.46,Active
27019390,67300690,388389,Checking,2021-11-28,4267.35,Active
89966719,58518869,246316,Checking,2022-06-21,1065.27,Active
78694529,78572891,334053,Savings,2024-10-11,4488.91,Active
14239876,15035739,334053,Savings,2024-06-13,11233.3,Active
55888007,64974173,719176,Savings,2025-02-16,7593.91,Active
42125452,71429471,334053,Savings,2024-09-05,3152.12,Active
39897228,64253283,719176,Checking,2025-11-09,17683.8,Active
16631950,70020451,334053,Checking,2024-10-17,2882.44,Active
17123469,85486953,334053,Checking,2023-06-11,3475.97,Active
37669016,51768682,877572,Savings,2020-06-26,2245.23,Active
48416924,57175405,877572,Savings,2022-03-10,1493.61,Active
22333598,44363120,877572,Savings,2022-07-24,11800.57,Active
81938590,23752049,809570,Savings,2023-10-05,2606.11,Closed
39274654,43937141,216739,Savings,2024-03-16,5857.68,Active
31082657,42724726,356787,Savings,2022-11-15,3038.06,Active
24135842,57666937,216739,Savings,2022-07-29,14179.49,Active
45992099,45411706,246316,Savings,2020-12-10,11711.22,Active
61294750,99806586,809570,Savings,2022-04-22,1322.02,Active
28821669,97348987,671858,Checking,2024-07-26,6374.05,Active
35834022,41938297,334053,Savings,2024-05-28,5142.97,Active
47827108,55274881,388389,Checking,2025-05-25,11631.38,Active
46876840,72936837,719176,Checking,2024-05-18,6227.21,Active
69716139,94760327,334053,Savings,2021-09-21,12875.25,Active
37308590,81653148,876646,Checking,2020-08-05,10059.97,Active
93702322,39710110,216739,Savings,2024-11-04,7729.2,Active
73124020,87518631,191161,Checking,2020-03-25,11369.08,Active
48010244,63303079,334053,Checking,2020-06-02,3378.27,Active
57231543,72183211,388389,Checking,2024-05-09,3758.49,Active
75057336,39677356,126225,Savings,2020-04-30,18795.93,Active
57460921,20442542,388389,Checking,2023-03-26,13161.97,Active
45205688,22113711,356787,Checking,2023-04-08,10128.77,Active
70666429,33779125,334053,Checking,2024-11-22,7693.12,Active
32491709,87682486,126225,Savings,2023-02-22,1047.66,Active
53168319,85618104,809570,Savings,2022-10-28,7535.81,Active
88852673,27028924,356787,Savings,2023-03-27,4148.87,Active
82200772,77622717,126225,Checking,2023-03-12,13595.73,Active
21219525,86535615,877572,Savings,2023-07-03,3731.13,Active
31541444,52424129,809570,Checking,2023-10-05,391.83,Closed
18532559,15330754,334053,Savings,2020-02-21,8084.79,Active
74696916,50032071,191161,Savings,2022-05-13,3885.3,Active
36194518,37383624,809570,Savings,2020-05-19,4186.41,Active
82364636,15068618,334053,Checking,2022-12-21,5050.77,Active
32393437,88042954,809570,Savings,2023-08-15,16408.45,Active
31181025,57437651,334053,Savings,2021-02-02,36519.71,Active
68077795,38694357,876646,Savings,2022-06-22,5215.82,Active
91703526,10546646,770487,Savings,2020-09-06,2217.75,Active
92129512,24243671,876646,Checking,2021-09-12,581.24,Active
41830633,55864791,356787,Savings,2020-12-22,26632.2,Active
63031529,52784602,876646,Savings,2023-03-12,36425.23,Active
58869996,26930651,809570,Savings,2025-04-19,1490.81,Active
33114349,12971487,334053,Savings,2022-12-18,6261.28,Active
60967151,64286177,719176,Savings,2023-06-13,5409.13,Active
95242488,73559524,770487,Savings,2025-01-04,1093.34,Active
49694970,41381348,356787,Savings,2021-03-27,6701.03,Active
71616763,99446245,216739,Savings,2022-07-12,8779.53,Active
32426236,58453476,216739,Savings,2024-05-14,3847.24,Active
52611328,73919977,216739,Savings,2022-04-19,5786.97,Active
60999937,62647788,872246,Savings,2024-12-28,7821.44,Active
96717061,19983854,356787,Savings,2022-05-22,4843.09,Active
17516806,89222640,207473,Savings,2023-04-20,3818.86,Active
50153735,75853303,334053,Savings,2021-07-28,3754.67,Active
66111752,17690104,719176,Checking,2023-05-23,8641.53,Closed
86329609,81030650,388389,Savings,2020-09-24,7981.3,Active
31508744,41938429,216739,Savings,2022-11-14,12073.37,Active
88557831,65957373,876646,Checking,2020-04-24,6441.13,Active
33409285,88698368,809570,Savings,2025-02-20,10303.04,Closed
62736654,99184131,216739,Savings,2020-06-23,18728.12,Active
41077008,68480515,671858,Savings,2023-08-17,1466.27,Active
95996177,76541443,126225,Checking,2023-11-30,6902.89,Active
54315281,35974662,334053,Checking,2025-08-07,6698.27,Active
34883859,82275843,876646,Checking,2024-07-07,2396.91,Active
75778330,85356036,388389,Savings,2025-12-10,9764.86,Active
49236250,81030671,126225,Checking,2023-06-20,4265.71,Active
69454106,81948183,207473,Checking,2021-05-27,4196.4,Active
76597532,78507549,207473,Checking,2024-12-19,1049.87,Active
37079325,23883295,126225,Savings,2025-07-22,5032.69,Active
59525410,39939617,877572,Savings,2025-09-24,5577.83,Active
44386595,93711907,388389,Checking,2022-03-02,12703.68,Active
44288292,81817128,334053,Savings,2024-11-28,13022.55,Active
37832994,78081576,334053,Checking,2021-09-03,4397.58,Closed
57002279,69791280,126225,Savings,2022-08-31,8698.77,Active
33671463,58453553,334053,Savings,2020-03-03,12227.68,Active
23185704,64024116,877572,Checking,2022-09-02,3132.59,Active
94783786,21655092,388389,Savings,2021-02-26,2533.94,Active
85903655,63401529,191161,Checking,2025-11-24,2623.63,Active
63392039,19426874,809570,Savings,2023-11-09,5977.78,Active
93440297,94301757,719176,Savings,2022-09-06,3165.67,Active
96422190,64155199,334053,Savings,2024-12-10,3082.84,Active
20695343,39611968,809570,Savings,2025-05-16,1728.0,Active
76532017,29945410,388389,Checking,2024-03-28,16255.98,Active
17451318,26439239,126225,Savings,2024-03-30,5516.78,Active
88951094,84078153,719176,Savings,2022-12-01,2241.43,Active
87968057,41283148,671858,Savings,2024-10-17,16827.67,Active
58804539,96988751,334053,Savings,2025-05-27,9751.77,Active
11389244,66809428,809570,Checking,2023-10-17,1028.14,Active
90655037,97447515,872246,Savings,2025-07-23,4914.68,Active
92653885,31387227,334053,Savings,2024-10-01,11867.07,Active
28100931,95317597,876646,Checking,2024-10-03,1522.01,Active
63162693,79818333,207473,Savings,2025-04-08,1744.18,Active
25512262,97021537,334053,Savings,2022-03-14,3984.98,Active
35178823,66448995,126225,Savings,2022-06-15,9946.63,Active
20662607,87486054,809570,Savings,2025-02-13,14533.69,Active
77678930,65629799,388389,Savings,2023-09-13,4467.08,Active
62507347,11693674,809570,Checking,2022-07-21,2219.11,Active
60737877,70807149,356787,Savings,2024-11-28,4617.8,Active
47106392,80768627,809570,Checking,2024-07-19,1759.8,Active
49432921,41086582,126225,Savings,2023-03-19,6719.52,Active
23349595,89714295,770487,Checking,2020-09-26,2633.09,Active
56117598,88600182,719176,Checking,2024-08-20,1240.4,Active
98224480,34664060,719176,Savings,2023-08-01,8126.7,Active
73222497,86208124,388389,Savings,2025-08-20,2392.87,Active
96651620,26930815,388389,Savings,2025-04-21,1508.94,Active
72960358,74182273,388389,Savings,2020-06-20,6706.99,Closed
20859238,79326850,876646,Savings,2020-10-05,1457.05,Active
77973864,27684484,191161,Savings,2021-02-27,1644.7,Active
24463721,42233478,872246,Savings,2020-09-27,1927.6,Active
15518058,40922759,671858,Savings,2025-03-29,14524.3,Active
54020460,60583560,671858,Savings,2025-05-29,3745.61,Closed
97732974,97971854,388389,Savings,2020-03-17,7564.37,Active
24201586,19164814,246316,Savings,2025-08-07,11712.02,Active
16501110,23686802,671858,Savings,2020-01-23,3908.83,Active
26724727,30011026,334053,Savings,2024-05-04,5200.36,Active
17680760,19426966,770487,Savings,2021-09-18,8434.97,Closed
25905529,84405920,388389,Checking,2020-03-29,5389.3,Active
82397561,14806688,876646,Savings,2023-01-23,4158.09,Active
29247867,68972193,126225,Savings,2020-07-07,5955.73,Active
65653116,21884589,770487,Checking,2024-06-13,3564.28,Active
13126014,37318317,809570,Checking,2021-09-06,2735.07,Active
17222015,24735413,126225,Savings,2020-05-13,3534.31,Active
94194049,54062774,719176,Savings,2024-11-03,3181.21,Active
85215620,21032632,877572,Checking,2020-01-27,10229.27,Active
51366279,93023930,207473,Savings,2025-09-16,1107.19,Active
65620359,15756988,719176,Savings,2024-12-20,9340.61,Active
19581319,42266307,246316,Savings,2024-05-22,39421.07,Active
96356746,30404292,334053,Savings,2020-06-23,5761.57,Closed
91736458,23883460,388389,Savings,2025-07-12,4694.21,Active
19286409,71003845,719176,Savings,2022-07-13,2477.2,Active
95701390,70414021,334053,Savings,2025-12-16,1182.32,Active
86821268,38235850,809570,Checking,2024-09-29,3623.26,Active
28723604,57536203,770487,Checking,2025-10-31,4744.63,Closed
98683286,82177752,876646,Checking,2020-01-01,931.65,Active
72829336,52883169,126225,Savings,2025-05-29,2385.02,Closed
64506267,65597155,388389,Savings,2022-01-18,2009.92,Active
11913628,43806436,334053,Savings,2025-09-06,12187.95,Closed
59394462,11857637,388389,Savings,2022-12-26,7339.83,Active
73124258,70905581,388389,Savings,2022-06-05,3984.35,Active
17779113,68349682,876646,Savings,2023-05-27,6308.41,Active
34687402,30764786,719176,Savings,2025-04-09,4120.9,Active
89409962,63172340,388389,Savings,2023-03-02,19471.43,Closed
67848622,59371260,809570,Checking,2020-09-19,6139.19,Closed
47237553,15691523,388389,Savings,2020-11-06,4303.88,Active
86493620,17592070,877572,Savings,2024-07-25,2330.91,Closed
53135797,48590604,877572,Checking,2020-11-01,11106.14,Active
44157368,48262927,872246,Savings,2020-09-01,375.81,Active
75942331,73494290,719176,Checking,2025-08-06,1466.19,Active
92686780,46788371,246316,Checking,2024-06-05,20632.61,Active
54315453,98922266,388389,Savings,2020-07-14,761.15,Closed
75778494,16838426,872246,Checking,2021-06-16,2332.13,Active
13388219,61239068,246316,Checking,2021-09-04,8259.46,Active
11553222,12250909,207473,Savings,2022-08-24,6382.6,Active
42027465,44134172,388389,Checking,2023-03-16,3668.68,Active
40487371,47705888,770487,Savings,2021-09-15,2850.48,Active
62114253,70774562,356787,Checking,2023-03-24,1919.29,Active
54610381,81227559,356787,Savings,2022-10-12,6441.24,Active
87083473,49835820,877572,Savings,2023-08-19,2854.55,Active
80202195,20311857,809570,Savings,2023-08-01,568.16,Active
99862996,90500929,334053,Savings,2023-07-29,1595.93,Active
31738326,46427984,809570,Checking,2025-11-20,8188.37,Active
74893785,64122704,356787,Checking,2023-01-30,17984.83,Active
10570202,35647315,877572,Savings,2023-12-03,5043.33,Closed
42387931,22605652,877572,Checking,2020-02-18,2575.4,Active
20007391,34565972,877572,Checking,2023-09-14,6537.84,Active
99240417,43347800,216739,Checking,2021-07-20,3977.37,Active
77056481,56618840,216739,Savings,2024-10-02,8969.14,Active
11127265,54226782,207473,Savings,2022-12-04,24157.85,Active
59460066,60157791,719176,Savings,2021-08-27,2695.58,Active
33638886,43052900,877572,Savings,2024-09-24,41464.63,Active
46746093,11726698,388389,Checking,2023-01-06,1970.44,Active
89541102,71790456,388389,Savings,2020-08-11,875.63,Active
22628853,49934203,216739,Savings,2022-07-28,4086.48,Active
10078719,40595328,246316,Savings,2025-07-23,954.9,Active
41404930,97808260,126225,Checking,2025-06-16,2975.72,Active
88132101,67694474,126225,Savings,2020-05-31,1418.35,Active
11291142,76476298,126225,Savings,2020-01-23,4022.55,Active
29084167,43118478,216739,Savings,2020-03-25,5758.82,Active
84003335,96726933,770487,Savings,2020-04-21,3658.88,Active
48876045,44625815,356787,Savings,2024-05-02,5703.83,Active
15878669,47116183,872246,Checking,2022-05-31,4291.25,Active
24431124,67137436,877572,Savings,2021-03-05,1529.73,Active
35015189,76738469,872246,Checking,2024-03-20,2631.54,Active
15911448,17788839,207473,Savings,2023-12-20,1855.25,Active
45271577,34271143,356787,Savings,2022-11-20,3873.48,Active
64506392,49475498,216739,Checking,2023-05-17,3955.99,Closed
96913952,51965869,126225,Savings,2022-10-14,6389.91,Active
68504096,60911535,770487,Savings,2020-11-28,1621.78,Active
89475621,13823919,246316,Savings,2024-12-28,4898.17,Active
90458662,77393840,876646,Checking,2022-05-17,2446.04,Closed
76433959,53604277,770487,Savings,2022-01-28,5510.84,Active
72993322,84733879,334053,Checking,2025-01-08,4032.95,Closed
68635179,79491000,876646,Savings,2020-03-15,10974.2,Active
64342573,51605434,388389,Savings,2024-11-30,4210.42,Active
65784365,71331770,872246,Checking,2020-08-02,418.14,Active
50645552,25096126,877572,Checking,2023-08-12,6410.68,Active
96193073,67858370,876646,Checking,2021-06-25,1298.98,Closed
77646386,85454788,246316,Checking,2021-04-07,9181.55,Active
32459314,72282055,207473,Savings,2023-05-04,3181.01,Active
36358707,28176332,876646,Checking,2025-12-01,4605.31,Active
46582326,98168783,872246,Savings,2024-10-16,16113.85,Active
63883831,13135833,770487,Savings,2022-06-05,6101.33,Active
20892215,77066202,216739,Savings,2020-11-23,5064.64,Active
99437114,91844569,334053,Checking,2025-08-09,6840.16,Active
84855360,63467481,809570,Checking,2020-02-24,1719.11,Active
55855680,55635936,334053,Savings,2025-06-30,14565.41,Active
14207555,91058148,719176,Savings,2021-06-20,3183.64,Active
11323973,73166821,872246,Savings,2020-12-23,4850.05,Active
18729541,47869930,356787,Savings,2024-06-14,3930.37,Active
74041927,98234354,809570,Savings,2022-10-27,1403.72,Active
83741256,61501427,216739,Savings,2021-11-11,837.92,Active
21154375,39055362,876646,Savings,2022-02-08,4071.21,Active
84134475,84733958,719176,Checking,2021-08-16,11606.05,Active
61852237,17199117,809570,Savings,2021-04-16,8107.0,Active
13290061,79425550,671858,Checking,2023-07-13,14718.26,Active
36227667,23687185,872246,Savings,2024-01-07,28818.02,Active
36096597,75100177,334053,Savings,2024-09-25,4472.32,Active
83961505,78180379,671858,Savings,2022-11-21,3118.72,Closed
63392351,43347998,388389,Savings,2024-06-21,3497.16,Active
92883552,59404322,126225,Checking,2021-06-23,4601.41,Active
46156385,65302565,388389,Savings,2024-09-16,7150.87,Closed
44059241,40497194,877572,Savings,2023-04-24,1899.87,Active
88918638,88895533,872246,Savings,2023-07-17,2225.52,Active
70306417,30699565,388389,Savings,2022-09-19,4096.49,Active
56019573,96759860,126225,Savings,2022-04-17,11024.31,Active
32524924,99905589,388389,Savings,2021-03-16,4556.14,Active
77974140,32927797,877572,Savings,2021-08-23,11775.18,Active
12110462,31748148,877572,Checking,2020-09-26,6185.61,Active
91015804,32239676,388389,Savings,2025-05-12,4386.43,Active
52972160,27160637,246316,Checking,2022-07-14,6324.53,Active
60246656,95776835,388389,Savings,2020-02-21,4768.95,Active
92490371,89321544,246316,Savings,2025-09-10,4204.31,Active
54872707,65171529,246316,Savings,2023-07-14,14327.84,Active
73616007,78442573,126225,Checking,2021-04-12,12655.41,Active
21514888,20410450,388389,Savings,2022-08-04,4451.49,Active
15452809,39874642,872246,Savings,2025-01-16,4031.44,Active
21023370,94826578,334053,Savings,2021-07-23,14546.48,Active
34818695,63533139,388389,Savings,2021-03-10,4215.88,Active
11094670,75165778,216739,Savings,2024-05-11,9344.97,Active
20826768,47083607,334053,Checking,2020-01-18,10282.81,Active
28265117,11726937,877572,Savings,2025-11-28,13183.05,Active
17484446,21917786,246316,Checking,2022-07-24,13897.03,Active
12503718,56979557,809570,Savings,2022-09-16,4642.04,Active
57854631,92336235,388389,Savings,2020-09-16,15532.73,Active
12274342,13824113,207473,Savings,2023-08-14,10378.54,Active
65292979,38826107,334053,Checking,2023-08-16,3278.38,Active
34261684,95940733,877572,Savings,2023-01-05,8348.86,Active
91507383,46493821,809570,Savings,2024-09-11,12377.21,Active
37931703,67334276,207473,Savings,2023-02-08,2401.54,Active
36326073,78934149,216739,Savings,2022-06-22,6842.53,Active
15944377,48263303,334053,Savings,2024-10-03,14401.33,Active
45370039,26570894,876646,Savings,2023-02-12,2832.53,Active
15846073,24309903,246316,Savings,2022-12-01,9777.61,Active
38980287,78311568,246316,Savings,2021-10-14,1746.06,Active
14404289,22868114,356787,Savings,2022-02-12,1416.25,Active
53824193,73691283,877572,Savings,2023-05-13,6277.41,Active
13159107,69365908,388389,Checking,2020-11-08,3350.75,Active
66800324,45314199,388389,Savings,2022-04-05,24783.11,Active
80333513,20770967,809570,Savings,2021-08-25,1564.96,Active
36031180,32403611,388389,Checking,2021-02-22,4432.94,Active
11848396,34107548,334053,Savings,2020-05-27,3594.29,Active
15747790,35385501,719176,Checking,2022-08-09,3823.77,Active
47958734,88404125,246316,Savings,2023-06-25,34047.1,Active
82463440,28307619,334053,Savings,2020-10-21,2611.34,Active
81906385,13201572,126225,Checking,2025-12-23,2540.39,Closed
53103312,71856291,334053,Savings,2022-01-08,13035.99,Active
52546260,65859751,334053,Checking,2020-05-27,818.09,Closed
15846101,70119596,876646,Savings,2022-06-28,5477.92,Active
57985750,38138031,216739,Savings,2022-04-10,1126.57,Active
75221722,81588402,877572,Checking,2021-11-28,870.39,Active
90753757,88961202,334053,Savings,2023-10-09,4080.69,Active
60017373,96104629,770487,Savings,2020-08-25,828.08,Active
87640799,16806070,126225,Savings,2022-06-17,1809.32,Active
68307680,51540154,216739,Savings,2021-10-12,2535.52,Active
25709281,14315707,356787,Savings,2024-07-31,12943.6,Active
90720996,88207548,126225,Checking,2025-02-16,6290.27,Active
22268646,61665474,719176,Checking,2025-04-09,4114.89,Active
93113065,43643075,356787,Savings,2023-07-02,12824.04,Active
63687401,73199814,388389,Checking,2023-08-03,295.08,Active
64178925,77459666,216739,Checking,2022-06-23,1030.85,Active
15649518,43446484,876646,Savings,2024-07-19,1242.25,Active
22661870,26669270,876646,Savings,2024-04-20,12981.17,Active
61885171,32993497,876646,Savings,2021-05-30,10162.69,Active
54577907,39186650,876646,Savings,2020-09-15,5611.26,Active
10210037,43282649,770487,Checking,2020-08-15,18770.44,Active
49236726,49541343,872246,Savings,2022-11-30,12205.26,Active
56085239,90599649,671858,Savings,2022-04-12,9571.69,Active
50973433,82800866,207473,Savings,2025-03-14,2040.15,Active
95341306,18247914,770487,Savings,2020-06-03,8549.5,Active
21089021,38007018,216739,Savings,2024-09-07,11560.69,Active
73255680,74543341,877572,Checking,2020-06-26,16569.69,Active
38587139,76247278,388389,Savings,2020-03-21,6350.07,Active
10603273,81031418,356787,Savings,2021-01-05,2583.9,Active
23055114,70938874,719176,Checking,2025-08-04,4063.56,Active
18696979,93548795,126225,Checking,2025-09-21,12256.28,Active
54545172,10350851,877572,Savings,2020-12-22,6542.65,Closed
34982678,25161988,877572,Savings,2021-08-02,2051.95,Active
92326687,49967372,126225,Savings,2020-09-28,6381.85,Active
34884388,71266572,216739,Savings,2021-10-15,1216.02,Active
39963430,70676751,334053,Savings,2021-09-15,5601.01,Active
20400935,29290770,216739,Checking,2025-02-21,32386.72,Active
31935272,21066004,388389,Savings,2022-11-21,10352.08,Active
85642022,58093846,126225,Savings,2025-09-04,3384.78,Active
93440810,77984025,388389,Savings,2025-01-28,75174.4,Active
23841579,76181786,719176,Savings,2024-09-13,1996.96,Active
69847857,50262298,877572,Checking,2022-10-12,1624.46,Active
69389107,46854431,207473,Checking,2024-02-04,2222.69,Active
28887861,98136352,388389,Savings,2021-11-18,2541.44,Active
76139319,27685156,246316,Savings,2022-05-16,16876.52,Active
74468152,31158565,126225,Checking,2023-04-21,4557.45,Active
16239416,90861860,877572,Savings,2025-07-20,1939.23,Active
81644346,54260004,671858,Checking,2023-02-04,2157.12,Active
20630331,98496806,719176,Savings,2021-04-05,13479.95,Active
59591484,57831723,334053,Savings,2022-03-29,3574.1,Active
88263481,81621296,809570,Savings,2022-05-14,2298.14,Active
27052858,66941236,770487,Savings,2021-07-14,2156.97,Active
27478849,20607284,126225,Savings,2023-08-31,5503.7,Active
62966595,52850999,216739,Savings,2020-02-14,2527.66,Active
81775428,21360955,334053,Savings,2024-07-10,4485.5,Active
80595782,58224956,207473,Checking,2022-10-29,3393.32,Active
65751880,64516413,246316,Savings,2020-10-24,4154.99,Active
74009417,10973502,207473,Savings,2021-07-26,8113.49,Closed
40291145,74871111,334053,Savings,2025-06-26,1834.32,Active
39439178,93122888,126225,Checking,2022-05-22,8587.08,Active
48810829,60813647,334053,Savings,2023-08-08,1097.69,Active
34163541,33812817,216739,Savings,2025-12-18,11726.56,Active
48089942,80605522,246316,Savings,2021-09-30,4107.98,Active
40160087,62157137,191161,Savings,2023-08-09,10354.2,Active
13585240,21229911,334053,Savings,2023-04-03,7501.16,Active
96521049,73986391,334053,Savings,2025-04-15,19477.76,Active
58248026,52392285,246316,Checking,2020-02-22,5478.28,Active
43502426,35451231,719176,Savings,2023-03-05,17932.33,Active
69585756,13955424,356787,Savings,2021-10-23,9157.61,Active
27741020,91091297,207473,Savings,2023-12-12,1782.45,Active
44976988,32272739,877572,Checking,2020-06-18,12986.67,Active
73943905,14119270,191161,Checking,2023-07-19,6142.76,Active
84069218,32239981,126225,Checking,2021-01-20,3887.71,Active
83839844,98267503,671858,Checking,2024-10-23,5876.09,Closed
89312100,86962544,246316,Savings,2023-11-18,2613.17,Active
69127014,26898808,356787,Savings,2023-08-07,60352.46,Active
87051112,52064633,216739,Savings,2021-08-11,4285.81,Active
70536044,24834428,334053,Checking,2024-05-16,2229.68,Active
70437744,83063168,671858,Savings,2020-07-05,797.93,Active
83151729,32665997,877572,Savings,2024-05-29,11478.89,Active
98814834,94237070,809570,Checking,2023-10-18,6689.39,Active
27380593,47706512,207473,Checking,2025-06-27,5271.92,Closed
11520884,34697616,356787,Savings,2020-06-05,8702.33,Active
81578869,14905748,809570,Savings,2022-05-22,9476.26,Active
26495865,66482582,356787,Checking,2022-01-21,10724.95,Active
89312122,63140250,246316,Savings,2021-05-07,4014.02,Active
12241787,24310184,876646,Checking,2024-06-20,1164.7,Closed
77220731,63271337,356787,Savings,2021-06-20,2480.52,Active
74632066,46920106,334053,Checking,2022-06-10,7071.47,Active
41143171,85127595,809570,Savings,2025-05-23,4038.07,Active
57953155,32862637,388389,Checking,2020-05-22,11603.21,Closed
25873286,56488366,876646,Savings,2022-02-03,13167.11,Active
92588934,66318770,876646,Savings,2022-03-30,4426.69,Active
47762314,86241718,207473,Savings,2023-11-01,2523.18,Active
88394636,90599864,207473,Savings,2020-07-28,3290.58,Active
63720332,16478649,719176,Savings,2020-05-22,5175.06,Active
59755406,35025338,207473,Savings,2023-08-26,6436.48,Active
67718032,10580409,809570,Savings,2021-12-11,17488.0,Active
67652499,20345276,809570,Checking,2023-12-17,6580.61,Closed
45140884,28635581,671858,Savings,2025-10-24,5769.49,Active
47598487,65139132,809570,Checking,2024-02-17,1088.91,Active
61328279,69923265,809570,Savings,2022-04-01,10664.37,Active
41208729,19001794,246316,Savings,2020-04-10,4476.4,Active
94817178,68088262,334053,Savings,2020-02-20,1045.95,Active
60378012,17822156,671858,Checking,2021-09-19,740.32,Active
49367965,45576654,388389,Savings,2023-12-03,3447.75,Active
54578081,58454479,877572,Checking,2021-05-12,9428.48,Active
36719522,41710030,388389,Savings,2022-11-13,1606.44,Active
95243171,47608279,876646,Checking,2023-11-05,4831.58,Active
72371109,77722074,388389,Checking,2020-12-17,1186.56,Active
73026472,36205020,876646,Checking,2022-06-07,2857.8,Active
68012969,63369699,671858,Checking,2025-01-04,2311.53,Active
17058731,93549027,872246,Savings,2023-02-03,2404.54,Active
69127088,18706917,877572,Savings,2020-08-12,10111.2,Active
23382960,79163878,388389,Savings,2022-03-12,3977.26,Active
80628659,15102440,719176,Savings,2021-07-29,8733.87,Active
55266227,58880498,770487,Savings,2024-09-23,6742.61,Active
82037685,54620660,191161,Savings,2024-06-29,7300.78,Active
88198069,26669562,809570,Checking,2020-05-04,3597.74,Active
70896570,65335804,126225,Savings,2022-09-24,6739.19,Active
96914362,37876228,334053,Savings,2022-01-09,4787.05,Active
69422014,42889732,216739,Savings,2021-06-30,3665.41,Active
38489022,29323782,216739,Checking,2023-04-25,49995.1,Active
43109316,35910150,388389,Savings,2020-12-24,4215.17,Active
29543364,15823366,334053,Savings,2025-08-02,9218.55,Closed
45599689,78115337,877572,Savings,2021-09-10,4263.11,Closed
66374602,61796879,246316,Savings,2021-03-03,22171.51,Closed
33475529,32207379,388389,Savings,2024-06-20,2198.73,Active
68242380,64647700,719176,Savings,2021-06-26,11764.04,Active
66079693,69104147,334053,Checking,2024-07-13,1055.82,Active
79907790,32469528,216739,Checking,2020-11-17,1956.58,Active
20663247,75166233,334053,Checking,2023-07-09,9981.77,Active
20958158,98955800,877572,Savings,2023-12-09,8295.73,Active
51530698,29946395,876646,Savings,2020-08-13,2083.3,Active
22531026,24113692,216739,Savings,2021-08-31,3466.95,Active
73976786,57307677,719176,Savings,2025-03-07,12745.81,Active
74173395,31289886,877572,Checking,2020-04-03,17833.0,Closed
88558548,31126046,246316,Savings,2024-05-29,7108.82,Active
70274010,15757856,126225,Checking,2025-03-06,4087.16,Active
91016154,55144993,877572,Savings,2023-04-03,13531.93,Active
22629343,63828517,388389,Savings,2020-10-03,3188.38,Active
64867296,15823398,216739,Checking,2022-02-13,3508.73,Closed
67816416,43348522,876646,Checking,2024-06-01,2700.51,Active
84757474,57700908,877572,Savings,2024-09-15,1440.94,Active
61098980,56816177,719176,Savings,2024-06-09,8680.28,Active
38292455,88175156,719176,Savings,2023-12-03,5302.78,Active
75942887,73003575,872246,Savings,2023-10-12,8414.37,Active
93473769,10482235,876646,Savings,2020-10-11,7433.49,Closed
75779047,16314940,876646,Savings,2021-11-24,22242.64,Active
23022574,51835453,388389,Savings,2021-06-30,14911.32,Active
65522671,65794623,770487,Savings,2020-04-27,3644.38,Active
85380078,78279234,207473,Savings,2025-09-20,4752.25,Active
41012210,14479939,388389,Savings,2023-03-23,3589.59,Active
46975988,27882052,356787,Savings,2022-01-02,4510.94,Active
20827128,44528194,334053,Savings,2024-06-18,7528.12,Closed
42814461,64746059,356787,Savings,2021-03-27,9184.86,Active
98814974,37810769,356787,Savings,2025-08-02,16926.05,Active
23677951,50393690,809570,Savings,2025-05-11,17061.22,Active
78302218,71987802,126225,Savings,2024-08-16,4865.24,Active
91835402,47411802,334053,Savings,2023-07-26,2674.68,Active
82758669,93057632,334053,Savings,2023-11-10,6298.01,Active
16174094,98398820,334053,Checking,2022-11-22,3188.53,Active
78662670,98038377,126225,Checking,2023-08-28,9843.34,Active
55954451,29160042,877572,Checking,2024-07-22,15578.33,Active
14502935,76935788,877572,Checking,2021-04-19,8653.89,Active
61525016,39744111,126225,Checking,2020-11-23,6069.88,Active
43600929,99250801,216739,Checking,2021-01-27,8454.75,Active
58641444,40989300,877572,Checking,2024-10-31,4192.34,Active
39144485,58126969,877572,Savings,2025-05-07,2529.52,Active
17583144,13693563,388389,Savings,2022-09-14,7289.77,Active
24759340,47084158,388389,Savings,2023-03-16,16589.41,Active
31902765,68547200,809570,Savings,2023-09-08,3281.62,Active
86527022,94106245,191161,Savings,2021-09-05,3720.3,Active
90426416,14086791,126225,Savings,2023-09-01,10894.98,Active
51858482,94007943,388389,Checking,2024-08-27,4708.96,Active
51039289,82899597,334053,Checking,2025-07-16,4758.64,Active
32853057,35320464,334053,Checking,2023-12-08,2766.56,Active
21482568,20771474,246316,Savings,2023-04-27,7980.23,Active
20499540,95449749,216739,Checking,2021-05-12,4480.64,Active
63392853,94859928,809570,Checking,2025-02-06,1388.26,Active
80923734,17461913,356787,Savings,2025-03-30,8448.84,Active
62868567,41546395,809570,Savings,2023-12-11,9833.27,Active
41667669,27456155,334053,Savings,2024-04-12,4036.67,Active
77122647,78836380,671858,Savings,2025-01-27,11508.22,Active
64212054,67334813,246316,Savings,2023-06-09,1676.67,Active
17353817,85947039,388389,Savings,2024-11-03,2257.0,Active
17189981,59470496,246316,Savings,2023-03-16,3376.14,Active
86690917,53768865,877572,Checking,2020-10-03,5315.59,Active
57527398,22442660,126225,Savings,2025-03-07,6952.07,Active
54479974,30601897,334053,Savings,2024-04-19,3219.84,Active
54905960,58946218,356787,Checking,2024-02-21,9096.97,Active
88919145,35549868,770487,Savings,2024-03-27,3126.49,Active
54676586,10285745,872246,Savings,2022-10-01,571.13,Active
16108651,49902259,872246,Checking,2025-09-22,1524.77,Active
95046764,83751604,719176,Savings,2021-08-05,21624.64,Active
21285997,53506740,334053,Savings,2025-01-26,2586.05,Closed
13651053,59175618,388389,Checking,2020-03-24,2922.36,Active
63360110,30044867,246316,Savings,2020-06-27,1348.75,Active
97897588,61207235,671858,Savings,2020-10-09,8371.87,Active
14273658,37810887,877572,Checking,2024-11-26,3405.28,Active
54774913,41546441,872246,Checking,2025-04-12,4590.97,Active
99273858,59405006,356787,Checking,2020-06-01,4496.65,Active
15977606,33813199,191161,Checking,2024-05-11,1093.26,Active
74271881,11924177,671858,Savings,2021-06-04,3123.79,Active
14044297,59536082,809570,Savings,2023-10-01,14975.15,Active
31935625,25948883,877572,Savings,2023-10-30,5710.21,Active
40455308,38597332,216739,Checking,2021-06-17,920.52,Active
53529740,86766291,388389,Checking,2023-03-13,4390.37,Active
42880141,16610003,719176,Checking,2021-11-16,3349.23,Active
55528591,11530962,207473,Savings,2025-10-10,3489.36,Active
90098829,85127896,671858,Savings,2022-08-06,2936.28,Active
45239437,59601627,246316,Checking,2024-07-04,2928.98,Active
60705939,10187483,877572,Savings,2024-02-15,4380.37,Active
18336917,79557343,216739,Savings,2022-11-23,2775.38,Active
47139992,68252389,809570,Checking,2025-07-16,10871.56,Active
15846553,66482920,388389,Checking,2024-01-10,2663.7,Active
99667099,61829865,876646,Savings,2021-05-13,1705.85,Active
13520028,38204138,809570,Savings,2023-09-29,14029.5,Active
36326556,54096618,334053,Savings,2024-10-19,3232.96,Active
59657375,62124792,809570,Checking,2025-12-06,3722.65,Closed
67226784,45740795,246316,Savings,2025-01-03,1000.01,Active
35900578,25588479,388389,Savings,2022-08-09,869.33,Active
78400676,56029957,388389,Checking,2022-08-17,4918.17,Active
29772964,19165963,334053,Savings,2024-04-14,8245.07,Active
68734125,12415757,770487,Savings,2023-11-24,15680.12,Active
42093745,26669845,877572,Savings,2021-04-08,4434.5,Active
61951154,57701144,719176,Savings,2025-05-26,5306.79,Active
81546420,73528090,126225,Savings,2023-03-25,3031.5,Active
29576374,76575519,876646,Savings,2020-07-05,9255.92,Active
46320822,40923937,872246,Checking,2021-09-14,6347.81,Active
67488952,14480164,388389,Savings,2024-08-07,2730.51,Active
33410233,42005288,388389,Savings,2020-06-23,3322.73,Active
66931900,19821354,809570,Savings,2025-03-29,1457.57,Active
17124542,47510315,876646,Savings,2020-05-17,2954.56,Active
53300415,20017969,388389,Savings,2024-03-28,6584.49,Active
29510847,27259700,877572,Savings,2023-03-22,6957.7,Active
82300095,82178869,719176,Savings,2023-07-19,2371.51,Active
43896002,48526132,719176,Savings,2021-09-09,1315.74,Active
39931075,34435908,877572,Savings,2021-09-11,3928.22,Active
85937347,82113350,246316,Checking,2025-10-28,42224.46,Active
82595012,68449103,246316,Savings,2024-03-11,6642.05,Active
67390662,59175761,877572,Savings,2023-12-29,1712.96,Active
70241479,24081236,388389,Savings,2021-04-27,3663.86,Active
73387208,84570966,126225,Savings,2022-03-06,2330.97,Active
60738755,76575577,719176,Savings,2020-12-26,6730.43,Active
35572944,67564383,334053,Checking,2022-05-15,1577.99,Active
50023634,99087206,388389,Savings,2023-06-23,10827.91,Active
85839065,97776492,876646,Savings,2020-11-25,4986.98,Active
61164770,86438765,872246,Checking,2024-09-13,4813.52,Active
66342115,43873135,246316,Savings,2023-07-24,1938.96,Active
90787050,97317744,809570,Savings,2025-09-27,2570.75,Closed
58707183,14021494,388389,Savings,2023-06-03,745.13,Active
70274292,98268023,671858,Savings,2023-05-27,4912.99,Active
15092983,21853048,216739,Savings,2022-02-12,12349.89,Active
51662071,28832631,191161,Savings,2023-11-25,2468.42,Closed
89246969,45183868,770487,Savings,2024-02-18,4230.15,Active
96193785,65827709,216739,Checking,2021-09-25,2526.43,Active
35114237,35386238,872246,Checking,2021-05-12,2373.37,Active
18205951,80049021,334053,Savings,2023-08-20,2076.33,Active
63261954,47838093,356787,Savings,2020-01-20,10172.63,Active
27970818,64942990,388389,Savings,2025-04-21,4534.57,Active
91114757,75363219,334053,Savings,2024-02-18,1894.42,Closed
52284679,62780310,246316,Savings,2024-01-09,8272.38,Active
50351368,47379354,207473,Checking,2025-10-15,1773.06,Active
39832841,60879771,809570,Checking,2021-07-12,6211.15,Active
98782474,31093658,719176,Savings,2022-06-04,4212.01,Active
75812104,23163805,216739,Savings,2023-11-26,11907.5,Active
52022541,78672798,388389,Checking,2022-03-01,5690.76,Active
17681679,30110622,334053,Savings,2024-06-19,7155.16,Closed
83381520,67236768,388389,Checking,2021-03-12,3532.96,Active
26070289,80081826,388389,Savings,2021-12-17,7175.21,Active
72011023,12809123,809570,Savings,2024-12-14,3753.06,Active
39275796,81752996,216739,Savings,2024-10-07,6940.68,Active
80792853,57734052,809570,Savings,2024-07-09,7715.78,Active
85708054,46822320,388389,Savings,2024-09-18,27851.56,Active
62672150,65106866,770487,Checking,2024-02-15,463.42,Active
88886552,74740662,877572,Savings,2022-06-25,2447.92,Active
24956185,86864823,770487,Savings,2021-11-08,1269.78,Active
16731418,91517881,126225,Savings,2024-12-13,2223.12,Active
56380698,42234816,246316,Savings,2025-07-25,6082.68,Active
30395679,65008578,246316,Savings,2020-07-12,5200.66,Active
11881759,39384006,356787,Savings,2021-02-03,14094.66,Active
30985503,75953095,809570,Savings,2021-03-09,10012.64,Active
62278943,97416138,719176,Checking,2025-10-13,6091.43,Active
41274659,80114635,246316,Checking,2023-05-12,34714.4,Active
10571044,11891665,876646,Checking,2021-10-11,3045.14,Active
29805861,88667093,356787,Checking,2024-03-21,12166.67,Active
79678758,23917526,216739,Checking,2023-11-12,2549.48,Active
36359460,23327702,246316,Checking,2020-03-09,1342.01,Active
31214888,77951960,876646,Savings,2022-11-15,3164.43,Active
77057321,19166168,388389,Savings,2022-02-16,10896.03,Active
78826793,79786969,334053,Savings,2025-09-03,2986.84,Active
68078891,31224800,246316,Checking,2024-02-15,5615.11,Closed
18566448,92271585,671858,Savings,2025-10-19,2610.84,Active
24005936,73167846,388389,Savings,2023-05-11,4511.47,Active
67489072,53015526,356787,Checking,2025-06-29,15253.73,Active
46779698,24245232,388389,Checking,2024-11-15,3568.06,Closed
43830580,46887920,216739,Checking,2021-01-23,14980.06,Active
25873717,63730676,809570,Checking,2020-11-28,1493.99,Closed
92523831,12547060,216739,Savings,2020-05-21,497.99,Active
62901560,60158970,388389,Savings,2023-09-10,1643.19,Active
78957881,26702843,334053,Savings,2025-04-04,6589.92,Active
94489914,40399871,126225,Checking,2025-09-02,3981.73,Active
54218045,46822400,126225,Savings,2020-04-08,3003.76,Active
76074301,58749952,216739,Checking,2025-09-09,1101.1,Active
58248518,38335496,809570,Savings,2025-11-30,1591.07,Active
23252296,66089993,809570,Checking,2022-12-02,2371.77,Closed
31149385,69104648,876646,Savings,2023-07-30,5628.29,Active
16436552,42529801,216739,Savings,2025-08-23,10297.22,Active
22793547,48100365,809570,Savings,2023-01-02,2599.46,Active
94719308,94401551,770487,Savings,2021-01-07,2409.21,Active
50056530,23622672,207473,Checking,2024-09-22,2060.76,Closed
89574740,60683282,216739,Savings,2021-10-10,13654.73,Active
53005652,14742547,388389,Checking,2022-12-01,3937.85,Active
58707284,55571477,388389,Savings,2020-10-29,6084.28,Active
40029529,90436654,207473,Checking,2025-08-09,3538.52,Active
81546589,72676402,876646,Savings,2024-08-27,1206.09,Active
61918559,27096116,809570,Savings,2021-04-03,3599.67,Active
77942112,90141753,126225,Savings,2020-03-18,8904.66,Active
79711586,43480128,388389,Savings,2022-01-11,3674.7,Active
13127012,13890627,809570,Checking,2025-03-18,3726.76,Active
67784036,12842057,388389,Savings,2021-08-20,1291.4,Active
43666789,55014479,388389,Savings,2021-11-04,19751.61,Active
11193704,50033747,334053,Savings,2024-05-03,4806.25,Active
53300586,17429594,809570,Savings,2020-02-17,13790.82,Active
67521898,13923420,334053,Checking,2024-10-04,3225.77,Active
97275248,83326051,877572,Savings,2025-10-25,8845.0,Active
83086704,98301030,207473,Savings,2025-05-16,5931.61,Active
20008306,81851494,877572,Savings,2023-03-28,8634.52,Active
50875760,84669543,809570,Checking,2024-04-11,45976.74,Active
83512697,66385000,246316,Checking,2024-03-11,5609.73,Active
62868860,26768494,207473,Savings,2022-08-21,4031.55,Active
74927485,71922800,356787,Savings,2022-12-07,8843.94,Active
19713408,40924274,334053,Checking,2024-04-12,2407.4,Active
77876608,64550003,809570,Savings,2022-12-22,2410.22,Active
44518787,66843764,126225,Savings,2024-12-29,4955.03,Closed
50253188,44168310,246316,Savings,2021-10-30,5133.15,Active
23580039,97023094,809570,Savings,2021-02-14,29221.03,Active
65359240,53376122,872246,Checking,2025-05-20,1790.11,Active
80792969,35026042,809570,Savings,2020-03-18,5286.29,Closed
55561612,58913920,191161,Savings,2022-08-14,5783.44,Active
88788368,72021120,671858,Savings,2023-08-14,1884.28,Active
19746193,23295108,246316,Savings,2025-11-15,7954.8,Active
65621394,58225799,872246,Savings,2025-12-18,9167.39,Active
37539218,90535052,126225,Savings,2022-05-16,5935.75,Active
18337172,19297424,809570,Checking,2021-10-21,10472.06,Active
33181077,31159443,334053,Savings,2023-06-23,1231.33,Active
77417880,99742868,809570,Savings,2024-03-13,11865.49,Active
11652505,88208534,334053,Savings,2022-01-16,2174.74,Active
32689560,66843801,126225,Savings,2024-11-02,1062.14,Active
42945946,78247066,334053,Savings,2020-03-08,5545.13,Active
38358428,67400859,334053,Savings,2023-10-14,688.08,Active
24956315,21951646,719176,Checking,2022-07-04,5233.86,Active
68177314,23983263,671858,Savings,2024-08-18,8207.13,Active
75713961,88503456,877572,Savings,2023-10-17,1313.31,Active
22171050,18281633,388389,Savings,2021-08-04,2119.71,Active
14437803,87323806,809570,Savings,2025-09-10,6954.81,Active
59428272,55145632,246316,Savings,2020-07-02,2233.75,Closed
18894259,82080932,809570,Checking,2024-11-08,1587.38,Active
18697653,97940649,246316,Savings,2025-07-28,3493.39,Active
41504183,53736624,334053,Checking,2020-12-24,12318.69,Active
84725177,93942961,877572,Savings,2022-12-12,18057.81,Active
10603962,23819442,872246,Savings,2021-03-22,1997.67,Active
23416249,37745842,809570,Savings,2020-09-03,11790.62,Active
68341179,75232435,334053,Savings,2020-03-27,12636.75,Active
81382845,71529651,877572,Savings,2025-07-08,26359.77,Active
27741630,48657589,334053,Savings,2024-07-26,3894.1,Active
50253247,28374200,719176,Savings,2024-01-20,12273.83,Active
70864315,56685753,334053,Savings,2020-07-26,5970.8,Active
11849156,44561594,877572,Savings,2024-02-26,2629.39,Active
25415109,12842173,334053,Savings,2022-07-28,7531.54,Active
88886725,40793278,246316,Checking,2020-10-23,921.54,Active
75517389,12907711,207473,Checking,2020-07-30,12381.24,Active
56053199,86668481,876646,Savings,2020-04-09,20281.98,Active
42683856,55768263,719176,Checking,2024-08-15,8282.46,Active
19156432,19133640,877572,Savings,2024-12-01,3587.01,Active
13454802,87749832,334053,Savings,2025-06-25,3693.04,Active
37604821,69661898,216739,Savings,2023-08-26,16744.15,Active
32034262,75887818,809570,Checking,2020-12-20,1482.48,Active
60476888,85587150,809570,Savings,2024-12-28,12320.78,Closed
51432920,54326480,876646,Savings,2022-01-01,21109.78,Closed
12340699,37647573,876646,Savings,2023-09-03,7580.87,Active
70307294,70677720,770487,Checking,2022-11-14,9288.16,Active
38587870,73495769,809570,Checking,2025-08-09,210.8,Active
62279136,32306394,246316,Checking,2020-07-22,11728.27,Active
11455970,25588958,356787,Savings,2023-03-03,6362.24,Active
89935336,87291103,876646,Savings,2020-06-24,6027.0,Active
77942249,49444065,216739,Savings,2022-05-14,4943.86,Active
61361650,18281699,216739,Savings,2025-03-05,14705.72,Active
48057842,15791334,216739,Savings,2022-02-28,17483.61,Active
91213300,13726953,334053,Savings,2022-03-21,7068.75,Active
29183476,91649257,126225,Checking,2020-09-18,1374.73,Active
77909494,63567083,877572,Savings,2021-12-21,7256.65,Active
42028534,67007723,216739,Savings,2023-01-12,4922.41,Active
64278008,26768623,126225,Savings,2020-05-05,12441.24,Active
71454201,68351230,207473,Savings,2024-08-07,5175.47,Active
44355066,73659648,334053,Savings,2020-11-04,6832.57,Active
22498811,80180481,246316,Checking,2025-11-21,1559.93,Closed
78040572,46200066,388389,Checking,2023-11-25,3158.51,Closed
23514621,86013187,809570,Savings,2025-05-25,1744.43,Active
72895999,46003469,388389,Savings,2025-07-18,2786.78,Active
35769858,67040531,876646,Checking,2025-05-25,5854.27,Active
23547398,80966932,770487,Savings,2020-05-05,9691.22,Closed
22531591,94958868,216739,Checking,2024-04-27,3158.7,Active
25873929,24179990,876646,Checking,2021-02-09,8277.66,Active
51826187,78902551,388389,Checking,2022-12-30,4472.51,Closed
71749132,48100633,719176,Savings,2021-08-26,2738.45,Active
17223183,44823837,877572,Savings,2024-04-11,7956.53,Active
54087187,67859742,388389,Savings,2025-11-08,2542.19,Active
30821907,34370847,356787,Savings,2023-05-02,9538.37,Active
59657750,50689313,719176,Checking,2022-03-15,2295.31,Active
91999767,97154338,334053,Checking,2024-08-14,44716.76,Closed
95079958,82834723,334053,Savings,2023-11-29,22240.72,Active
19910171,31782187,334053,Savings,2020-04-17,1881.1,Active
13946400,87323948,334053,Savings,2022-11-11,3904.82,Active
29478432,21067060,356787,Savings,2022-05-18,2910.52,Active
24792610,95581492,770487,Savings,2025-04-21,3066.62,Active
27643426,41252151,334053,Savings,2025-02-14,10197.77,Active
57658917,34174266,334053,Savings,2024-03-15,7651.2,Active
77745702,44266814,356787,Savings,2022-03-13,2777.9,Active
34065959,85226816,334053,Checking,2022-02-01,3121.64,Closed
39243304,93615432,876646,Savings,2020-10-10,9195.55,Active
65588777,65860938,216739,Savings,2025-08-14,1995.59,Active
38456871,90961227,126225,Checking,2023-03-18,6742.15,Active
99372587,15332684,719176,Savings,2023-01-24,2446.22,Active
30658092,52426064,207473,Checking,2020-10-08,8988.92,Active
62115368,93254992,207473,Savings,2022-07-13,3205.93,Active
93605420,27587923,877572,Savings,2021-10-09,5001.06,Active
98291249,99415383,126225,Savings,2022-06-08,3376.6,Active
86986290,96597336,207473,Savings,2021-01-08,14903.47,Active
60509747,77624665,334053,Checking,2022-03-17,10401.37,Active
57134648,84964698,809570,Savings,2022-04-04,6267.29,Closed
87248441,74446169,216739,Savings,2022-05-10,10258.15,Active
91541051,80868705,388389,Savings,2023-07-20,7100.56,Active
31903291,26998114,388389,Savings,2025-07-19,2791.72,Active
46943803,20116838,719176,Savings,2025-04-29,2154.86,Active
21417536,33224038,877572,Savings,2024-01-01,5303.68,Active
88198725,72775027,356787,Savings,2021-07-08,6088.37,Active
56741448,42300789,877572,Savings,2023-09-11,4029.89,Active
89837128,28439928,877572,Savings,2022-06-08,1727.8,Active
73616970,73495929,334053,Savings,2025-01-04,6128.55,Active
27119180,18412922,334053,Savings,2025-10-26,7224.56,Active
74829389,12285307,809570,Checking,2022-08-30,17066.62,Active
16535119,26572154,216739,Checking,2020-10-11,4221.7,Active
64048729,94205311,877572,Savings,2021-07-30,1630.58,Active
19779161,43873665,126225,Savings,2020-08-18,5351.61,Closed
25939547,18904455,207473,Savings,2022-05-03,5614.5,Active
20106846,24180104,388389,Checking,2023-10-25,2834.26,Active
65588835,48002449,126225,Checking,2023-06-03,3071.1,Active
83644004,68023698,126225,Checking,2020-03-07,11157.56,Active
60313190,74216857,216739,Savings,2024-11-16,3868.23,Active
20565606,63468955,770487,Savings,2024-01-07,4342.7,Active
30002792,20116892,356787,Savings,2020-08-30,1902.89,Active
53235309,45872541,809570,Savings,2021-01-23,5450.03,Active
10276462,84506012,809570,Savings,2022-10-08,2585.69,Active
74894960,21394849,877572,Savings,2021-05-17,2463.09,Closed
54447728,36566437,877572,Checking,2022-10-07,1390.71,Active
56675957,48461227,126225,Checking,2021-07-02,7677.25,Active
15683194,38139308,334053,Savings,2020-05-05,2743.47,Active
98913917,30700975,207473,Checking,2021-02-03,2246.65,Active
87477887,34993585,126225,Checking,2022-03-13,3907.23,Active
79679105,18642360,876646,Savings,2022-05-11,9291.74,Active
42880642,91256248,246316,Savings,2024-12-11,7159.59,Active
93900419,97121722,809570,Checking,2025-04-17,5570.47,Closed
14175876,49378747,388389,Savings,2021-01-31,11902.05,Active
66178694,56358332,246316,Checking,2025-07-06,11029.32,Active
67260039,84899260,216739,Savings,2023-07-04,5585.01,Active
77778568,20411841,216739,Savings,2020-08-18,7071.37,Active
72404615,39908806,356787,Savings,2023-06-03,9092.4,Active
56381062,57439688,246316,Savings,2021-08-01,8269.78,Active
34852490,82081225,809570,Checking,2021-10-25,9781.9,Active
55660172,19559882,246316,Savings,2025-02-02,2618.86,Active
66375305,20510156,207473,Savings,2023-02-27,3602.86,Active
90001038,59766229,334053,Checking,2025-04-06,7900.63,Active
76959377,19756509,809570,Checking,2024-11-23,6387.96,Closed
21253777,49608166,872246,Checking,2022-03-11,16329.08,Active
12865171,47085033,388389,Savings,2022-04-09,19876.09,Active
19615379,26342891,877572,Checking,2023-11-02,10637.15,Active
16928405,79001070,388389,Savings,2025-09-16,763.56,Active
62574229,18773494,207473,Savings,2020-05-10,10188.98,Active
99176082,16479738,877572,Savings,2022-10-17,4642.84,Active
72175251,14480895,877572,Savings,2024-07-19,2234.74,Active
77614749,40302080,809570,Savings,2020-02-09,3019.47,Active
68898462,41022978,191161,Savings,2024-01-01,1696.23,Active
63524513,87881220,809570,Savings,2020-12-02,11981.42,Active
37703331,53442056,719176,Savings,2021-03-14,8199.53,Active
99602084,19035657,872246,Savings,2024-02-05,941.23,Active
23776932,87488011,809570,Savings,2024-02-24,5568.75,Active
59723427,44660244,191161,Checking,2023-09-25,1646.82,Active
34819751,21427734,770487,Savings,2021-09-22,11074.15,Active
24497831,43972118,671858,Savings,2021-10-15,1792.81,Active
25513639,90273307,877572,Savings,2021-12-12,600.57,Active
85872298,51901979,246316,Savings,2021-05-20,6836.31,Active
21319336,92435995,207473,Savings,2022-10-15,9144.81,Active
30396086,95745565,191161,Savings,2021-10-05,10406.18,Active
35802809,91551265,216739,Checking,2025-05-27,4125.6,Active
10800826,66909730,207473,Checking,2020-02-14,4933.51,Active
54906555,46593570,334053,Checking,2023-05-20,8195.59,Active
55299771,41776674,216739,Savings,2025-11-02,12729.27,Active
10211005,39286313,388389,Checking,2025-10-10,4193.28,Active
73060026,76281388,207473,Savings,2024-10-23,3583.04,Active
19877566,76871217,388389,Checking,2021-03-25,604.11,Closed
39079617,48068147,876646,Checking,2025-08-25,5326.97,Active
93933251,53704248,191161,Savings,2023-03-16,16805.09,Active
42192584,37582393,388389,Savings,2021-12-16,9574.04,Active
22925004,97089084,719176,Savings,2020-12-25,12604.64,Active
17780433,34928189,334053,Checking,2023-05-29,7688.66,Active
37474003,81131069,334053,Savings,2025-10-04,6570.72,Active
70700759,15496767,246316,Savings,2021-10-05,2136.75,Active
20205272,18052671,872246,Checking,2020-08-07,2844.41,Active
74960600,26736193,876646,Checking,2025-05-16,1628.99,Active
49041112,52196926,207473,Checking,2023-08-27,9199.0,Active
97373916,58422861,877572,Savings,2025-10-13,14365.33,Active
63721182,36206158,216739,Savings,2021-12-08,14443.59,Active
52973285,12318287,719176,Checking,2023-07-01,1922.49,Active
28692200,17364562,877572,Savings,2023-09-21,3791.59,Active
67358443,78476884,809570,Savings,2021-04-10,1221.46,Active
31969004,50296404,876646,Checking,2024-07-03,1811.28,Active
73518827,64452182,877572,Checking,2020-09-13,1777.24,Active
11292395,10221153,877572,Savings,2020-08-17,17569.07,Active
63950577,56260195,876646,Savings,2024-11-29,3675.11,Active
29675252,68744804,719176,Checking,2022-05-11,1546.16,Active
64278261,20969062,872246,Savings,2021-10-06,2507.49,Active
64474871,72021607,246316,Savings,2023-01-17,13005.76,Active
37146361,44529256,334053,Checking,2022-03-20,5698.42,Active
76926715,40269419,872246,Savings,2024-10-08,1988.44,Active
93769469,78673518,207473,Savings,2025-04-23,15797.7,Active
11980544,44201583,216739,Savings,2024-10-31,7297.66,Active
62836483,93091442,216739,Savings,2025-12-02,2475.66,Active
76107524,15496821,246316,Savings,2023-05-27,4735.64,Active
20107015,17954437,876646,Checking,2022-09-15,11309.47,Active
96227082,97154693,207473,Savings,2021-06-09,2643.35,Active
97472266,15824520,126225,Savings,2020-01-22,7600.44,Active
79941392,17954442,246316,Savings,2024-03-01,6423.8,Active
97832728,36009611,191161,Savings,2022-10-14,2333.26,Active
72732444,97810060,719176,Checking,2024-07-19,2153.79,Active
52154143,66549389,809570,Savings,2022-06-08,633.66,Active
75255584,48395922,356787,Checking,2024-07-09,3387.01,Active
92393249,60782232,809570,Savings,2023-01-18,922.71,Closed
30527268,77002394,207473,Savings,2023-10-28,1003.35,Active
71126821,94336667,770487,Savings,2022-03-18,738.32,Active
77123368,95254174,246316,Checking,2023-11-03,3571.15,Active
52973352,56915616,719176,Savings,2021-02-23,10447.32,Active
73518894,32765606,388389,Savings,2023-08-22,1718.4,Active
50286384,88274599,388389,Savings,2022-06-26,13050.89,Active
58707760,76084903,388389,Checking,2024-04-28,13550.66,Active
65752880,36304554,246316,Checking,2024-02-18,1998.23,Active
90328885,38336171,126225,Savings,2023-07-30,811.84,Active
35573558,88667822,246316,Savings,2025-07-03,12143.19,Active
37867319,31585967,216739,Savings,2021-04-19,14959.27,Active
92229430,12416691,388389,Checking,2025-02-13,4741.41,Active
19320635,77526710,207473,Checking,2025-07-02,5282.63,Active
37113660,98760377,388389,Savings,2022-02-28,5157.99,Active
23777085,32765630,876646,Checking,2020-06-10,6901.91,Active
84889410,44398271,207473,Savings,2020-06-12,10237.0,Active
78630725,46429889,246316,Savings,2025-04-07,3169.02,Active
91082568,81524417,334053,Checking,2023-01-11,1796.14,Active
59789130,83064515,671858,Savings,2021-10-05,3189.39,Active
41504589,16479940,877572,Checking,2021-03-05,5270.48,Active
61853517,84276934,191161,Savings,2024-12-27,8036.94,Active
74436431,71399117,809570,Savings,2022-07-08,11436.57,Active
86953807,33126099,216739,Savings,2021-10-30,9226.79,Active
63262545,60683991,671858,Checking,2020-04-14,6579.43,Active
56184665,28178143,216739,Savings,2020-01-23,3124.12,Active
10637150,49346274,126225,Savings,2025-09-21,939.24,Active
81350495,17266405,356787,Savings,2022-10-01,10681.52,Active
43601760,23787241,356787,Savings,2021-04-24,26692.19,Active
17059683,71038707,191161,Savings,2023-10-10,3491.5,Active
74829669,37156596,388389,Savings,2025-06-01,12597.17,Active
77254510,54490871,126225,Savings,2023-10-25,1279.5,Active
55463793,79656698,216739,Savings,2024-07-29,3172.11,Closed
60673912,40466171,388389,Savings,2020-05-27,1600.26,Closed
38096761,11040510,356787,Savings,2024-01-05,21087.56,Active
74436474,71563006,388389,Savings,2025-11-15,2669.27,Active
97931131,44168961,719176,Savings,2023-01-18,5359.44,Active
92589947,58324739,719176,Checking,2025-07-31,6525.35,Active
41045886,14022410,246316,Savings,2022-10-17,26544.83,Closed
46845823,55736075,191161,Checking,2021-05-21,2296.8,Active
11652992,81098507,216739,Checking,2021-01-28,10625.4,Active
78663550,84178712,719176,Checking,2020-07-10,2259.57,Active
30691202,35387160,671858,Checking,2020-01-25,4419.16,Active
45535110,13039386,334053,Savings,2021-04-19,36508.2,Active
66441100,96466715,216739,Savings,2025-06-16,5510.45,Active
74731404,35583776,876646,Savings,2021-09-26,10888.99,Active
60968846,61929252,334053,Checking,2025-05-18,6074.37,Closed
76861330,62519077,809570,Savings,2023-02-22,6029.32,Active
83054486,71202599,356787,Checking,2022-11-02,9491.95,Active
51007384,45381415,876646,Savings,2021-02-13,2226.86,Active
48189338,45643561,872246,Checking,2023-04-20,6822.86,Active
81088410,41187115,207473,Checking,2024-04-30,1164.8,Active
31281052,73332523,246316,Savings,2024-05-29,2003.04,Active
75878303,66221870,216739,Checking,2020-10-30,15836.86,Active
94130079,28604214,334053,Savings,2023-08-30,2288.14,Active
82923432,84637495,809570,Checking,2022-09-06,10295.76,Active
84758440,24606520,872246,Checking,2021-08-15,168.62,Active
28069802,28309304,877572,Checking,2025-03-18,2720.7,Closed
52907949,55146299,388389,Savings,2025-07-17,3152.5,Active
80891822,76937021,719176,Savings,2024-08-29,2846.35,Closed
18599853,21100351,809570,Checking,2023-09-04,4454.8,Active
98455472,39778113,809570,Checking,2021-02-04,6920.25,Active
38522803,65173320,719176,Savings,2025-11-17,3532.62,Active
85675955,70514507,216739,Savings,2020-09-03,7140.1,Active
55988149,39024462,809570,Savings,2023-06-21,4771.34,Closed
96587707,65304399,334053,Savings,2020-06-22,14940.66,Closed
86953917,94795600,126225,Checking,2025-07-15,19388.83,Active
39866303,24409940,876646,Savings,2022-04-01,7132.33,Active
80367553,32995157,334053,Savings,2023-07-01,12974.89,Active
68767682,73201497,876646,Checking,2022-03-19,5265.95,Active
30822341,13891417,388389,Savings,2020-03-29,13187.92,Active
43896774,71726937,872246,Savings,2022-01-27,5735.24,Active
53727176,39712606,216739,Savings,2022-03-22,4262.29,Active
22368202,95975263,246316,Savings,2023-10-24,817.1,Active
66506705,13432671,671858,Savings,2020-05-27,6819.36,Closed
49565649,24508258,207473,Checking,2023-01-10,6792.61,Active
45141971,86275940,216739,Savings,2022-07-25,1783.62,Active
45273044,43743082,334053,Savings,2023-07-07,2941.69,Active
99536852,80410475,126225,Checking,2025-11-05,1225.66,Closed
62738391,93878124,809570,Checking,2024-07-23,9893.01,Active
24170457,18380663,356787,Savings,2024-03-21,2672.38,Active
34230234,71038841,126225,Savings,2024-09-14,9778.36,Active
86167516,64812923,126225,Checking,2024-11-02,3214.72,Active
53989340,51902341,809570,Savings,2022-11-01,2228.98,Closed
49631198,87226248,126225,Savings,2024-05-24,12832.92,Active
39243743,20936586,246316,Savings,2025-05-07,2861.92,Active
22532064,73398160,356787,Checking,2022-07-30,12553.54,Active
97243106,95909776,877572,Checking,2022-11-27,2552.81,Active
67227618,45578130,216739,Savings,2024-10-07,4308.39,Active
97308644,78542740,334053,Savings,2022-10-08,15947.89,Active
71127013,20051862,877572,Checking,2023-10-11,6433.73,Active
40914918,84408215,719176,Savings,2025-11-18,11148.37,Active
41799653,55015319,872246,Checking,2023-11-02,33671.97,Active
10080232,89847709,334053,Savings,2024-07-03,4423.5,Active
63721448,41973667,356787,Savings,2021-09-20,11473.56,Active
26202090,74610599,809570,Savings,2022-05-25,4948.18,Active
21155828,84146093,809570,Savings,2020-07-31,5702.83,Active
56512501,27228078,216739,Savings,2025-11-08,3408.75,Active
21712886,51541933,388389,Savings,2020-07-02,5643.19,Active
89378806,36960177,872246,Savings,2024-02-26,1923.2,Active
33083385,35289010,877572,Savings,2021-06-04,14295.99,Active
10997753,51705779,876646,Savings,2023-05-19,52299.76,Active
13225980,25065401,388389,Savings,2020-10-30,6214.06,Active
15945726,84277180,872246,Savings,2022-06-22,3255.15,Active
56446975,87128000,809570,Savings,2023-07-13,25244.53,Active
89608199,90372034,809570,Checking,2022-09-09,3786.83,Active
96292873,10483656,809570,Checking,2025-07-26,3396.83,Active
34164746,55605194,334053,Savings,2024-07-08,6277.66,Active
52580365,78313420,809570,Savings,2025-09-28,3508.9,Active
48746511,39155667,671858,Savings,2020-09-02,15397.91,Active
89083928,57210837,876646,Savings,2022-05-11,1139.17,Active
31019034,15300565,719176,Checking,2020-03-12,6411.11,Active
32296986,11958231,719176,Checking,2023-07-01,20172.63,Active
66801692,73430999,216739,Savings,2020-02-28,568.11,Active
27971613,32307160,388389,Savings,2023-02-18,21634.77,Active
73191457,15497186,191161,Savings,2021-01-08,6482.12,Active
89968674,21493731,356787,Savings,2020-09-13,27758.12,Active
21516323,12023781,671858,Savings,2024-12-25,22834.96,Active
90001444,94238694,356787,Checking,2020-07-13,1441.9,Active
45371425,65828839,216739,Savings,2024-10-03,34453.4,Active
30756902,25130984,216739,Checking,2022-06-23,1936.14,Active
98455590,55113703,809570,Checking,2023-09-04,7496.36,Active
47665192,77068267,334053,Savings,2022-12-31,568.56,Active
85020711,66844655,877572,Savings,2024-01-01,9637.53,Closed
15847459,88668146,334053,Checking,2023-03-06,7870.87,Active
72994859,90994675,246316,Savings,2025-04-29,22905.26,Active
47665195,70809589,671858,Savings,2024-12-17,9119.51,Active
72538184,32143355,126225,Checking,2022-02-11,1679.63,Active
18862127,68057084,872246,Savings,2021-01-08,10072.76,Active
81842223,17266689,216739,Savings,2022-08-27,3152.56,Active
64802865,53803022,877572,Savings,2020-06-13,32449.68,Active
48451635,74348569,246316,Checking,2025-06-27,7642.98,Active
75321395,63502363,388389,Checking,2020-01-10,3773.61,Active
13717556,69498908,216739,Savings,2021-10-19,13756.68,Active
91312182,69236768,388389,Savings,2022-07-17,5437.03,Active
29020211,37353505,877572,Savings,2020-11-17,26092.76,Active
16994362,67860520,876646,Checking,2024-05-05,1803.59,Active
11063355,64944172,388389,Checking,2025-07-04,3063.77,Active
97144892,70678573,719176,Savings,2023-06-20,12382.29,Closed
82300993,13760562,246316,Checking,2024-10-12,3526.64,Active
14798914,29227061,388389,Checking,2020-05-26,11589.38,Active
69587011,49641527,216739,Savings,2025-01-10,8966.95,Active
35606598,12122168,216739,Checking,2022-02-24,2422.12,Active
26103879,80541755,388389,Savings,2021-10-17,6877.33,Active
37867592,21461053,126225,Checking,2023-03-01,4451.8,Active
10473543,47249475,126225,Savings,2023-07-25,2906.47,Active
82104404,86964296,246316,Savings,2023-01-27,9229.12,Active
61395031,18970696,216739,Checking,2021-10-01,2506.25,Active
42389595,34043977,719176,Savings,2023-09-26,5491.61,Active
75812955,22444108,876646,Checking,2025-08-23,28721.81,Active
86626397,51148878,334053,Savings,2021-01-16,6131.17,Active
23941214,60520526,719176,Savings,2023-01-22,3032.34,Closed
49303646,21952590,388389,Savings,2020-08-05,1306.0,Closed
80859233,54229072,719176,Savings,2023-01-02,1241.75,Active
22564964,13432912,126225,Savings,2020-07-20,1941.52,Active
51630181,65992782,216739,Savings,2025-03-04,3956.52,Active
13619300,85555285,126225,Savings,2022-12-10,560.19,Closed
48320618,94009435,216739,Savings,2023-11-15,4310.9,Active
28627052,16808027,809570,Savings,2021-01-01,1414.25,Active
99635309,65435742,191161,Savings,2020-02-13,4505.46,Active
23089264,74807392,770487,Savings,2022-10-11,4722.2,Active
16273521,37124192,216739,Savings,2021-09-07,7015.49,Active
31608946,41613410,388389,Savings,2023-11-03,5018.45,Closed
43765873,26736740,216739,Savings,2021-09-18,2577.34,Active
20107376,97646698,388389,Checking,2023-11-29,2082.99,Closed
53694582,21756011,356787,Savings,2025-04-04,1460.23,Active
63426682,43939947,770487,Checking,2024-12-30,16516.7,Active
54251646,48986219,246316,Checking,2021-08-13,12450.87,Active
96063614,17430638,334053,Checking,2025-05-11,3459.81,Active
61886591,87554156,719176,Savings,2023-07-16,5115.62,Active
28168327,28604531,388389,Savings,2021-08-31,4686.45,Active
23056527,40171639,872246,Checking,2023-07-24,15515.04,Active
22565008,89684093,671858,Savings,2023-05-21,3510.99,Active
78139535,96434303,719176,Savings,2020-05-04,721.32,Closed
42127507,18708607,388389,Checking,2025-02-10,8057.4,Active
23646357,28440709,334053,Savings,2022-02-15,1309.31,Active
67129494,38500488,216739,Savings,2023-02-07,13092.46,Active
24268949,33814675,356787,Checking,2023-06-12,2028.6,Active
12177558,42530972,334053,Checking,2025-08-05,6892.49,Active
47435929,84506787,388389,Savings,2022-06-05,3960.61,Active
36982938,89290925,334053,Savings,2020-09-05,4097.3,Active
57954460,47544493,356787,Savings,2022-07-14,8573.91,Active
27414684,88799407,809570,Checking,2023-04-27,5632.12,Active
10375330,10156208,356787,Checking,2021-07-30,3450.42,Active
55005348,26278067,671858,Savings,2020-06-20,3760.72,Active
84267172,53639349,770487,Savings,2021-10-04,1518.74,Active
13226150,50067637,334053,Savings,2022-09-02,5704.59,Active
89870500,14448823,216739,Checking,2023-07-28,6759.21,Active
81711273,34502841,334053,Savings,2025-03-03,83758.66,Active
46059690,60061882,334053,Savings,2023-01-29,5771.56,Active
34918570,10352830,216739,Savings,2025-02-26,4485.79,Active
91541675,13269183,876646,Checking,2020-11-06,1892.31,Active
97833129,43088063,334053,Checking,2020-07-31,3585.49,Active
75124912,48691398,671858,Savings,2022-06-19,5121.12,Active
46354609,17201351,877572,Savings,2023-03-13,2071.27,Active
75419829,79198409,246316,Savings,2022-10-26,9222.7,Active
93999287,21985487,207473,Savings,2023-09-03,4083.08,Active
40718522,93190352,126225,Savings,2020-02-19,8966.7,Active
21582011,56490192,671858,Checking,2020-02-27,2292.66,Active
35573950,21100757,126225,Savings,2022-03-08,6265.2,Active
92688574,93976791,872246,Checking,2023-06-19,4131.99,Closed
94621886,96106714,334053,Checking,2024-04-27,15853.06,Active
92000458,91355359,719176,Savings,2021-04-05,5185.5,Active
19550416,25884898,877572,Savings,2023-09-05,1604.79,Active
95965392,87685354,809570,Checking,2025-08-16,4017.91,Active
48779473,85096683,809570,Savings,2022-05-06,1051.34,Active
65753298,90011900,877572,Savings,2022-03-08,6547.5,Active
97898707,35453181,877572,Savings,2021-08-01,17428.06,Active
26104022,77854979,216739,Savings,2025-02-03,6192.39,Active
24039638,73201930,877572,Savings,2023-06-01,6392.38,Active
31379674,73562378,872246,Savings,2022-12-07,7072.53,Active
90165468,25229580,809570,Savings,2022-09-16,2252.05,Closed
56742109,42891532,126225,Savings,2020-06-04,2529.41,Active
97308898,85227790,877572,Checking,2022-10-13,8018.89,Active
80466148,89422104,872246,Savings,2024-08-13,4069.03,Active
77451493,38631712,671858,Savings,2021-01-07,33331.98,Active
42848486,27261216,246316,Savings,2021-05-16,18350.24,Active
34066663,89422115,246316,Savings,2024-02-14,2534.98,Active
10440936,61995300,216739,Savings,2025-07-22,2609.25,Active
65622246,96368939,191161,Checking,2024-12-08,1468.48,Active
58413288,16906543,671858,Savings,2020-02-06,2523.99,Active
81973483,18708786,671858,Savings,2020-08-25,3974.63,Active
72437998,55998771,246316,Savings,2023-01-05,6452.53,Active
64147695,80935218,334053,Savings,2024-07-21,4482.49,Active
75419891,15825206,671858,Savings,2020-04-15,31488.66,Active
87675137,21756221,334053,Savings,2025-06-29,11563.45,Active
47894785,56162622,876646,Savings,2020-05-08,7794.44,Active
54317316,54294849,809570,Checking,2024-02-12,8023.24,Active
64508165,51411266,872246,Checking,2023-11-21,792.6,Active
11424006,79198531,216739,Savings,2024-11-09,607.07,Active
97997063,28997957,216739,Checking,2021-03-30,4909.1,Active
51040520,47348037,876646,Savings,2023-08-04,11223.0,Closed
70340868,34109775,207473,Savings,2020-01-14,3149.14,Active
53727499,89880913,719176,Savings,2020-10-10,7082.35,Active
68866317,33421654,809570,Savings,2020-07-27,9761.29,Active
46256397,72218967,877572,Checking,2023-08-11,12633.28,Active
25481488,35486042,126225,Savings,2022-05-31,3163.12,Active
66703633,13171035,191161,Savings,2022-07-15,4136.75,Active
82432275,26638686,207473,Checking,2024-08-30,3573.01,Active
31084819,46627167,388389,Savings,2020-09-21,2635.1,Closed
91181333,72808806,872246,Savings,2020-11-01,5747.2,Active
61657366,44956007,334053,Savings,2023-12-23,1827.28,Active
29610265,10844520,719176,Savings,2020-12-12,16559.1,Active
31379741,89356649,388389,Checking,2022-11-04,4566.32,Active
24072478,57112940,388389,Savings,2022-03-24,4142.97,Active
12439839,64026991,207473,Savings,2023-05-29,1111.34,Active
93245732,55769457,876646,Checking,2022-09-15,1607.28,Active
34033956,60455290,334053,Savings,2025-07-20,12777.08,Active
27513127,14743932,216739,Savings,2020-01-20,151474.15,Active
42193192,55703940,809570,Savings,2023-01-18,10003.71,Active
10768681,33847686,719176,Savings,2025-07-09,3917.96,Active
10309930,51411338,216739,Savings,2024-08-26,2769.01,Closed
18469163,72186251,216739,Savings,2023-03-20,1774.44,Active
83579176,93452683,246316,Savings,2023-03-19,1204.99,Active
17453358,94665098,246316,Savings,2021-08-01,6747.8,Active
77648175,47905171,126225,Checking,2021-06-25,5442.02,Active
73912626,86374806,876646,Savings,2025-08-16,2494.91,Active
99045683,31750551,671858,Checking,2023-08-16,4714.73,Closed
27185460,22870422,872246,Savings,2024-01-07,6075.23,Active
58315061,10123673,207473,Savings,2021-02-15,1047.52,Active
73421110,13597082,246316,Savings,2021-12-23,12346.37,Active
20336951,18479515,388389,Checking,2022-07-05,18501.96,Active
61526329,10746268,191161,Savings,2021-11-07,5089.13,Active
87413053,14940572,809570,Savings,2021-01-05,29391.62,Active
47501633,23394719,877572,Savings,2020-07-31,8653.94,Active
58118466,23886243,388389,Savings,2021-10-01,22220.8,Active
99799364,99219877,877572,Checking,2025-06-15,4229.69,Active
86692166,76413353,191161,Savings,2021-01-14,12400.22,Closed
36000074,28670383,719176,Savings,2024-04-19,6449.04,Active
49467728,74512815,719176,Savings,2021-05-24,2451.67,Active
45371728,21199291,246316,Checking,2023-01-24,9875.06,Active
25416017,12646846,334053,Checking,2020-05-10,13059.1,Active
53072211,29096390,809570,Savings,2022-05-28,5323.44,Active
80335189,56654278,876646,Savings,2023-08-27,4682.09,Active
78336344,27949517,126225,Savings,2020-03-01,14022.29,Active
97472857,43973071,334053,Savings,2020-01-15,1982.19,Active
18010458,86833621,126225,Savings,2022-02-14,2756.64,Active
42750299,19954137,809570,Savings,2024-04-12,3545.86,Active
63656283,22870492,877572,Savings,2020-01-07,3722.95,Active
32854365,46463454,809570,Savings,2022-03-24,1789.41,Active
68964701,16218599,388389,Savings,2020-08-01,1989.41,Active
11424104,69859815,356787,Checking,2024-04-11,9724.76,Active
88068457,33290727,356787,Savings,2023-01-17,3532.44,Active
99275114,98531821,388389,Checking,2021-02-15,1021.2,Active
80531819,26278384,719176,Savings,2024-08-27,5480.16,Active
54120811,85654005,126225,Savings,2024-11-15,8913.81,Active
16830831,12646902,216739,Checking,2020-03-23,9963.54,Active
94228847,28768763,216739,Savings,2025-04-08,28426.73,Active
43864434,78608892,191161,Savings,2025-07-26,3710.4,Closed
56840564,29227517,876646,Savings,2021-03-15,3557.91,Active
13914485,17463809,191161,Savings,2020-02-04,9109.34,Active
36589942,19855881,334053,Savings,2025-09-18,5208.74,Active
14012791,87718413,126225,Savings,2020-09-03,4249.74,Active
13095288,12777998,216739,Savings,2025-08-09,5321.59,Active
99766649,94140945,877572,Savings,2020-02-01,7812.13,Active
21451129,35944982,876646,Savings,2020-04-15,8987.96,Active
60871034,88013335,388389,Savings,2020-10-27,5851.99,Active
51925371,77560361,216739,Checking,2024-12-12,1262.55,Active
46748030,63601195,216739,Savings,2022-07-14,7398.06,Active
47239551,14613038,809570,Savings,2020-12-20,761.26,Active
10342788,11696688,126225,Checking,2022-03-15,3037.87,Active
86921606,66157110,388389,Savings,2023-03-29,3272.81,Active
12833159,14842428,809570,Savings,2023-11-01,3052.56,Active
49926537,71236164,877572,Savings,2024-06-15,10871.72,Closed
44650890,73398860,809570,Checking,2020-04-22,2424.48,Active
82366861,32864847,719176,Savings,2023-06-18,18098.87,Active
18043280,13498968,216739,Savings,2024-12-16,2027.24,Active
84693405,34404953,126225,Savings,2025-12-21,12057.79,Active
98685344,37681754,809570,Savings,2022-02-14,34256.65,Active
28037538,70154848,877572,Savings,2022-09-04,1670.5,Active
72929702,93125218,671858,Savings,2020-08-05,3472.57,Closed
30233001,36436579,126225,Savings,2024-09-03,4912.81,Active
52973996,59243110,809570,Savings,2023-06-18,7320.72,Active
84562348,71301736,356787,Savings,2021-12-25,4711.96,Active
58544559,73857650,388389,Savings,2023-01-28,5568.48,Active
12702127,95681139,356787,Checking,2022-08-21,6464.96,Active
98718130,47282809,876646,Checking,2024-07-25,2397.8,Active
96063924,77920891,246316,Savings,2023-12-03,7325.64,Active
32199093,94108285,191161,Checking,2020-07-17,11435.1,Active
42783157,68352639,216739,Savings,2023-11-15,8958.08,Active
55071160,49642117,246316,Savings,2022-10-04,18456.07,Active
72733114,30964359,388389,Savings,2023-09-23,2467.78,Active
56906175,48659080,877572,Checking,2022-08-18,15302.8,Active
56512963,94337676,216739,Checking,2024-08-21,16465.52,Active
49500612,47774348,877572,Savings,2020-01-09,3124.81,Active
97866181,83786380,246316,Savings,2020-07-14,5200.29,Active
56218051,78084751,719176,Checking,2022-02-16,1399.14,Active
36884931,69040790,876646,Savings,2022-06-06,3090.26,Active
53957064,26901144,216739,Checking,2023-06-14,3185.99,Active
85643715,87292569,388389,Savings,2020-07-17,6003.01,Active
26104259,41908888,872246,Savings,2020-03-03,1898.93,Active
42815948,20118170,388389,Checking,2024-09-19,2210.49,Active
66605517,59275937,246316,Savings,2020-07-18,2985.35,Active
87216593,36534946,207473,Savings,2025-07-29,1607.84,Active
67064276,51051169,207473,Savings,2020-10-30,2442.55,Active
67260887,25131684,719176,Checking,2025-04-17,25238.22,Active
91017691,45513383,356787,Savings,2021-03-21,2832.34,Active
78991841,79067817,388389,Savings,2021-07-22,15566.73,Active
65163746,84572844,671858,Savings,2024-11-06,6497.96,Active
21516771,97221310,216739,Savings,2022-06-25,7863.6,Active
64475620,35355327,334053,Checking,2021-06-13,3827.59,Active
94556647,95320770,809570,Checking,2021-01-10,1610.31,Active
43831784,91617990,207473,Checking,2024-11-03,23658.59,Active
29020647,23853768,388389,Savings,2023-06-18,2064.39,Active
33706474,43711182,809570,Checking,2025-11-08,6348.59,Active
60576240,27359956,216739,Savings,2020-04-20,7187.52,Active
24039920,31914709,872246,Savings,2021-06-25,887.81,Active
92951028,29915865,356787,Checking,2024-08-27,1678.01,Active
38228469,57473757,876646,Checking,2020-03-01,8591.99,Active
20369912,99613408,876646,Savings,2025-06-18,7154.74,Active
47600121,71662308,388389,Checking,2025-03-05,5312.08,Active
34951678,69466854,388389,Checking,2025-06-14,9112.95,Active
85348869,85785319,872246,Checking,2023-03-21,5085.31,Active
11915785,23821034,877572,Checking,2025-07-13,2460.32,Active
19419658,31423218,334053,Savings,2025-03-22,9403.39,Active
52417035,29260534,334053,Checking,2021-07-29,1269.29,Closed
52875790,23853815,334053,Savings,2021-07-10,2896.07,Active
73945614,15792887,388389,Savings,2021-11-11,11547.55,Active
88560144,32111356,719176,Savings,2025-09-08,10030.72,Active
84890137,63339265,877572,Checking,2020-04-05,7653.05,Active
94065177,47512333,876646,Checking,2024-08-19,27919.74,Active
74535451,68385552,216739,Checking,2022-08-31,6062.19,Active
64934428,28244752,216739,Savings,2025-08-09,4808.98,Active
68932126,64387862,877572,Savings,2023-05-01,18373.99,Active
37212714,82311958,207473,Savings,2022-10-26,8262.88,Active
17486383,83720984,334053,Checking,2024-09-28,4944.59,Active
43799089,34929441,246316,Checking,2024-03-24,8537.48,Active
52777522,16677667,126225,Savings,2021-11-23,8907.75,Active
36557364,12679974,246316,Checking,2025-10-04,3446.37,Active
17945140,77396777,388389,Savings,2020-10-08,1933.0,Active
87806517,51018545,388389,Savings,2020-10-13,4293.94,Active
60314165,20118322,388389,Savings,2020-05-02,46734.29,Active
54612538,84343603,246316,Savings,2020-09-12,34571.76,Active
42291775,23329586,334053,Checking,2025-07-09,3120.49,Active
73126467,65338168,356787,Savings,2021-05-21,3500.37,Active
81973828,14678844,671858,Savings,2025-12-28,6298.86,Active
65327684,14908223,877572,Savings,2021-09-25,3873.32,Closed
14013000,92535615,809570,Savings,2024-04-19,23748.28,Active
57594442,15235905,246316,Savings,2022-08-09,5034.34,Active
39014988,46922562,334053,Savings,2020-09-14,3924.29,Active
61362770,63011652,877572,Savings,2021-10-31,1771.94,Active
89772629,58882884,671858,Savings,2023-10-01,27827.01,Active
88658520,57408330,809570,Savings,2022-04-22,4834.94,Closed
43635293,49052492,872246,Savings,2022-06-14,7087.44,Active
32133728,73333581,126225,Savings,2025-03-25,9740.49,Active
21680738,52230991,207473,Savings,2024-05-25,5381.54,Closed
14570082,51477329,877572,Checking,2025-07-13,3656.16,Active
85447267,91847506,809570,Checking,2025-10-07,4513.37,Closed
66441829,45218649,719176,Checking,2024-02-07,9624.97,Closed
34951784,16022363,216739,Savings,2021-04-19,10610.73,Active
24203880,99482460,334053,Savings,2022-11-25,526.19,Active
37900907,24738667,334053,Savings,2022-04-25,5378.02,Active
45306478,11205484,216739,Savings,2021-09-19,7471.22,Active
98488943,43252591,216739,Savings,2022-02-03,14564.39,Active
20664945,36535151,207473,Savings,2020-12-29,12262.94,Active
85545586,38599535,809570,Savings,2023-06-02,9822.83,Active
57528945,60849013,216739,Checking,2021-11-15,8843.66,Active
94818933,60423032,246316,Checking,2024-09-20,24503.61,Active
80138869,52493177,191161,Checking,2023-04-12,42031.97,Active
69030519,99220347,388389,Savings,2023-04-21,3174.61,Active
31347320,34470780,216739,Checking,2025-09-19,11002.99,Active
54481533,33389437,876646,Checking,2022-10-06,1548.09,Active
91968126,50199426,872246,Savings,2024-07-14,13577.72,Active
43209344,98728841,207473,Savings,2022-04-24,3514.81,Active
91247233,52296588,246316,Savings,2023-04-13,19700.33,Active
24695432,76479373,334053,Savings,2023-12-22,4290.49,Active
26628744,33323922,719176,Savings,2025-05-26,2881.69,Active
49861261,59866003,877572,Savings,2021-08-05,2615.48,Active
38261390,63142814,246316,Savings,2020-02-18,11240.99,Active
26399375,74283943,126225,Savings,2021-06-15,5427.76,Active
12079760,94763944,770487,Savings,2023-09-02,7584.13,Active
60609171,18283438,809570,Savings,2021-05-03,2305.49,Active
90919572,59603886,877572,Savings,2024-08-25,5962.92,Active
18076309,31882161,876646,Savings,2021-12-01,8722.22,Active
83317398,62651319,126225,Savings,2025-11-09,41762.77,Active
39735955,42105788,207473,Checking,2023-07-28,1464.55,Active
66835096,42695616,877572,Savings,2025-07-14,5896.06,Active
58282648,10517446,877572,Savings,2025-07-13,2491.94,Active
86954653,24411079,719176,Savings,2021-06-26,5363.88,Active
77746845,66517961,388389,Savings,2025-02-15,7397.83,Active
47633060,81656783,671858,Savings,2022-10-27,15656.97,Active
12571303,55409615,334053,Checking,2020-11-11,4021.47,Active
75780775,91028434,207473,Savings,2020-09-13,10837.57,Active
41898665,82508757,876646,Savings,2020-02-10,16568.69,Closed
69096116,98368477,207473,Savings,2021-01-24,2034.33,Active
97571512,73038815,334053,Checking,2022-01-24,1058.97,Active
88920763,50920425,356787,Savings,2020-02-24,1484.66,Active
32330427,77036526,809570,Savings,2021-09-03,2015.4,Active
32756414,21560307,719176,Savings,2020-01-23,4615.25,Active
39867071,65534969,877572,Checking,2022-10-15,7476.48,Active
29938369,70089721,334053,Checking,2024-03-07,1571.89,Active
34198212,40074237,388389,Savings,2023-03-07,18254.81,Active
93770437,54361087,216739,Savings,2025-12-25,23708.09,Active
10408648,55049216,770487,Savings,2024-04-10,3840.87,Active
30855880,94764033,809570,Savings,2021-06-19,1462.93,Active
86299338,96533506,207473,Savings,2025-04-14,11332.12,Active
89576137,42925059,191161,Savings,2025-05-12,5622.51,Active
22434510,75627524,877572,Savings,2024-07-08,2289.38,Active
97178319,62520332,246316,Savings,2020-12-09,23749.79,Active
68932304,57080846,216739,Savings,2021-03-07,2607.93,Active
34493144,95386640,216739,Savings,2020-07-20,12406.27,Active
58643164,14351376,388389,Checking,2021-08-28,3413.59,Active
33477341,55376919,872246,Checking,2020-07-31,11060.28,Active
86233824,97909784,216739,Savings,2025-05-05,2752.18,Active
68145889,22379557,719176,Savings,2020-02-18,11174.05,Active
54088419,93846569,719176,Savings,2023-05-12,2749.22,Active
17322724,23591980,671858,Savings,2022-08-02,20984.48,Closed
91607781,84081712,216739,Savings,2023-06-26,6312.47,Active
32887525,50756659,246316,Checking,2023-06-09,1425.7,Active
20566759,32341047,246316,Savings,2023-02-15,4010.35,Active
42193641,11041851,246316,Checking,2024-04-07,4417.24,Active
59364076,95550523,770487,Savings,2020-11-17,1345.57,Active
75453166,77069373,356787,Savings,2021-07-06,13041.88,Active
77845234,56261694,809570,Savings,2024-03-31,9324.66,Active
55202555,83950656,388389,Savings,2021-09-13,1210.3,Active
28857084,43383873,334053,Checking,2025-02-10,8152.34,Active
18567932,43580483,334053,Savings,2023-10-22,1828.3,Active
67621630,54099012,388389,Savings,2020-06-29,3942.74,Closed
37180163,99253318,334053,Savings,2023-01-29,2863.58,Active
41603844,83328070,334053,Savings,2023-06-01,3651.23,Active
44487436,82639943,191161,Checking,2025-03-18,2760.12,Closed
58512142,76053575,877572,Checking,2024-06-22,13388.31,Active
76010256,63437908,872246,Checking,2023-05-10,9891.89,Active
56709905,33619033,334053,Checking,2023-04-27,7400.67,Closed
22958866,93879393,246316,Savings,2020-09-16,2840.75,Active
10998547,55344236,356787,Savings,2021-12-23,7747.32,Active
68178707,88407149,388389,Savings,2022-12-15,5001.52,Active
73192213,51018867,334053,Savings,2023-10-16,4905.99,Active
33870618,67697780,334053,Checking,2022-10-17,7572.56,Active
72078107,22707317,334053,Savings,2025-08-09,6197.75,Active
57889564,98172022,872246,Savings,2025-02-19,17063.06,Active
44454686,28081271,356787,Checking,2020-09-12,9872.48,Active
33313569,10189941,877572,Savings,2024-08-26,15302.0,Active
30561058,92798083,809570,Savings,2023-05-19,3044.47,Active
90854179,27294855,334053,Savings,2023-08-22,25258.98,Active
78172963,14384265,216739,Checking,2022-04-28,4169.32,Active
49566500,34831499,876646,Savings,2022-04-21,15227.5,Active
12276520,19725451,809570,Checking,2021-06-04,9489.52,Active
34132776,16645259,876646,Savings,2023-09-10,7138.77,Active
63984424,12090511,809570,Savings,2022-06-01,5647.24,Active
57037608,77986964,388389,Savings,2023-01-02,34773.83,Active
99210033,85621910,246316,Savings,2024-02-03,26243.9,Active
92263217,69565595,334053,Checking,2024-01-16,6260.6,Closed
70734643,97909930,191161,Savings,2021-11-06,6241.55,Active
31707955,39386282,671858,Checking,2020-06-02,2578.05,Active
18174776,45939885,388389,Savings,2025-03-08,2099.39,Active
53302072,71859378,216739,Savings,2021-12-20,3713.21,Active
10670907,89816245,356787,Savings,2022-03-09,4977.35,Active
75060028,57146553,872246,Savings,2023-10-06,11009.03,Active
35541822,91520192,356787,Checking,2022-04-13,31395.58,Active
17060670,82443465,877572,Savings,2022-08-15,775.62,Active
13751110,43941067,191161,Savings,2020-08-22,1696.96,Active
88265544,83360971,216739,Savings,2020-11-15,7714.36,Active
54842190,21494990,126225,Savings,2024-10-28,1315.48,Active
81122130,32668881,872246,Savings,2022-07-17,15565.68,Active
97768277,80051422,216739,Savings,2020-07-29,11763.5,Active
32297814,56425712,872246,Savings,2020-08-23,9827.96,Active
85939035,59735290,334053,Savings,2021-12-13,1485.69,Active
33149789,90373373,191161,Savings,2020-02-29,2008.79,Active
16405342,91323650,388389,Savings,2020-04-28,13809.48,Active
82432863,43613442,770487,Savings,2024-04-04,906.92,Closed
19059549,31489284,877572,Savings,2025-09-04,6824.94,Active
43471718,32603398,126225,Savings,2021-07-15,2730.5,Active
50353004,78839047,719176,Savings,2022-02-04,1690.55,Active
14799727,93682955,388389,Savings,2025-07-10,4198.13,Active
40653681,23624971,216739,Checking,2022-03-08,58660.12,Active
22500212,73563406,126225,Savings,2024-11-29,6828.67,Active
97506168,17464593,877572,Savings,2020-05-26,9689.3,Active
45077368,79691029,719176,Checking,2023-07-31,3876.66,Closed
21418875,16579870,809570,Savings,2020-10-29,12744.87,Active
74175356,66452768,770487,Savings,2021-04-16,15695.87,Active
38228860,36863265,877572,Checking,2022-06-11,5011.04,Active
36098941,85196066,216739,Savings,2024-05-18,2731.53,Active
56349568,58064168,809570,Savings,2024-11-21,7384.68,Active
90264448,61046056,388389,Savings,2021-08-31,11271.15,Active
13620098,80641323,216739,Savings,2020-12-06,8026.69,Active
70701954,37420339,334053,Savings,2020-09-15,3523.19,Active
47862662,89423157,671858,Savings,2024-01-26,9487.99,Active
44192648,79396155,126225,Savings,2020-04-01,4088.08,Active
17159049,58096956,719176,Savings,2024-01-24,19103.36,Active
19878799,36830523,216739,Checking,2024-09-19,5295.22,Active
53728143,38403396,246316,Savings,2022-01-12,1268.85,Active
34755473,98827591,216739,Checking,2025-07-06,10436.97,Active
41669525,10681674,207473,Savings,2020-03-08,6539.65,Active
46355354,61603147,809570,Savings,2025-05-23,4073.27,Active
38917021,86048097,388389,Savings,2021-08-29,4854.66,Active
63394721,64126308,388389,Savings,2022-02-28,1582.74,Active
86725539,40566116,356787,Checking,2023-10-26,2215.31,Active
90657707,42859878,216739,Savings,2023-10-03,2890.89,Active
79680430,59080045,876646,Checking,2022-06-28,9633.82,Active
93410225,81919345,216739,Checking,2020-09-28,8639.7,Active
40391602,92896635,126225,Savings,2025-03-03,1581.64,Active
56644531,72318334,872246,Checking,2020-07-05,4164.5,Active
10277815,87457151,334053,Savings,2020-06-04,5780.53,Active
29381560,44629378,388389,Savings,2025-10-14,10788.06,Active
41636793,27164035,872246,Savings,2025-11-25,529.18,Closed
49501114,10943881,876646,Checking,2024-10-02,1405.4,Active
82596795,69729673,388389,Savings,2025-10-30,2736.45,Active
33543100,37748106,876646,Savings,2023-05-23,548.75,Active
92820409,80051593,246316,Savings,2023-02-17,15979.92,Active
20140990,85589391,216739,Checking,2020-09-11,6359.32,Active
55399360,82345360,356787,Checking,2025-10-01,9458.99,Active
75453376,32374171,334053,Savings,2023-01-17,2886.37,Active
14799813,65502621,809570,Savings,2023-09-28,6413.61,Active
32101323,83525025,207473,Savings,2025-11-14,6319.88,Active
93967309,63995297,334053,Savings,2024-12-12,3575.3,Active
12702670,56982946,877572,Checking,2020-11-30,12865.49,Active
16045005,31325610,246316,Checking,2022-05-18,7646.2,Active
25023437,64814507,671858,Savings,2023-01-13,6049.19,Active
66442189,31784368,671858,Savings,2023-05-28,3982.52,Active
89117647,39091632,770487,Savings,2023-02-13,2638.76,Active
33805265,95518131,671858,Checking,2024-04-06,5203.96,Active
61690832,77266361,809570,Checking,2023-10-21,7409.55,Active
74535895,43941326,388389,Savings,2023-04-04,4696.24,Closed
28890075,12615123,356787,Savings,2024-08-08,18541.66,Active
70439900,27164118,334053,Savings,2025-10-05,3560.62,Active
57529310,22150619,719176,Savings,2021-07-25,9631.92,Active
49927139,20282845,719176,Savings,2021-05-21,1686.55,Active
52057060,89652706,388389,Savings,2022-10-16,2910.26,Active
36852708,19529189,872246,Checking,2025-12-10,1397.82,Active
74568678,99745255,719176,Savings,2025-06-29,3145.26,Active
46093287,49708520,388389,Savings,2021-01-01,15802.13,Active
40588266,32800239,191161,Checking,2023-06-20,1898.93,Active
96556013,89161204,334053,Savings,2020-07-13,19093.29,Active
14341104,41844215,877572,Savings,2023-04-06,3523.73,Active
74601459,41549305,876646,Checking,2021-04-09,1795.98,Active
76403700,53804537,356787,Savings,2025-04-08,4710.74,Active
75453429,80739836,207473,Checking,2022-01-22,4427.65,Closed
15455222,94076413,207473,Savings,2021-11-05,5350.77,Active
65262582,13237762,126225,Savings,2024-08-02,1428.87,Active
63263740,75890183,809570,Checking,2025-08-31,4631.26,Active
65197052,99319303,671858,Savings,2020-12-29,1281.43,Active
51041277,78872075,671858,Savings,2025-03-18,3312.17,Active
13849600,31948303,877572,Savings,2020-02-10,2570.21,Active
52319234,45088272,216739,Savings,2024-02-23,2302.57,Active
47338499,23559701,191161,Savings,2022-07-06,9822.85,Active
71226374,87424535,671858,Savings,2024-09-14,17170.04,Closed
60380169,44334615,671858,Savings,2022-06-24,6514.3,Closed
53826571,48987676,671858,Savings,2021-02-04,2010.84,Active
47895563,15564319,719176,Checking,2022-09-11,4316.32,Active
85677075,20839968,246316,Checking,2021-06-05,14521.02,Active
85447701,33816097,719176,Savings,2023-10-17,9088.3,Active
58479638,77266464,877572,Checking,2025-08-10,40422.58,Active
35279893,43777572,126225,Savings,2021-11-25,1476.59,Active
50025496,28278310,719176,Checking,2024-06-02,2086.65,Active
51729434,93650470,246316,Checking,2022-10-19,10329.64,Active
63067163,75365936,876646,Savings,2025-03-27,6135.58,Active
10572829,49086001,334053,Savings,2021-06-19,2013.63,Active
71848990,67698224,877572,Checking,2022-12-20,2613.36,Active
98423842,37813818,877572,Checking,2022-04-20,5923.4,Active
15324195,13598268,877572,Savings,2023-06-20,6414.15,Active
48714790,55049791,216739,Savings,2024-09-12,7879.54,Active
76567593,36437571,191161,Savings,2024-01-22,25043.76,Active
94819371,39321160,809570,Checking,2022-03-16,27538.57,Active
14472238,79625801,877572,Savings,2025-12-24,1989.81,Active
96490543,99352139,719176,Savings,2020-02-22,8583.87,Active
54514736,62422607,876646,Savings,2021-06-17,3087.44,Active
12801081,12975695,809570,Checking,2024-04-13,19289.8,Active
65459262,16612943,207473,Savings,2022-07-19,3210.19,Active
46552130,21167698,207473,Checking,2024-11-13,1706.73,Closed
16766019,11107926,216739,Savings,2022-12-31,13007.36,Active
29545541,24247900,334053,Savings,2020-08-30,16579.57,Active
64181318,25034333,872246,Savings,2022-05-05,2421.39,Active
92361799,10157662,356787,Savings,2024-10-14,12618.28,Active
94753864,69271134,246316,Checking,2024-08-25,1977.25,Active
15750213,19824222,877572,Checking,2025-11-03,2749.62,Active
79877194,65175143,388389,Savings,2022-01-08,908.78,Active
44291142,37256811,876646,Checking,2025-05-10,11408.92,Active
28955721,98172538,809570,Savings,2023-12-12,6981.84,Active
83743822,36470396,388389,Checking,2022-04-02,3340.79,Active
82465871,78806653,876646,Savings,2023-12-29,3701.2,Closed
48845908,89194111,388389,Checking,2022-07-20,5886.56,Active
71685210,64618112,207473,Savings,2025-01-04,5727.68,Active
94196828,19037824,356787,Savings,2020-12-16,7564.04,Active
11883615,93486723,334053,Savings,2023-06-01,1920.0,Active
72143971,80150149,356787,Checking,2025-07-19,8818.39,Active
41604198,17890949,216739,Checking,2025-12-02,5273.92,Active
24073320,47971974,356787,Savings,2020-09-16,1301.8,Active
34886763,95190669,216739,Checking,2020-03-20,27874.5,Active
40588395,67075725,216739,Checking,2022-03-09,2063.09,Active
62444653,66256527,246316,Savings,2022-03-25,2067.88,Active
55137395,52002448,388389,Checking,2021-12-31,2366.35,Active
38392953,57278097,872246,Savings,2023-07-09,2718.36,Active
72668283,42925713,388389,Checking,2023-06-16,2271.45,Active
40195198,26214030,388389,Savings,2020-11-13,3273.47,Active
15193215,63635092,719176,Savings,2020-09-16,8999.89,Active
84595839,77758116,388389,Checking,2024-02-20,5757.13,Active
39670911,85589668,388389,Savings,2025-09-07,2083.48,Active
84137090,71663283,246316,Savings,2020-02-10,8540.39,Active
75715716,89194164,126225,Savings,2021-12-02,14960.14,Active
48878726,94895802,356787,Savings,2021-07-07,3743.39,Active
68080775,13893310,191161,Savings,2023-08-10,4390.33,Active
26760328,84147907,216739,Savings,2022-02-20,3496.99,Active
33641606,36601541,126225,Savings,2020-11-05,2175.02,Active
97309833,62914246,334053,Savings,2020-07-14,696.77,Active
85152905,14450375,246316,Checking,2022-09-15,3772.11,Active
42980492,39222998,334053,Checking,2024-08-13,68430.4,Active
60445832,93781726,191161,Savings,2022-02-14,3856.41,Active
86037645,71401183,126225,Checking,2024-05-10,1741.5,Active
47305872,70549218,770487,Savings,2022-08-18,8802.05,Active
18732178,39878371,356787,Savings,2025-12-21,4207.63,Active
39965846,83787492,872246,Savings,2022-11-16,8577.28,Active
69784727,88538853,356787,Savings,2022-03-01,7152.11,Active
69686425,61767398,388389,Savings,2022-04-21,3977.73,Active
83809434,96075491,809570,Checking,2024-12-26,5571.42,Closed
43799705,26345196,334053,Checking,2022-07-17,19639.33,Active
45012123,30703342,216739,Checking,2025-07-14,4400.7,Active
37442718,40861425,876646,Savings,2020-08-11,18626.61,Active
13882533,65011443,876646,Checking,2020-11-19,7961.16,Active
19092645,60718837,876646,Savings,2021-02-16,11369.5,Closed
12670119,97091318,191161,Checking,2023-09-07,9446.22,Active
46060709,52592376,872246,Checking,2021-02-04,3940.0,Active
79582377,79396602,216739,Savings,2023-01-26,16438.54,Active
46748838,66715392,334053,Savings,2025-01-28,7569.12,Active
11228331,70975232,388389,Savings,2021-03-25,3146.67,Closed
22009003,31588096,334053,Savings,2024-09-24,1551.74,Active
36656301,10092296,207473,Checking,2025-06-20,10050.34,Active
18502822,27393802,876646,Checking,2023-07-09,1227.42,Active
10704043,24903439,876646,Savings,2022-03-15,2372.58,Active
27841713,81624855,356787,Savings,2025-06-16,1636.06,Active
63853746,68583191,207473,Savings,2022-08-16,10842.6,Active
67032244,37682968,216739,Savings,2020-12-27,7611.51,Active
67261621,73072408,126225,Savings,2022-08-22,6528.17,Active
85316790,97353513,388389,Checking,2022-11-15,6237.41,Active
52352182,33062698,334053,Checking,2020-10-09,5769.36,Active
56284345,18874155,216739,Savings,2025-11-30,22140.87,Active
10507455,30474029,388389,Checking,2023-09-14,1485.47,Active
33739970,11206445,388389,Checking,2021-08-02,15831.58,Active
31577283,99024690,809570,Savings,2025-05-21,4579.72,Active
17487042,57868085,246316,Savings,2022-03-02,23929.35,Active
71488707,83296061,207473,Checking,2022-04-29,8003.92,Active
90297539,39976766,809570,Savings,2023-07-18,11876.1,Active
56317131,95747908,877572,Savings,2022-10-11,6835.94,Active
51074256,63340366,356787,Savings,2025-01-19,2064.17,Active
68932818,32636753,809570,Savings,2024-04-30,5330.48,Active
36132051,94306133,872246,Checking,2025-06-21,5364.84,Active
75781333,47316822,246316,Savings,2021-11-01,8798.97,Active
38917335,49479509,388389,Savings,2020-09-26,9202.19,Closed
13685975,87687000,877572,Checking,2025-06-11,13104.52,Active
86791385,45842263,877572,Checking,2023-05-22,8556.97,Closed
55203038,58195802,216739,Savings,2020-05-02,4609.22,Active
38327520,11861851,809570,Checking,2020-04-27,2259.0,Active
66540768,38502238,719176,Checking,2022-03-14,9959.37,Active
92427491,36994921,809570,Savings,2025-01-21,1726.17,Active
68179173,59473772,719176,Savings,2024-07-20,7433.75,Active
27448560,33718135,719176,Checking,2020-08-14,12787.03,Active
94164209,72515450,388389,Savings,2025-11-30,7331.46,Active
25646323,44236666,216739,Checking,2020-12-29,2362.89,Active
93279478,22445947,877572,Savings,2021-08-01,4362.58,Active
45307128,36339581,877572,Savings,2022-11-02,5212.49,Active
13653240,20217728,126225,Savings,2024-12-02,4887.09,Active
74732794,13074304,334053,Checking,2021-11-21,6716.91,Active
12047614,16252805,207473,Savings,2020-01-08,10198.31,Active
59036930,67665803,388389,Savings,2020-07-04,3807.21,Active
48518404,77397901,388389,Savings,2025-08-10,9028.02,Closed
93771012,15138704,719176,Checking,2021-07-31,8002.81,Active
66835720,60325776,126225,Savings,2025-08-19,11518.45,Active
14603529,54853520,216739,Checking,2021-10-05,3525.86,Active
43701513,60981142,809570,Checking,2022-08-23,6090.6,Active
83350798,95420311,719176,Savings,2024-10-25,3421.08,Active
77092112,71696280,334053,Savings,2025-11-18,4403.67,Active
18896148,23691162,388389,Savings,2021-02-12,3291.52,Active
90658068,12746652,246316,Savings,2023-03-05,2637.86,Closed
19649812,51314590,334053,Checking,2024-03-13,18852.93,Active
86725912,64126880,246316,Savings,2025-03-05,7744.87,Active
98784536,57737121,876646,Checking,2024-11-26,2061.17,Active
23778587,43745187,126225,Checking,2025-11-03,4442.18,Active
38458652,58589096,126225,Savings,2024-03-21,2096.62,Active
96752932,29851561,719176,Savings,2025-03-11,5402.15,Active
50156839,87752617,246316,Checking,2023-05-14,4047.93,Active
46814511,85426099,671858,Savings,2021-06-05,5715.19,Active
60970288,27033524,388389,Savings,2021-08-31,926.9,Active
98161970,21528500,334053,Savings,2022-02-01,1137.0,Active
85087539,71270323,207473,Savings,2021-11-03,4443.36,Active
40523058,22380473,876646,Savings,2021-05-31,10144.68,Active
35673399,89948092,809570,Savings,2022-11-06,5360.9,Active
30004537,94961599,671858,Checking,2023-03-18,2510.97,Closed
49206585,24117184,809570,Savings,2025-06-21,2226.46,Active
70964539,11599809,126225,Savings,2020-09-01,15308.03,Active
97310014,17104842,126225,Savings,2022-12-20,2145.09,Active
59462975,36274131,770487,Savings,2025-01-22,6374.44,Active
40719680,40992724,809570,Savings,2024-06-27,1695.91,Active
57300289,14024663,719176,Savings,2024-04-03,3926.52,Closed
33707331,63569894,334053,Savings,2020-11-23,10633.72,Active
20075844,56655850,388389,Savings,2025-10-30,1489.12,Closed
19158341,65044458,809570,Savings,2022-08-28,2415.84,Active
18175303,32964588,876646,Savings,2022-02-25,13304.6,Closed
12637517,83197932,388389,Savings,2021-07-27,16690.47,Active
15291726,43679724,809570,Savings,2023-03-13,13659.9,Active
66442575,34045937,719176,Savings,2025-11-14,7118.17,Active
86693202,31424500,126225,Savings,2023-07-17,1022.82,Closed
57791833,71401461,207473,Checking,2025-01-21,2481.04,Active
60904793,95617015,872246,Savings,2020-10-13,7493.39,Active
40621403,66715640,388389,Savings,2022-08-28,1858.6,Active
66671963,37126137,770487,Savings,2022-02-26,1860.29,Active
31380828,75792379,671858,Savings,2021-11-04,14740.44,Active
24204639,79101949,388389,Savings,2023-09-02,2126.65,Active
41997664,69473277,671858,Savings,2020-11-26,21061.63,Active
49829218,31334398,388389,Savings,2025-01-28,9261.11,Active
98424166,77088403,876646,Savings,2024-11-01,8653.39,Active
93902185,16271035,388389,Savings,2023-04-26,5075.04,Active
31020395,42391775,246316,Savings,2024-03-13,45184.36,Active
16274795,59965553,770487,Checking,2023-01-20,7756.82,Active
60413294,99925170,876646,Savings,2025-01-26,3763.17,Active
81220975,41026634,334053,Savings,2020-08-07,4390.88,Active
78861681,26214030,334053,Savings,2024-10-07,6741.15,Active
71521649,45578130,877572,Savings,2023-09-07,6513.67,Active
72275316,20648266,246316,Savings,2024-04-01,6931.88,Active
59987316,51263745,719176,Checking,2020-08-06,7311.3,Active
27710839,19824222,877572,Checking,2024-09-22,8000.93,Active
98227576,11454855,334053,Savings,2021-08-24,1168.08,Active
87938424,13291261,809570,Savings,2022-12-03,7573.44,Active
59331962,94769226,872246,Checking,2024-05-31,14181.67,Active
70342011,76930451,356787,Checking,2025-08-04,5436.5,Active
11326844,52661256,872246,Savings,2021-01-27,6205.47,Closed
54842745,37007108,216739,Checking,2022-12-12,5394.41,Active
83973509,88029629,809570,Savings,2025-04-04,5046.71,Closed
91739525,54970155,876646,Savings,2020-01-18,7919.41,Active
50845062,42178190,191161,Checking,2023-09-28,5173.03,Active
71816584,76181786,719176,Savings,2020-02-14,5129.48,Active
78927238,51735323,388389,Checking,2021-07-13,3897.65,Active
41604487,22434276,334053,Savings,2024-07-04,2501.42,Active
57202059,95359444,388389,Checking,2024-02-27,1232.59,Active
74700172,18633130,334053,Savings,2022-04-15,4079.55,Active
68408717,43566415,388389,Checking,2020-07-12,3503.87,Active
73454989,89168961,388389,Savings,2024-06-29,22508.78,Active
56743315,72002152,246316,Savings,2025-08-19,8027.74,Active
31151508,18599994,719176,Checking,2024-08-29,4353.97,Active
37049748,10580409,216739,Savings,2020-10-08,6178.47,Active
57464211,45634182,334053,Checking,2022-11-30,6065.73,Active
19486107,63245529,334053,Savings,2025-09-29,11162.02,Active
16340380,43580483,334053,Savings,2024-01-03,3273.95,Active
24630685,76501852,809570,Savings,2022-03-12,9092.81,Active
23942557,75648380,809570,Savings,2025-07-20,2471.07,Active
94295455,40187560,719176,Checking,2021-06-04,4004.04,Closed
67523999,17141809,876646,Checking,2023-07-17,2077.68,Active
40064417,45309188,876646,Checking,2023-08-05,1491.32,Active
93050274,29681231,877572,Savings,2021-08-16,30961.36,Active
55989660,20649487,719176,Savings,2023-12-17,6933.1,Active
44553636,50728138,216739,Checking,2020-02-17,5441.64,Active
32888232,57251186,388389,Checking,2021-11-09,2981.64,Active
11130286,99688266,877572,Checking,2025-05-29,12978.68,Active
86922671,88206488,876646,Checking,2020-10-06,6746.78,Active
10016176,64997405,877572,Checking,2021-03-18,4287.08,Closed
32134579,74278105,671858,Checking,2021-11-03,1717.39,Active
40850867,71057327,671858,Checking,2022-10-09,14700.51,Active
10966453,69229760,388389,Checking,2021-05-09,4615.45,Active
57791926,45137991,770487,Savings,2023-07-29,2726.88,Active
30660019,61655727,877572,Checking,2023-04-09,4097.7,Active
77616569,91548742,719176,Checking,2025-06-12,22346.55,Active
28333498,82846503,877572,Savings,2020-02-11,12749.67,Closed
16078267,62631060,872246,Savings,2021-01-19,3725.57,Active
81057213,45567457,876646,Savings,2024-06-20,54782.54,Active
52581825,21067060,356787,Savings,2020-03-24,5971.71,Active
30135748,41484420,334053,Checking,2023-03-09,1337.14,Active
78960069,68533693,388389,Savings,2020-02-22,5336.77,Active
73815494,81647492,191161,Checking,2025-12-11,3178.36,Active
58054090,77889872,246316,Checking,2021-01-22,8814.14,Active
97244620,60154111,334053,Checking,2024-09-12,4932.17,Active
58578380,69168024,356787,Savings,2021-11-13,2789.29,Active
33281487,10112761,872246,Savings,2025-03-06,7895.29,Closed
82925007,24004543,216739,Savings,2024-04-30,1337.8,Active
57365969,92594502,809570,Savings,2022-03-29,6141.14,Active
83645906,51717070,126225,Savings,2023-05-17,41604.64,Active
79746518,44183020,207473,Savings,2022-08-18,14023.42,Active
99702232,32777840,876646,Savings,2022-06-26,1753.16,Active
53401050,23886243,388389,Savings,2023-10-01,18988.87,Active
29382108,24193897,809570,Savings,2020-03-18,5675.23,Active
88856030,54481986,334053,Checking,2021-02-28,2817.1,Active
16307679,45411706,246316,Savings,2021-07-16,5363.6,Active
95475169,58749952,877572,Savings,2021-06-20,13667.06,Closed
89085410,48659080,877572,Checking,2024-06-05,3123.46,Active
72406500,10879093,207473,Savings,2021-11-30,1285.95,Active
62182891,18082664,356787,Checking,2025-02-27,2299.32,Active
85841389,25402457,876646,Savings,2024-10-30,5393.85,Active
30922226,57969943,876646,Savings,2025-10-28,2129.44,Active
93410805,52439662,877572,Savings,2024-08-02,5801.91,Active
92526070,92195862,876646,Savings,2025-10-03,3512.78,Active
65820156,28781578,334053,Savings,2025-06-27,1726.86,Active
28562942,78224244,334053,Checking,2024-12-13,7987.71,Active
43800065,14832287,191161,Savings,2025-08-05,7710.06,Active
14210561,71971106,356787,Savings,2020-12-14,6616.09,Active
12211715,53356480,207473,Checking,2023-10-10,1005.77,Active
69981701,65288944,388389,Checking,2023-05-04,1723.34,Active
61756938,26702843,388389,Savings,2023-08-04,9061.24,Active
94950925,12166405,388389,Checking,2025-05-03,3887.84,Closed
73192975,68264870,334053,Checking,2023-12-06,9764.34,Active
74864146,95745565,191161,Savings,2022-07-24,2128.32,Active
51631635,79927287,216739,Savings,2021-11-22,1938.29,Active
78042648,74013724,719176,Checking,2023-10-21,3118.97,Active
83449368,89138429,126225,Savings,2024-05-24,4929.83,Closed
16766491,87083341,126225,Checking,2022-05-23,7490.42,Active
32331292,23183124,334053,Savings,2020-09-27,5732.5,Active
78075420,33625083,356787,Checking,2022-07-02,7757.95,Active
11916830,27822302,388389,Savings,2022-10-10,7806.97,Active
87414302,60718837,876646,Savings,2020-07-12,2805.2,Active
46159392,60061882,388389,Checking,2023-09-07,15108.37,Active
18175520,35453181,877572,Checking,2024-02-25,2947.66,Active
66311713,15581866,216739,Savings,2021-02-25,2071.54,Active
50583073,99834251,876646,Checking,2021-02-09,6532.02,Active
85612068,52335406,216739,Savings,2025-12-21,3897.1,Active
61724193,92538551,876646,Savings,2025-02-15,15923.07,Active
57726505,42695616,877572,Savings,2022-02-12,3729.33,Active
92755499,78424995,216739,Checking,2022-07-11,2541.74,Active
48191019,35373612,246316,Checking,2021-12-28,3357.47,Active
23844396,14398598,809570,Savings,2024-05-20,6420.39,Active
91674162,33868034,216739,Savings,2020-06-15,6817.04,Active
31053363,53995164,246316,Savings,2024-11-11,1975.33,Active
59168308,36506844,770487,Checking,2024-09-19,5742.1,Active
41178676,49584387,356787,Savings,2024-07-13,3327.83,Active
62641718,47680474,809570,Savings,2021-01-05,4300.99,Active
41473589,60423032,246316,Checking,2025-04-15,4009.48,Active
28694076,75953095,216739,Savings,2021-10-16,7013.96,Active
47306306,14900781,388389,Checking,2022-02-01,9373.49,Active
20436550,96903233,388389,Savings,2023-03-28,5168.29,Active
41047623,40497194,877572,Savings,2023-11-23,18475.98,Closed
33707597,26759624,216739,Savings,2021-01-04,18490.17,Active
79582798,26065016,126225,Savings,2023-05-20,7939.68,Active
91969102,17198110,876646,Savings,2022-08-25,11080.8,Active
42522192,80289384,388389,Checking,2021-01-16,1931.86,Active
42915409,37383624,216739,Checking,2020-07-16,4823.98,Closed
41506384,64303404,719176,Checking,2024-09-19,1490.2,Active
51861076,30651179,334053,Savings,2020-09-09,4936.94,Active
20895317,70902672,671858,Checking,2022-08-09,3416.92,Active
56579671,36965153,216739,Savings,2024-04-10,4967.67,Active
66737754,23014556,216739,Savings,2024-12-13,3234.36,Active
49075808,58211013,876646,Savings,2025-09-21,4327.33,Active
17684065,69946563,216739,Checking,2023-07-21,7455.38,Active
75912801,21756221,388389,Savings,2025-06-07,2418.3,Active
39016033,72618249,216739,Savings,2023-11-10,5246.42,Active
34002532,95177444,388389,Savings,2022-12-29,7123.79,Active
54908519,87474297,877572,Savings,2025-09-02,3446.34,Active
41571946,97584175,246316,Savings,2024-01-17,1847.72,Active
94000747,31640113,877572,Savings,2023-03-28,5409.79,Active
48780910,63611988,126225,Savings,2025-08-15,10819.51,Active
38229618,98504112,356787,Checking,2020-06-03,7498.26,Active
42129011,78442573,126225,Checking,2023-04-25,2802.15,Active
90003060,52483939,388389,Checking,2024-06-05,3265.3,Active
32790131,24876776,334053,Savings,2020-11-03,3102.45,Active
59037300,61542588,876646,Savings,2025-06-11,1444.46,Active
97605240,77257605,126225,Checking,2025-04-20,27772.46,Active
58119803,87810053,388389,Savings,2020-03-11,6076.6,Active
33904254,10157662,356787,Savings,2023-06-17,11082.6,Active
69621375,72851645,809570,Savings,2025-02-20,4542.5,Active
93443712,51981391,356787,Savings,2021-01-11,1498.86,Active
77911681,25453683,356787,Savings,2025-06-09,9193.57,Active
15292033,42981389,877572,Savings,2021-08-02,19863.04,Active
73815683,34191100,876646,Checking,2021-05-25,2044.27,Active
48780927,10162044,216739,Checking,2025-12-15,1222.98,Active
82269832,82353670,216739,Savings,2020-10-10,6198.92,Closed
26924684,99400310,809570,Savings,2025-03-18,32576.88,Active
86955662,26477859,216739,Checking,2023-10-09,5415.92,Active
54220430,61879460,877572,Savings,2024-05-30,2483.43,Active
65459856,30232427,334053,Savings,2021-09-24,16566.48,Active
85743248,21985487,207473,Savings,2020-04-01,4209.92,Active
86824598,78735032,207473,Checking,2023-02-07,3150.36,Active
42325655,32489763,388389,Checking,2022-10-04,8352.25,Active
44422809,36343945,388389,Savings,2021-04-18,11988.65,Active
90068637,87900131,872246,Savings,2025-09-09,1204.33,Closed
45307552,47705888,770487,Savings,2022-08-01,7764.34,Active
11851426,92931320,809570,Savings,2023-06-26,1891.78,Active
45897380,94974316,388389,Savings,2021-11-20,2055.12,Active
29218474,12458919,388389,Savings,2024-04-16,9901.19,Active
58873515,90980319,334053,Savings,2022-08-16,4164.96,Active
25581229,11915171,246316,Savings,2021-02-14,2355.63,Active
50190001,86208124,388389,Savings,2025-10-24,11467.89,Closed
67622578,69466854,388389,Checking,2023-11-18,8460.05,Active
66115256,18790367,246316,Savings,2021-04-12,5195.17,Active
76306105,50902313,388389,Savings,2022-02-06,3078.19,Active
82237115,42194198,207473,Checking,2025-08-20,3092.91,Active
66574013,85179486,388389,Savings,2020-10-14,1246.85,Active
58578622,56189300,388389,Savings,2023-08-21,23410.87,Active
87152326,57825905,388389,Savings,2023-09-09,6038.35,Active
60053192,53234102,216739,Savings,2023-12-05,1942.88,Active
29284042,54527406,246316,Savings,2022-02-28,32105.93,Active
12277453,83774939,876646,Savings,2022-10-24,4062.84,Active
86595278,23062622,877572,Savings,2025-11-29,9369.14,Active
67360464,59269648,126225,Checking,2024-05-05,2996.49,Active
60839633,29851561,719176,Savings,2024-05-26,4517.11,Active
57104081,36857728,207473,Savings,2023-06-01,4581.26,Active
75126483,83558866,334053,Checking,2022-05-01,7738.51,Active
18470613,51860966,809570,Checking,2024-05-31,13818.73,Active
45045462,58397003,809570,Savings,2024-01-10,3538.88,Active
22730453,42984537,876646,Checking,2024-05-22,4466.45,Closed
94263003,23354960,872246,Checking,2025-08-21,18560.13,Active
21616351,55252674,207473,Savings,2022-06-06,7718.73,Active
13653729,68170457,671858,Savings,2020-08-03,4762.17,Closed
95049442,87917307,334053,Savings,2023-10-06,12853.27,Active
35509985,64516413,246316,Savings,2025-12-07,3937.9,Active
18241249,60676241,809570,Savings,2023-07-31,3294.38,Active
68703973,77988953,872246,Savings,2025-11-22,6494.93,Active
71128806,66452768,770487,Checking,2021-12-15,5453.01,Active
60020452,92280042,876646,Savings,2022-10-03,3398.96,Active
61626091,30555871,334053,Checking,2023-12-20,6723.54,Active
42391279,88520871,126225,Savings,2020-12-15,1208.49,Active
27678448,71401461,207473,Savings,2020-06-12,3107.17,Active
18503409,13077109,216739,Checking,2022-09-09,1448.65,Active
92788466,20638875,809570,Savings,2020-05-07,1747.14,Closed
50157303,39976766,809570,Checking,2021-03-08,1130.14,Active
25712376,50393690,877572,Checking,2023-09-05,4397.7,Active
31348472,26173422,809570,Savings,2022-02-27,3006.32,Active
22402810,71474186,872246,Savings,2024-03-02,6954.06,Active
58087165,52392285,246316,Savings,2020-02-04,7357.78,Closed
24467198,45218649,876646,Checking,2024-03-12,15800.34,Active
53696255,10029877,877572,Checking,2025-01-04,2567.69,Active
44455680,29077793,719176,Savings,2024-04-12,6050.65,Active
63395587,43137957,877572,Savings,2021-04-03,3895.83,Active
49174282,46802127,246316,Savings,2025-09-17,6995.12,Active
39474954,80583596,388389,Savings,2025-05-26,6261.25,Active
70801166,91705083,872246,Checking,2022-12-18,3725.47,Active
29513490,72145013,809570,Savings,2020-09-21,4701.38,Active
98064147,86326167,126225,Savings,2020-08-07,1402.17,Active
92264212,52976532,872246,Checking,2023-05-15,7960.74,Active
71358228,89646815,877572,Savings,2021-02-17,882.52,Active
64313106,38345330,246316,Savings,2025-11-27,7586.53,Active
97081112,94922909,207473,Savings,2020-02-21,1415.88,Active
55695129,88747091,809570,Checking,2020-08-27,9522.64,Active
91379483,79922737,191161,Savings,2022-06-23,7450.42,Active
76011292,11657584,334053,Savings,2021-11-10,2868.9,Active
89118492,67966121,388389,Savings,2021-12-01,870.99,Active
17291038,42925713,334053,Checking,2020-12-29,7251.15,Active
68802334,65742620,334053,Savings,2021-12-21,1375.16,Active
36820764,39213165,809570,Savings,2021-11-04,10862.46,Active
95344425,54353315,216739,Savings,2022-01-25,1472.43,Active
58316587,53238807,246316,Savings,2023-04-11,1327.51,Active
84203309,74527143,388389,Savings,2024-09-07,3742.26,Active
78567218,55090315,809570,Savings,2023-01-05,1308.84,Active
29054771,66184000,877572,Checking,2023-01-10,4026.79,Active
29906739,37686666,671858,Savings,2022-01-27,1011.77,Active
57169717,48294218,334053,Savings,2021-08-19,6135.2,Active
73979702,61823259,126225,Savings,2023-07-22,2347.1,Active
27612984,19712717,876646,Savings,2025-07-06,30852.18,Active
40884026,39560456,770487,Checking,2024-06-21,5583.0,Active
76896062,12542831,207473,Savings,2020-07-01,6273.18,Active
39278399,89161204,334053,Savings,2023-05-28,5242.31,Active
55498560,10500877,216739,Checking,2020-01-10,989.82,Active
45078335,99446245,877572,Savings,2024-07-03,6040.42,Active
56612671,48526132,719176,Savings,2025-12-21,674.37,Active
90036039,85879488,877572,Savings,2020-11-17,34297.27,Active
70539079,37618652,809570,Savings,2022-04-16,897.37,Active
53466957,37512612,877572,Checking,2020-02-25,1412.52,Active
76601167,46544280,246316,Savings,2023-09-13,8567.33,Closed
64673617,36437571,191161,Checking,2024-09-07,10022.42,Active
82368339,95251763,216739,Checking,2020-07-05,16750.03,Active
55072595,88591987,876646,Savings,2022-09-06,16590.54,Active
77780821,43174825,872246,Savings,2021-08-25,2050.09,Active
65296219,48350150,388389,Savings,2024-03-07,808.21,Active
55924574,30120034,216739,Checking,2021-12-04,6307.19,Active
11818847,32623212,872246,Savings,2024-06-29,1800.05,Active
82761567,99636374,388389,Savings,2025-04-27,3104.98,Active
15816545,10468173,388389,Savings,2025-07-12,4579.45,Closed
69523298,58929055,246316,Checking,2025-08-02,16915.6,Active
17782626,61903399,246316,Savings,2020-04-30,8268.19,Active
73160548,83165207,719176,Savings,2021-11-15,3201.49,Active
40261475,43746208,246316,Savings,2023-09-02,2131.52,Active
68048742,13939506,671858,Savings,2022-12-07,1677.29,Active
74340200,34283905,872246,Savings,2022-05-07,39667.92,Active
29251433,64441452,388389,Savings,2022-03-27,3560.74,Closed
66049898,78927204,126225,Checking,2021-10-25,7789.23,Closed
90167147,69054737,876646,Savings,2024-01-05,13755.39,Active
10245998,71078287,809570,Savings,2025-05-04,5519.69,Active
96262000,92088288,334053,Savings,2025-06-14,11295.68,Active
63264631,68670156,216739,Savings,2022-02-17,3510.46,Closed
27023224,46059977,719176,Savings,2022-01-15,14005.56,Active
70342521,27872314,388389,Savings,2021-05-16,14776.98,Active
51795833,52592376,872246,Savings,2024-06-08,2140.4,Active
46749563,49975804,334053,Checking,2021-03-08,4306.76,Active
86529917,20282845,719176,Savings,2024-03-16,7875.74,Active
71915394,49796456,216739,Checking,2023-10-30,6958.24,Active
24991620,30369249,719176,Savings,2023-10-19,5052.61,Closed
25974664,51734301,876646,Savings,2023-08-17,10083.11,Active
69621640,88544699,877572,Savings,2023-01-03,19858.07,Active
41703306,10075476,872246,Checking,2020-08-16,1019.31,Active
10442636,79676741,877572,Savings,2023-02-10,2383.79,Active
84760461,28071125,876646,Checking,2023-11-20,1228.0,Active
44914574,30181102,334053,Savings,2025-01-20,16039.93,Active
75880335,49432235,719176,Savings,2024-07-24,5752.85,Active
32036752,48461227,126225,Checking,2024-09-04,4029.67,Active
68442003,35897497,216739,Checking,2025-04-11,3893.63,Active
87381907,83309452,191161,Checking,2023-08-15,1545.45,Active
39802773,28746426,216739,Checking,2025-11-12,7317.05,Active
41310102,55077232,872246,Savings,2021-09-21,18968.28,Active
25483155,80359390,877572,Savings,2023-01-30,9731.03,Active
55695257,61207235,671858,Savings,2024-10-18,2714.33,Active
87578524,73053550,877572,Checking,2020-02-25,1976.4,Active
68835232,13915876,334053,Checking,2024-07-13,8210.61,Active
95147938,64216352,216739,Savings,2025-11-29,2084.63,Active
39180194,26628246,246316,Savings,2023-09-12,3254.29,Active
79910818,66033448,126225,Checking,2023-06-07,2091.71,Active
49371043,39751206,809570,Savings,2023-08-12,6256.56,Closed
28039086,19910236,872246,Checking,2024-03-14,1392.35,Active
56678322,32349259,126225,Checking,2021-12-26,42910.02,Active
54613944,39314563,770487,Savings,2024-12-02,2301.22,Active
58415033,55587975,356787,Savings,2024-02-13,1470.33,Active
42325946,96759860,126225,Checking,2024-09-25,36245.94,Active
55433146,38556312,388389,Savings,2023-03-26,2496.92,Active
45635516,98945791,207473,Checking,2021-12-25,5583.59,Active
13588414,54122624,216739,Savings,2024-10-19,19343.99,Active
73127871,95784940,876646,Savings,2021-11-21,2375.43,Active
80500672,29562798,388389,Savings,2020-12-06,1499.64,Active
55990212,49882385,877572,Savings,2025-04-23,2597.53,Active
75061190,90751332,770487,Savings,2023-04-01,2123.82,Closed
96491465,61916238,216739,Checking,2021-05-12,54137.57,Active
84367308,97242936,216739,Checking,2021-01-08,8418.77,Active
34002895,96415678,671858,Savings,2020-10-03,5193.7,Active
16439248,94337676,877572,Savings,2022-02-27,6840.78,Active
53434323,10978632,207473,Savings,2023-01-12,1949.45,Active
42031060,12505850,388389,Checking,2025-05-09,5355.04,Active
48125912,67329492,216739,Savings,2023-11-20,4017.46,Active
65755098,61829865,876646,Savings,2024-12-12,8190.45,Active
53762011,81624855,356787,Savings,2025-03-17,3072.98,Active
45242332,25344844,246316,Checking,2022-02-24,2770.7,Active
76863454,71529651,216739,Checking,2020-06-26,1265.12,Active
56383454,65773216,334053,Savings,2023-05-23,44469.39,Active
38983650,69370312,877572,Checking,2025-01-22,6839.3,Active
18929636,19883265,671858,Checking,2021-07-28,2377.82,Active
34166763,32403611,388389,Savings,2020-08-13,3236.64,Active
73783281,79102268,719176,Checking,2022-09-16,2278.63,Active
91838449,16468924,809570,Checking,2020-12-31,31140.28,Active
46487538,77027173,877572,Savings,2024-03-21,5264.51,Active
16668661,93717431,216739,Savings,2021-04-24,2692.93,Active
96229367,97247431,334053,Savings,2025-03-22,14026.57,Active
99833848,43138697,216739,Checking,2021-02-03,320.77,Active
16766972,79198531,809570,Savings,2022-05-02,4707.21,Active
78436350,56162622,719176,Savings,2024-11-05,2079.56,Active
76535808,71848509,126225,Savings,2022-07-14,2950.68,Active
33740801,55274881,388389,Savings,2021-11-05,7110.85,Active
11819010,51176238,388389,Checking,2020-02-19,1796.46,Active
38033411,85650461,126225,Savings,2021-03-03,7405.01,Active
46290952,76480906,719176,Checking,2022-12-05,2006.7,Active
29349898,92964619,877572,Checking,2023-04-06,1405.58,Active
41113610,24561847,334053,Checking,2023-11-05,2533.87,Closed
27056140,99181416,809570,Checking,2024-02-26,9611.51,Active
80631820,24262277,877572,Savings,2024-11-21,8637.19,Active
57890830,30574187,876646,Checking,2024-04-15,3526.64,Active
49371151,13732591,872246,Savings,2020-01-18,5199.76,Active
47175694,81752996,216739,Savings,2020-01-11,23004.79,Active
63657999,47307041,334053,Checking,2021-05-03,12642.89,Active
49960978,27373433,877572,Checking,2024-08-05,2784.97,Active
81287183,38139308,334053,Savings,2022-03-13,910.59,Active
64313362,65802725,388389,Savings,2025-03-01,9372.95,Active
35084301,49174862,719176,Checking,2023-12-02,3357.83,Active
60905490,44795990,388389,Savings,2022-07-04,890.75,Active
98261015,87718413,126225,Savings,2021-10-08,5716.32,Active
45340693,57911145,356787,Checking,2023-03-04,7604.34,Active
54319129,79749541,770487,Checking,2021-03-13,2054.94,Active
95508509,39987533,876646,Savings,2020-03-01,20484.12,Active
37148705,28827060,126225,Savings,2023-10-12,4713.47,Active
72472611,75902440,809570,Savings,2022-02-06,6766.66,Active
68868135,39146157,216739,Checking,2022-04-21,1707.76,Active
23484456,51504428,877572,Savings,2021-10-16,5201.85,Active
66541611,74241397,719176,Checking,2024-10-24,3204.24,Active
52779053,80849046,246316,Savings,2025-09-06,34009.19,Active
99473454,23983263,671858,Savings,2022-06-11,3058.93,Active
13752368,94238694,356787,Checking,2025-01-25,4131.65,Active
14669873,49004748,191161,Savings,2023-03-24,1555.84,Active
98261042,75613832,334053,Savings,2025-08-24,18252.56,Active
39344185,47984879,388389,Savings,2022-09-08,3033.14,Active
24401979,36562095,207473,Savings,2022-07-20,1343.39,Active
27547709,76483420,388389,Savings,2022-01-18,8739.88,Active
16013383,91517881,126225,Savings,2022-09-26,9107.01,Active
96753736,64478604,872246,Savings,2021-09-13,2659.48,Active
26925127,35379284,876646,Checking,2023-08-22,1561.15,Active
92756039,58546204,334053,Savings,2024-11-17,4334.16,Active
34854986,44818205,334053,Savings,2024-08-28,2978.23,Active
59758668,44837154,876646,Savings,2022-03-10,3328.88,Active
78469196,59161322,207473,Checking,2022-03-01,7268.33,Active
49272910,71209942,872246,Savings,2023-06-03,8497.12,Active
49993799,94399594,246316,Checking,2025-10-18,4946.88,Active
99276880,49206677,876646,Savings,2024-10-07,1607.38,Active
48420944,66925332,877572,Checking,2025-03-13,708.33,Active
40556625,13215183,719176,Savings,2025-05-28,4551.46,Active
80238669,38573034,719176,Checking,2025-09-05,728.61,Active
17356885,91142579,126225,Checking,2024-10-11,2421.02,Active
66934872,64054811,388389,Savings,2020-11-04,5931.23,Active
30300250,97304191,191161,Savings,2024-05-08,5825.68,Active
52615260,57871750,246316,Savings,2022-10-02,3966.74,Active
31774815,67182554,207473,Savings,2025-04-30,4969.59,Active
48158816,16996835,334053,Savings,2025-11-24,6999.32,Active
38295650,19795789,334053,Savings,2022-03-22,1343.04,Active
13654116,57593471,388389,Checking,2021-06-26,1836.0,Active
12671076,86650519,334053,Savings,2025-01-20,7372.29,Active
89610342,26510980,246316,Savings,2024-07-19,6212.75,Active
92919916,85042631,388389,Savings,2025-11-04,3374.51,Active
23418988,31524239,770487,Savings,2022-11-20,10792.05,Active
27547766,79945393,356787,Savings,2025-04-16,16245.82,Closed
57694326,97005856,388389,Savings,2025-12-16,2426.16,Closed
71325816,53434689,877572,Checking,2023-06-27,10792.58,Active
73193594,73611589,334053,Savings,2022-08-12,3354.45,Active
33708155,69393218,719176,Savings,2020-02-14,926.16,Active
81221755,52718225,334053,Savings,2020-12-06,5391.63,Active
12605566,40518226,246316,Checking,2023-05-01,11588.86,Closed
92723328,56809313,207473,Savings,2021-11-02,2656.31,Active
61167745,93612610,334053,Savings,2020-04-28,13908.18,Active
76339333,51411266,872246,Savings,2022-06-12,3864.97,Active
74111113,79078311,719176,Savings,2021-09-27,8870.16,Active
40360075,34916110,809570,Savings,2024-07-27,9111.04,Active
58284174,74811674,671858,Savings,2023-04-03,4970.82,Closed
32921742,83021172,876646,Checking,2023-01-13,31704.7,Active
94886032,80266070,216739,Savings,2021-06-18,16820.17,Active
78600339,55317976,809570,Savings,2020-09-01,957.03,Active
32725140,54706953,334053,Savings,2020-09-15,721.38,Active
14276757,68628561,671858,Savings,2020-02-22,7099.19,Active
30759062,64765985,719176,Savings,2023-05-12,639.42,Active
44357784,80492586,356787,Savings,2024-02-24,4508.49,Active
17881243,43013177,719176,Savings,2022-10-08,12198.43,Active
43309211,57518328,216739,Savings,2023-03-12,7613.03,Active
15882399,48287696,216739,Savings,2021-10-05,2835.96,Active
14014624,68790343,877572,Savings,2020-01-04,13882.68,Active
72439973,25821540,126225,Savings,2023-08-23,3843.68,Active
73488552,58832895,207473,Savings,2022-10-28,5025.38,Active
30431402,56816177,719176,Checking,2020-12-15,3582.96,Active
99145904,22020872,809570,Savings,2022-03-08,8118.05,Active
44128433,66990439,246316,Savings,2024-08-03,1750.32,Active
10475699,77322690,356787,Savings,2021-10-08,4184.87,Active
40655028,35216784,216739,Savings,2024-05-18,7793.54,Active
13654196,15332684,719176,Savings,2023-10-27,28636.12,Active
73521335,14838121,719176,Checking,2023-10-02,8342.9,Active
63887544,45513383,356787,Checking,2023-09-18,699.42,Active
29972669,38487173,334053,Checking,2022-08-03,7793.58,Active
33151169,82763265,334053,Savings,2024-08-25,2932.93,Active
38328517,34184736,334053,Savings,2020-08-02,9487.7,Active
43112646,19037824,356787,Savings,2025-05-28,1358.11,Active
64411846,95995509,216739,Checking,2023-09-26,2048.24,Closed
33216712,88298796,334053,Savings,2023-11-23,3798.14,Active
36853961,19513051,126225,Savings,2022-09-16,4000.47,Active
46094533,31237474,809570,Savings,2020-05-06,9590.8,Active
58120389,38569395,334053,Savings,2024-07-07,9052.03,Active
63592654,10092296,207473,Savings,2021-03-25,1906.57,Active
22534354,73495769,809570,Savings,2021-09-16,16468.79,Active
51927253,40819352,388389,Savings,2020-07-26,5881.96,Active
93870294,40588727,216739,Savings,2024-01-29,1902.97,Active
62937301,12621097,877572,Savings,2025-09-05,647.67,Active
38426838,24465121,809570,Savings,2022-09-13,15569.09,Active
61200602,25729422,191161,Checking,2024-06-02,2922.27,Active
17357019,65415031,207473,Checking,2020-03-21,2617.84,Active
17848544,37902884,809570,Checking,2024-07-19,9357.45,Closed
94787810,22764538,246316,Savings,2022-12-11,1577.58,Active
70113508,25037526,719176,Savings,2025-11-21,3138.31,Active
13261029,83782677,809570,Savings,2021-05-11,2693.85,Active
80140518,53037622,872246,Savings,2023-10-07,4483.74,Active
17357031,43969546,877572,Savings,2022-07-23,7650.95,Active
45570284,10971584,388389,Savings,2023-01-01,10036.94,Active
40196334,34521615,191161,Savings,2021-04-01,8088.72,Active
17586415,82598543,356787,Savings,2022-12-24,15972.02,Active
65984755,99688354,126225,Savings,2023-11-03,2501.58,Active
14866677,12879541,809570,Checking,2020-06-29,6705.97,Active
61888758,32650047,388389,Checking,2020-01-24,3165.87,Active
62675190,32651219,207473,Savings,2025-10-12,4393.13,Active
85317878,54071706,216739,Savings,2025-06-05,4324.79,Active
10770682,11891665,719176,Savings,2024-03-14,1369.47,Active
40524029,28922464,216739,Savings,2023-06-05,5919.75,Active
19454208,80662214,207473,Savings,2023-07-30,5312.91,Active
34167042,57842293,872246,Checking,2023-03-11,4961.5,Active
48519429,88867745,126225,Checking,2023-07-05,3694.8,Closed
83319050,51140263,126225,Savings,2020-12-18,702.41,Active
29382923,56740305,216739,Savings,2021-11-16,5534.48,Active
78665997,46359866,877572,Checking,2025-10-21,8242.35,Active
17946893,30803423,246316,Savings,2025-02-06,22772.55,Active
15522065,91242132,388389,Checking,2025-04-12,6944.34,Active
67721491,93306443,877572,Savings,2021-08-10,55182.26,Active
77846804,79178713,334053,Savings,2023-08-10,5081.39,Active
14440725,86004622,809570,Savings,2021-06-07,6128.26,Active
49830164,83360971,877572,Checking,2023-12-24,4129.56,Active
63396121,81256685,388389,Savings,2023-08-06,3156.38,Active
34887966,41105502,770487,Checking,2025-06-04,8412.01,Active
17324324,62336123,334053,Savings,2025-10-21,15582.28,Active
50223399,16953684,191161,Savings,2024-01-25,8043.05,Active
84334891,65904618,246316,Savings,2022-07-12,6151.8,Active
71784747,41073228,334053,Savings,2024-03-25,3612.97,Active
32594221,10189941,877572,Savings,2022-08-21,4813.48,Active
86399278,71068532,216739,Savings,2022-08-23,4896.87,Active
86104367,44730338,876646,Savings,2023-06-08,6260.86,Active
73423152,80081826,334053,Checking,2020-11-08,5519.58,Active
32987435,38739758,388389,Checking,2022-02-14,2204.74,Active
91085104,87568436,334053,Checking,2020-10-05,18037.84,Active
24926515,91907495,191161,Savings,2025-12-19,30217.02,Active
81189172,95587711,671858,Savings,2024-04-12,4835.3,Active
71063859,62493989,877572,Savings,2025-11-12,5450.87,Closed
84465973,26669845,216739,Savings,2024-05-30,8609.92,Active
26630455,16796297,334053,Savings,2020-06-20,2551.64,Active
67262776,14133133,388389,Savings,2020-01-22,7980.48,Active
62576952,14558338,246316,Checking,2020-04-04,3283.0,Active
34396474,67381214,246316,Checking,2023-03-14,3668.4,Active
85678396,74995354,207473,Checking,2021-09-01,1632.47,Active
99080509,27939984,356787,Savings,2025-09-30,3436.83,Active
90954046,41424194,877572,Checking,2023-01-09,6118.32,Active
32463168,48040455,877572,Savings,2023-02-14,23895.59,Active
75454785,70514507,216739,Checking,2023-02-22,3995.5,Active
96033091,58694889,246316,Savings,2021-09-11,3148.64,Active
68213061,81419313,246316,Checking,2020-10-08,7467.09,Active
20666693,69180235,671858,Savings,2023-11-27,14375.65,Active
91773256,60909737,216739,Checking,2023-07-20,17353.89,Active
35543370,42251899,246316,Savings,2022-02-22,1379.46,Active
75094347,70034069,207473,Savings,2021-12-29,5460.17,Active
63101260,83153456,191161,Savings,2021-10-03,25864.57,Active
20076878,36946163,334053,Checking,2022-04-30,1629.75,Active
96819537,76780112,216739,Savings,2020-03-09,6098.13,Active
74373458,95148713,216739,Savings,2023-02-01,6448.76,Active
43342162,45472122,191161,Savings,2024-10-09,1464.79,Active
37378385,66517961,388389,Savings,2020-11-26,8123.82,Active
72636757,38424694,719176,Savings,2020-12-04,8641.21,Active
49830233,34404953,126225,Savings,2024-11-30,3051.54,Active
33315162,11168329,876646,Checking,2023-10-23,1708.2,Active
78731610,26749735,876646,Checking,2025-04-30,17349.28,Active
67000670,66948362,809570,Savings,2020-05-06,1838.01,Active
82172258,73142096,719176,Savings,2021-11-01,18577.93,Active
66476390,43711182,809570,Savings,2022-08-06,7026.22,Active
22337895,67694474,126225,Checking,2021-10-06,4311.82,Active
91314538,21269218,191161,Savings,2024-03-28,17319.57,Active
70769004,86923860,876646,Savings,2024-06-15,3956.37,Active
21813615,50406351,876646,Savings,2022-03-31,4941.75,Active
36919663,46546762,876646,Checking,2020-02-02,9526.46,Active
68999537,23879465,877572,Checking,2023-06-06,2751.5,Active
46487925,37815268,126225,Checking,2022-05-20,6236.81,Active
29514103,77515432,126225,Checking,2022-11-20,1752.91,Active
98294136,53380355,388389,Savings,2023-05-21,8764.95,Active
25319801,28945147,126225,Savings,2021-09-27,2680.58,Active
79485303,57395843,877572,Checking,2022-06-17,6526.69,Active
26827131,98229876,216739,Savings,2022-09-07,112302.19,Active
45373816,90456428,388389,Savings,2025-10-29,2459.52,Active
25713022,61675284,809570,Savings,2020-02-10,21623.53,Closed
39410047,54853899,671858,Savings,2024-07-16,4551.39,Active
29481345,98803554,719176,Savings,2022-11-29,10447.84,Closed
81189250,21616030,388389,Checking,2022-11-07,12407.6,Active
19192196,68129629,246316,Savings,2025-06-18,9954.96,Active
12540295,78054424,216739,Checking,2024-11-25,6256.3,Active
93968775,30873661,388389,Savings,2024-12-13,936.16,Active
45930889,95190669,216739,Savings,2021-10-29,11529.73,Active
12310924,39605202,246316,Savings,2025-04-16,5261.93,Active
45144466,44168310,246316,Savings,2024-11-09,2667.1,Active
13425044,62063620,388389,Savings,2022-03-10,3027.52,Active
78731672,41002277,877572,Savings,2025-12-04,1493.44,Closed
76798361,63006139,719176,Savings,2024-02-26,5694.48,Active
47896986,80237690,356787,Savings,2023-09-12,3300.07,Active
24762780,64848745,809570,Savings,2023-03-27,3702.94,Active
88332706,43739790,876646,Savings,2021-01-16,9713.88,Active
64313762,86582679,126225,Checking,2021-01-23,3836.39,Active
29317547,82675371,809570,Savings,2022-11-03,6206.27,Active
61430193,85001568,334053,Checking,2020-07-16,3509.2,Active
76962229,99087206,334053,Savings,2022-10-16,6034.12,Closed
97376694,33088830,334053,Checking,2025-04-21,2510.12,Active
99998133,74783604,216739,Savings,2020-09-07,1520.93,Closed
14473656,25516055,877572,Checking,2020-02-19,3622.34,Active
53270968,39977062,877572,Savings,2023-08-20,3521.24,Closed
11164091,36639171,671858,Checking,2020-08-18,2968.72,Active
74930620,19440816,334053,Checking,2025-04-20,6462.24,Closed
39115196,84550610,388389,Savings,2020-01-09,16192.77,Active
45668798,84645277,671858,Savings,2024-06-04,1352.46,Active
47274432,19222054,877572,Savings,2023-02-22,9218.95,Active
78207429,57849581,246316,Savings,2021-07-30,20702.27,Active
81877447,61607984,671858,Savings,2021-12-19,9670.13,Active
28596679,91327713,216739,Savings,2023-08-09,6031.28,Active
35576269,56977115,877572,Savings,2020-02-26,6809.99,Active
74602958,57420908,809570,Savings,2024-02-19,9500.84,Active
22403536,75586428,719176,Savings,2020-01-04,298.12,Active
31807957,50673081,216739,Savings,2023-01-04,792.02,Active
50715093,29695271,334053,Savings,2023-01-03,5685.59,Active
86071767,70789372,388389,Savings,2023-11-27,5217.75,Closed
39836119,60663857,334053,Savings,2025-12-05,16918.62,Active
25024984,98075758,246316,Savings,2021-11-15,4686.2,Closed
26827226,33323922,876646,Savings,2023-02-10,2675.84,Active
98654682,99430174,876646,Savings,2022-09-06,1326.89,Active
96360921,53979536,809570,Savings,2021-11-07,3385.09,Active
79321557,76815040,356787,Checking,2024-03-28,2554.38,Active
19716575,84352009,388389,Checking,2022-10-28,6497.21,Active
49961442,74090572,207473,Checking,2022-09-25,8952.75,Active
79649251,42336803,719176,Savings,2024-10-16,1766.98,Active
67525093,54921179,216739,Savings,2020-09-11,10304.86,Active
47340011,18208127,809570,Checking,2021-07-09,512.08,Active
18700779,21434872,334053,Checking,2022-06-25,15666.34,Active
16701934,14004669,877572,Savings,2024-08-24,2256.71,Active
90102255,83013306,216739,Checking,2020-08-22,13017.71,Active
58579440,42360159,876646,Checking,2020-04-05,2615.24,Active
21322225,51398319,388389,Checking,2023-09-21,6029.39,Active
79092209,28088407,770487,Savings,2020-08-05,3071.17,Active
40163829,28456097,872246,Savings,2020-12-22,9132.2,Active
23878135,38865037,719176,Savings,2020-07-22,2059.11,Active
72407543,27096116,809570,Savings,2021-08-26,1288.7,Active
53697017,63025581,388389,Savings,2022-10-23,8429.17,Active
48585210,14940572,809570,Checking,2023-05-11,3044.72,Active
24566265,85502517,809570,Checking,2025-03-13,22981.48,Active
31906300,56542534,872246,Savings,2021-04-02,7691.7,Active
77552125,88199718,334053,Savings,2021-05-22,14087.08,Active
65722876,50725845,246316,Savings,2025-08-22,15119.95,Active
76470782,43643075,356787,Checking,2022-10-20,3325.47,Active
47307264,77938013,876646,Savings,2021-11-03,4991.77,Active
61626882,32888482,872246,Savings,2025-01-31,6693.31,Active
66214403,68752317,809570,Savings,2025-07-27,2466.43,Active
77617669,65335804,126225,Savings,2022-01-31,2874.75,Active
19683845,70377907,671858,Savings,2022-03-24,5183.94,Active
65952266,24551530,876646,Savings,2020-04-04,14650.43,Active
80337419,54415010,207473,Checking,2024-01-14,5277.65,Active
28236300,49482988,770487,Savings,2023-03-06,6726.79,Closed
24336913,62405728,877572,Savings,2024-12-25,9002.27,Active
47241745,30647550,334053,Checking,2024-07-05,14276.06,Active
76208659,14942372,719176,Savings,2025-01-27,9426.52,Active
56777235,74355531,809570,Savings,2025-05-11,3952.98,Active
96197138,58380316,216739,Savings,2025-03-11,3786.35,Active
94132759,17677962,207473,Checking,2025-06-26,367.32,Active
33118748,75151093,216739,Savings,2025-12-09,2337.29,Active
88234526,13605615,719176,Savings,2025-07-25,8259.8,Active
16472606,36166856,207473,Savings,2024-09-09,2055.72,Active
14047775,96065894,191161,Checking,2024-11-08,2265.28,Active
86235681,21641635,334053,Savings,2022-01-02,11500.53,Active
96492062,74157331,809570,Savings,2022-08-10,1843.76,Active
38394403,40269419,872246,Savings,2020-10-22,2317.31,Active
54614565,18112564,809570,Savings,2021-01-29,2337.64,Active
91642407,31289886,877572,Savings,2022-09-18,1441.36,Active
78567977,65980592,216739,Savings,2020-12-03,2540.76,Active
76372523,33182157,246316,Checking,2020-03-29,401.69,Active
45406764,33401772,719176,Savings,2020-05-11,42654.67,Closed
95443500,50581094,876646,Savings,2022-06-11,3794.59,Active
87906861,27247526,246316,Savings,2021-08-26,5217.43,Active
65198638,43029894,877572,Savings,2020-04-06,716.72,Active
32496176,17435827,334053,Checking,2021-12-14,2171.28,Active
92133938,38022663,809570,Savings,2024-05-05,5063.46,Active
23910963,24140530,216739,Savings,2021-02-13,1405.13,Active
92822069,20230032,388389,Savings,2025-02-12,10481.18,Active
36559414,14216463,126225,Savings,2023-10-12,5651.26,Active
13031995,19204640,809570,Savings,2021-07-29,3429.28,Active
40917564,32158429,126225,Savings,2024-10-24,4660.53,Active
91576892,21277587,770487,Savings,2025-01-05,2895.45,Active
55401023,72917740,334053,Savings,2024-05-18,825.53,Active
67525183,33814675,356787,Checking,2022-05-22,5808.42,Active
30628415,88429219,877572,Savings,2020-09-03,1407.55,Active
96688707,19000500,356787,Savings,2022-10-05,4836.41,Active
63527492,58093846,126225,Savings,2020-02-14,12776.6,Active
89414224,88298255,770487,Savings,2021-10-24,4277.65,Active
56318544,77125394,872246,Savings,2020-10-07,5434.52,Closed
76470866,69863016,191161,Savings,2020-02-03,1828.77,Active
97999444,47249475,126225,Savings,2024-05-11,1283.3,Active
80501333,94961599,671858,Savings,2022-10-04,12038.09,Active
81025622,48675508,388389,Savings,2020-06-15,10736.6,Active
55007832,33049268,191161,Checking,2022-10-26,15040.53,Closed
84204128,17461913,356787,Savings,2021-08-25,34850.32,Closed
86366816,28309304,216739,Savings,2020-11-12,3035.17,Active
21584482,22226750,877572,Savings,2024-06-19,6738.65,Active
34921059,87749832,388389,Savings,2025-04-02,13745.61,Active
10410603,54683276,877572,Checking,2020-08-06,29329.9,Active
18635375,27171287,356787,Savings,2024-10-25,13622.95,Active
89545329,24813451,207473,Savings,2025-11-15,2177.99,Active
66148977,67954483,770487,Savings,2024-09-01,22556.89,Active
64150132,48217622,388389,Checking,2025-10-23,10971.77,Active
77552246,83012538,246316,Savings,2021-08-26,6405.02,Active
29088374,87833530,126225,Checking,2021-08-07,3214.75,Active
19323512,87833796,207473,Checking,2024-04-17,20331.39,Active
28072571,72541552,207473,Checking,2022-09-22,61995.99,Active
59857532,67278646,809570,Savings,2023-03-13,4333.89,Active
17259134,40821253,334053,Savings,2024-09-29,5859.82,Active
17193605,76684613,388389,Savings,2025-05-28,8003.98,Active
24107655,55049216,770487,Savings,2024-05-14,1919.08,Active
13654663,76271017,719176,Checking,2020-03-23,5109.81,Active
40557194,26316077,770487,Savings,2021-07-20,8874.34,Active
50551438,87615164,191161,Savings,2021-04-19,28758.34,Active
58874511,19728002,216739,Savings,2023-04-12,4270.68,Active
90954388,87433088,719176,Savings,2025-11-23,7757.05,Active
60545685,33053885,126225,Checking,2021-06-23,2761.21,Active
10934934,50631203,126225,Savings,2020-08-09,11202.02,Active
66411157,54361087,809570,Checking,2022-09-22,4441.65,Active
67263128,58532759,334053,Checking,2022-12-02,11645.22,Active
65624726,53067540,334053,Checking,2025-02-16,2675.02,Active
64281244,95261238,877572,Savings,2023-03-13,1217.09,Active
53041821,29505102,246316,Checking,2022-09-05,2484.62,Closed
76176031,26278384,719176,Savings,2020-07-05,20035.89,Active
82041503,39138583,877572,Savings,2025-11-29,4310.16,Active
57465504,36865874,719176,Savings,2022-02-27,4529.7,Active
34298530,75345837,334053,Savings,2021-07-03,6552.54,Active
63429285,30743996,719176,Savings,2023-08-10,5360.59,Active
62118570,62607658,126225,Savings,2023-06-11,7856.48,Active
43834028,78013886,216739,Checking,2022-08-24,5730.17,Active
26172078,11000660,334053,Checking,2023-12-05,88546.89,Active
64772783,71696280,334053,Checking,2021-11-08,16930.65,Active
92035760,41908888,872246,Savings,2024-10-25,11468.35,Active
26827441,24243671,876646,Savings,2020-07-18,10432.44,Active
37051056,87517348,356787,Savings,2025-04-10,7354.01,Active
98720435,36388840,809570,Checking,2023-02-21,3813.13,Active
68344499,89145547,126225,Checking,2022-11-10,9416.99,Active
13163185,47905171,126225,Checking,2024-04-24,1591.27,Active
46193334,61816909,809570,Checking,2020-03-29,1743.51,Active
59038391,96987073,671858,Savings,2025-09-10,3713.8,Active
70900400,65478943,334053,Savings,2023-11-18,7092.27,Active
70572729,41946840,207473,Savings,2024-09-29,2611.86,Active
78437049,48100633,876646,Savings,2024-04-18,7914.43,Active
24926906,70452086,876646,Checking,2025-04-24,1428.78,Active
48650937,79269014,207473,Checking,2023-02-05,3903.64,Active
16407229,81509891,876646,Savings,2025-11-26,1224.9,Active
61135550,18359717,877572,Checking,2021-11-10,5961.4,Active
63429311,35446306,809570,Savings,2022-12-06,22738.79,Active
16734912,67954180,216739,Savings,2021-01-08,5357.15,Active
83221181,43941067,191161,Savings,2022-12-04,13250.44,Active
84302530,58917715,334053,Savings,2020-12-19,12743.42,Active
68311745,99065797,216739,Checking,2020-03-10,4056.94,Closed
78174916,20623370,876646,Savings,2023-06-15,8956.32,Active
11688637,75887818,877572,Savings,2023-12-08,1590.14,Active
73325256,53225813,246316,Checking,2024-06-19,4191.06,Closed
95247049,58482724,809570,Savings,2020-12-17,5168.25,Active
17980106,51018545,388389,Checking,2020-09-27,2186.76,Active
30694093,97256466,809570,Checking,2022-03-11,5564.31,Active
90757837,22472097,809570,Savings,2020-06-20,2696.77,Active
72571597,98132864,876646,Savings,2024-06-23,11772.98,Active
71523026,27033524,334053,Savings,2024-04-20,1638.27,Active
67885778,86937135,671858,Savings,2020-05-13,2479.87,Active
54876883,49541343,872246,Savings,2022-04-02,5003.99,Active
56187605,80824184,872246,Savings,2020-03-28,2001.95,Active
21945043,15803003,191161,Checking,2024-03-24,23423.22,Closed
81910487,32543416,207473,Savings,2020-09-17,644.13,Active
53205720,52286400,872246,Savings,2020-12-09,2565.04,Closed
24697561,72189934,809570,Savings,2023-11-06,6133.28,Active
14965459,98152697,191161,Savings,2021-01-07,23346.14,Active
32201426,88399481,809570,Checking,2020-12-16,1184.57,Active
94821085,35973235,877572,Checking,2021-01-28,2009.82,Active
83909342,42775495,388389,Savings,2023-03-31,2965.63,Active
84171486,71922800,356787,Checking,2021-04-02,19778.61,Active
24992481,41586172,770487,Savings,2024-05-29,9764.07,Active
47602402,47987941,877572,Checking,2025-08-07,2428.61,Active
12737251,28991345,877572,Savings,2024-12-18,14113.9,Active
54680292,11590407,356787,Savings,2021-03-26,6601.78,Active
17488610,47258201,334053,Checking,2020-07-18,5617.14,Active
40557282,29102658,334053,Savings,2023-06-23,7224.93,Active
49535719,21846501,334053,Savings,2025-01-10,2181.02,Active
46062312,47586447,809570,Checking,2022-01-14,6804.23,Active
54221545,75912246,216739,Savings,2023-03-06,3873.38,Active
71588582,34831499,876646,Savings,2020-01-16,59671.75,Active
65395437,99735813,877572,Savings,2022-01-11,22012.28,Active
88759023,98829523,872246,Checking,2023-10-05,4197.63,Active
80108276,71934298,216739,Savings,2022-11-22,7344.43,Active
85449461,68587112,809570,Savings,2020-11-27,2001.96,Active
89873140,25094815,191161,Savings,2022-07-30,6791.73,Active
15686390,93984686,876646,Savings,2021-04-20,1764.86,Active
42195700,66448995,126225,Savings,2022-04-13,3135.07,Active
97016569,86531316,671858,Savings,2021-08-16,8511.06,Active
49011450,29690538,719176,Savings,2021-06-04,1864.89,Active
12770043,82483315,216739,Savings,2022-04-03,2058.97,Active
95050484,11906662,876646,Savings,2024-11-08,2336.27,Active
81124093,55599465,770487,Checking,2023-12-21,4498.36,Active
48421632,67236768,334053,Checking,2022-01-26,17342.45,Active
84761345,94168038,876646,Savings,2020-08-14,14369.77,Active
64117511,65391407,877572,Savings,2025-12-21,3344.92,Active
45898504,21027026,334053,Savings,2023-05-30,16971.92,Active
50158345,26736193,719176,Checking,2023-03-26,4785.65,Active
90266375,82275843,719176,Savings,2020-09-09,5776.07,Active
59398923,48217181,877572,Savings,2020-12-13,4724.37,Active
98851601,18809485,719176,Checking,2025-06-25,9323.1,Active
52681489,68403702,877572,Savings,2025-04-11,2276.76,Closed
43440915,23439234,356787,Savings,2020-07-31,3246.09,Active
93739795,19855881,388389,Savings,2025-05-26,13650.2,Active
85613339,28635581,671858,Checking,2023-04-16,3400.95,Active
48945948,97118688,388389,Savings,2025-01-19,2739.38,Active
74046237,37420339,334053,Savings,2023-12-26,1276.08,Active
29711133,14923642,334053,Savings,2023-10-04,8007.87,Active
51665692,59473772,876646,Savings,2024-10-01,1890.51,Active
62970656,59791875,246316,Savings,2024-04-17,21397.41,Active
16276257,94341360,207473,Savings,2025-07-14,8205.92,Active
30792478,38857058,770487,Savings,2025-10-12,1503.33,Active
95673118,11943334,356787,Savings,2024-08-24,5951.15,Active
99572512,78910923,334053,Savings,2021-10-13,2758.92,Active
82565925,25635996,216739,Checking,2022-04-02,9197.0,Active
62184230,58838709,356787,Checking,2021-07-05,3851.01,Active
67918629,98606079,334053,Savings,2023-07-18,38633.83,Active
13490983,33694289,126225,Checking,2023-08-19,37144.92,Active
80141098,84506012,216739,Savings,2025-09-22,3110.56,Active
76634925,52570341,126225,Savings,2023-01-01,4394.97,Active
56613678,28794710,334053,Savings,2024-12-21,10240.47,Active
44456751,92026012,809570,Savings,2025-11-23,2978.18,Active
31185715,18852560,877572,Checking,2025-05-21,3017.44,Active
80403253,96811625,334053,Savings,2020-01-06,1252.1,Active
58612533,71119118,671858,Savings,2025-01-17,1424.32,Active
14768954,73166821,872246,Savings,2024-12-11,10834.77,Active
86793020,16154977,388389,Savings,2022-05-29,5545.09,Active
82139970,76630564,872246,Savings,2025-12-17,2722.09,Active
62184259,65978513,334053,Savings,2022-03-27,9596.91,Active
87350082,69240585,877572,Savings,2025-10-13,820.76,Active
36920133,65458165,207473,Savings,2023-10-31,3996.68,Active
33545030,87631318,770487,Savings,2021-12-11,5108.16,Active
52091721,41022978,191161,Checking,2025-09-25,1725.82,Active
84073296,55049791,216739,Savings,2020-06-17,8717.61,Active
28007249,29317021,876646,Checking,2023-11-22,11604.79,Closed
46095186,19739926,334053,Savings,2024-01-07,5670.86,Active
63724381,56072878,126225,Savings,2023-05-21,2875.47,Active
28498784,39668704,877572,Savings,2025-07-03,2384.0,Active
93576040,65836016,872246,Checking,2024-03-25,4937.6,Active
28007273,26570894,719176,Savings,2021-01-30,2574.84,Closed
29940585,90462901,770487,Savings,2020-03-18,5621.83,Active
74767215,74526697,191161,Savings,2025-05-06,13165.98,Active
72145777,18110368,388389,Savings,2023-05-13,9557.03,Active
12114803,23691162,388389,Savings,2020-07-09,3950.9,Active
53107574,56665214,216739,Savings,2020-10-30,7522.15,Active
34921334,81276715,872246,Savings,2023-07-15,5141.06,Active
90069881,59061599,877572,Savings,2024-08-20,6741.75,Closed
36559744,35573119,246316,Savings,2022-08-05,5996.99,Active
26401667,47828147,770487,Checking,2022-09-07,36299.82,Active
52976518,47083607,388389,Checking,2024-03-15,7156.27,Active
21584775,81486463,356787,Savings,2023-12-05,15188.34,Active
96361350,15791334,216739,Savings,2021-09-26,1646.35,Closed
55663504,10358277,872246,Savings,2021-09-16,10643.27,Active
22043539,13855045,877572,Savings,2024-09-11,3803.36,Closed
18865046,50437758,246316,Savings,2024-09-28,7496.43,Active
36330391,83926899,216739,Savings,2025-01-22,5589.92,Active
15063961,96331544,809570,Savings,2023-08-30,194.09,Active
42982298,99783778,719176,Checking,2025-10-23,28121.33,Active
84204443,85908867,877572,Savings,2025-07-02,1430.61,Active
64510880,93240636,216739,Savings,2020-08-11,1778.84,Active
13163424,72099851,246316,Checking,2023-05-08,3612.12,Active
40426403,67764322,216739,Savings,2025-08-21,2460.34,Active
63167400,87838256,216739,Savings,2020-02-17,2538.57,Active
40426413,57223553,246316,Savings,2024-03-07,5973.97,Active
72145839,78718631,356787,Checking,2020-12-06,6680.73,Active
35478447,38625589,877572,Savings,2020-08-08,3882.98,Active
38951857,65999743,877572,Savings,2023-07-23,4196.65,Active
80665528,59737790,872246,Checking,2023-12-18,3791.37,Active
47209403,48838001,877572,Checking,2020-02-08,4152.08,Active
93903804,68756586,207473,Checking,2020-06-12,10817.24,Active
91184060,76681664,719176,Savings,2023-12-04,27116.18,Closed
22338495,59138081,246316,Savings,2025-04-06,8806.1,Active
53205954,51079014,334053,Checking,2024-04-24,47433.67,Active
73489348,96100836,126225,Savings,2023-01-31,399.64,Active
74898377,30231619,770487,Savings,2023-10-11,3429.52,Active
95738826,82501291,126225,Checking,2021-08-31,2254.8,Active
56515537,41589221,334053,Savings,2020-10-24,20011.63,Active
58579923,93067471,877572,Savings,2025-04-18,9930.88,Closed
36985812,63537509,877572,Savings,2022-04-13,5642.04,Active
74275797,67608193,872246,Savings,2020-01-03,11892.62,Active
88431573,22870492,877572,Savings,2021-04-17,20940.43,Active
50912213,53891982,877572,Checking,2021-04-25,2264.38,Active
63265752,30838048,216739,Savings,2024-11-29,2267.11,Active
30858205,34938316,334053,Savings,2022-07-16,4018.79,Active
14375902,26234935,388389,Checking,2022-03-17,6544.05,Active
15621087,11613919,770487,Checking,2021-02-25,9139.1,Active
19487711,69236768,388389,Savings,2025-09-22,5469.53,Active
23256033,37149608,216739,Savings,2024-07-13,6052.62,Active
26041318,13923420,388389,Checking,2022-11-19,10250.89,Active
87710695,24357909,191161,Savings,2023-01-03,8723.04,Active
99277799,46624012,334053,Savings,2023-06-03,4471.26,Active
39082985,52343514,334053,Savings,2023-10-21,10675.31,Active
17390568,43919633,207473,Savings,2021-09-11,3555.05,Active
97803243,73715184,876646,Savings,2021-06-05,4756.33,Active
64740331,65875906,216739,Savings,2021-11-14,36117.96,Active
62774253,50286246,334053,Savings,2022-06-26,1885.93,Active
65231855,78997675,719176,Savings,2021-01-19,6836.16,Active
31022064,66665722,126225,Savings,2025-09-08,5618.2,Active
84728817,68583191,207473,Savings,2023-01-30,14400.95,Active
37116914,46445736,877572,Checking,2025-12-28,45197.3,Active
60644341,11680636,809570,Savings,2024-01-15,15738.84,Active
14638071,16906543,671858,Checking,2021-12-16,6507.26,Active
88071161,82177752,719176,Savings,2021-12-29,7964.4,Active
16702460,81789730,126225,Savings,2021-05-17,2824.98,Active
20634627,17144245,877572,Savings,2023-04-17,7897.23,Active
68443141,89629316,334053,Checking,2025-01-19,14828.7,Active
18078731,35795744,356787,Savings,2020-03-15,22194.09,Closed
95083531,88042954,809570,Checking,2022-07-07,3384.35,Active
58612756,90861860,877572,Checking,2022-07-20,9438.34,Active
97573909,20010731,809570,Savings,2023-04-02,1732.32,Active
36625429,57526653,334053,Checking,2021-10-21,4022.15,Active
40033301,62514232,388389,Savings,2021-07-16,3909.59,Active
58416149,38979243,216739,Savings,2020-10-19,20303.02,Active
22862873,93576948,356787,Savings,2023-12-01,524.18,Active
79977498,17995030,356787,Savings,2025-06-09,25424.95,Active
26205211,33793492,809570,Savings,2020-03-17,1468.63,Active
25746460,39404895,809570,Savings,2023-03-31,4299.02,Active
62886682,32239676,388389,Savings,2022-06-03,28992.06,Active
93707299,93801562,207473,Savings,2023-12-20,592.6,Active
83418153,19202924,388389,Savings,2025-05-04,1642.24,Active
59890730,32603398,126225,Savings,2020-01-11,11671.1,Active
77061163,59942937,671858,Savings,2024-02-19,1035.1,Active
30137388,15042790,719176,Savings,2025-11-20,41112.98,Active
24075309,57397903,356787,Checking,2022-07-24,4218.52,Active
55893039,94576571,877572,Checking,2024-01-03,6260.85,Active
32169008,71550364,334053,Checking,2024-06-03,6371.93,Active
45341746,14714118,671858,Savings,2022-02-01,3582.14,Active
17685555,61752356,246316,Savings,2022-12-26,15902.75,Active
75848757,89194111,334053,Savings,2024-12-19,1578.59,Active
95181877,93292248,216739,Checking,2020-03-21,3243.35,Active
23092283,69520866,809570,Savings,2024-03-18,5025.42,Closed
24960060,84359161,334053,Savings,2022-04-08,3155.53,Active
89676862,37903550,126225,Savings,2025-07-21,966.58,Active
23387199,10855998,872246,Savings,2025-04-14,7358.17,Active
19160128,21952590,334053,Savings,2025-06-01,3620.41,Closed
29121601,77122428,872246,Savings,2022-12-07,2981.95,Active
90725443,27793490,216739,Savings,2025-09-22,37741.42,Closed
71228485,27492407,809570,Savings,2022-01-23,8735.8,Active
81157192,39206666,770487,Savings,2025-11-08,2421.2,Active
13589576,93118330,388389,Savings,2020-04-22,3909.31,Closed
28892239,67770480,246316,Savings,2024-03-28,2242.81,Active
87841872,97045335,207473,Checking,2021-05-12,2286.93,Active
14113875,97859643,388389,Savings,2022-12-05,2125.71,Active
89513044,76846303,334053,Savings,2025-05-21,5393.24,Active
97705045,25256771,334053,Savings,2025-09-09,2123.56,Active
61398100,74616637,191161,Savings,2023-07-22,1568.01,Active
59104343,31583288,216739,Checking,2022-07-19,919.81,Active
49142872,59286860,809570,Savings,2025-03-19,6286.82,Active
44325975,58571728,872246,Savings,2022-11-28,7182.73,Active
46521435,27232830,216739,Savings,2022-04-02,3471.87,Active
94461020,47113249,126225,Checking,2022-08-18,8171.22,Active
58416221,64286177,719176,Savings,2020-12-01,757.9,Active
72211550,72722957,877572,Checking,2023-08-07,997.88,Active
45833311,41032607,191161,Savings,2022-09-19,4653.29,Active
87055458,91202896,770487,Savings,2021-03-17,8624.17,Active
82697318,76170884,216739,Savings,2020-02-11,3002.49,Active
51305577,55905540,126225,Savings,2025-07-13,8953.3,Active
10837102,29984925,388389,Checking,2021-10-19,7767.64,Active
38067311,40994964,671858,Savings,2025-08-11,22789.07,Active
48553072,78127411,809570,Savings,2020-06-24,2380.41,Active
14048367,18204812,876646,Savings,2021-02-06,3579.27,Active
32824436,92092132,809570,Checking,2020-11-12,5960.92,Active
38919287,58875981,388389,Checking,2021-03-12,7645.71,Active
61725818,10092847,207473,Checking,2022-05-21,813.13,Active
47012987,69050527,877572,Savings,2022-07-11,4905.82,Active
94264444,42527071,876646,Savings,2020-06-30,6050.41,Closed
46062717,11554281,770487,Savings,2021-11-03,2995.81,Active
45210750,36683779,126225,Savings,2021-09-27,29806.96,Active
93445247,66822104,388389,Savings,2022-04-17,5082.78,Active
55729281,93076699,246316,Checking,2025-05-30,2413.47,Active
13917318,85353945,126225,Checking,2020-03-19,15809.0,Active
54189192,61408730,719176,Savings,2021-09-02,4049.88,Active
80960649,62368199,809570,Checking,2024-04-25,5308.52,Closed
65526925,37955815,207473,Savings,2025-05-23,4908.93,Active
35249294,21025737,388389,Savings,2022-02-27,16026.89,Active
37248142,38378846,872246,Checking,2025-06-30,3092.22,Active
60939407,35462697,671858,Savings,2024-01-29,2490.41,Active
69262483,46358928,876646,Savings,2021-08-04,1735.9,Active
74472595,77119614,334053,Checking,2020-03-29,4257.81,Active
17063059,18876915,877572,Savings,2025-12-19,5417.41,Closed
98065558,65864887,126225,Checking,2025-12-02,3976.82,Active
48815255,60412729,356787,Checking,2022-12-21,3355.7,Active
42491032,82508757,719176,Checking,2020-02-26,2597.04,Active
88857757,19505341,719176,Savings,2020-05-03,19534.97,Active
49831072,17788839,207473,Checking,2022-07-15,1911.87,Active
96427169,94324458,671858,Checking,2020-02-11,852.25,Active
93838498,91405321,207473,Savings,2021-06-29,4851.35,Active
91675816,67837879,809570,Checking,2021-05-03,25844.44,Active
88235177,24126805,126225,Checking,2020-07-21,9044.39,Closed
29711530,88366323,719176,Checking,2024-09-22,7723.17,Active
44522667,94306133,872246,Savings,2022-06-07,11263.49,Active
26074284,72735137,809570,Savings,2022-08-19,2846.74,Active
55794858,27485523,877572,Savings,2025-11-19,2402.09,Active
28400814,86864823,770487,Savings,2024-02-23,4927.28,Active
31546542,62143240,809570,Savings,2022-10-06,11584.29,Active
70605998,43191098,877572,Savings,2023-06-09,2847.51,Active
90004656,81026158,388389,Checking,2024-06-13,2441.23,Active
35413170,93826262,126225,Savings,2020-04-22,4110.89,Active
57728178,93795838,191161,Savings,2025-02-03,12189.67,Active
86432948,25661988,770487,Checking,2023-05-15,7109.24,Active
44227765,33004224,334053,Savings,2023-04-27,5609.87,Active
14802102,64351228,877572,Savings,2023-02-05,1871.81,Active
51862710,19022068,876646,Savings,2021-01-31,2871.97,Active
86760633,68203606,671858,Checking,2020-04-02,1841.81,Active
25058492,44350722,126225,Savings,2020-07-06,1457.36,Active
21454014,99051886,388389,Savings,2024-01-21,1966.27,Active
75848897,26434846,671858,Checking,2024-01-16,10140.33,Active
93445313,60130459,126225,Savings,2024-11-02,6839.02,Active
66411714,32803247,872246,Checking,2024-03-27,4813.67,Active
12082372,72444119,877572,Savings,2022-05-11,2089.44,Active
97606853,83727650,388389,Savings,2024-07-03,3574.07,Active
95182020,77553897,216739,Savings,2021-11-13,6396.4,Active
95673540,67114327,334053,Savings,2020-05-26,2342.73,Active
78306506,14932213,334053,Savings,2025-02-24,3871.7,Closed
45767883,47869930,356787,Savings,2024-02-04,4707.74,Active
18996426,18590267,191161,Checking,2025-01-21,19065.4,Active
20077771,90492280,877572,Savings,2021-11-07,11796.41,Active
57498827,44686834,216739,Savings,2021-08-28,27055.24,Closed
37051599,47263528,671858,Savings,2022-01-16,2943.98,Active
96885968,96305446,671858,Savings,2020-05-26,8246.75,Active
26926289,57476619,876646,Checking,2022-03-12,6480.24,Active
19717327,94116630,216739,Savings,2021-10-15,13266.96,Active
67919059,14137416,809570,Savings,2023-06-14,22471.21,Active
38952139,15353031,216739,Savings,2025-09-24,1920.49,Active
17358037,91477100,876646,Savings,2021-03-08,2968.42,Active
90889429,62207779,809570,Savings,2025-05-01,1173.78,Active
17816791,49714236,356787,Checking,2024-05-07,10023.89,Active
34495702,74654483,356787,Savings,2023-03-31,2322.35,Active
66706653,22460053,877572,Savings,2025-02-05,2468.85,Active
28302557,45704930,872246,Savings,2025-07-03,7923.79,Active
27385055,62874708,719176,Savings,2023-12-09,1341.47,Active
43015392,21302574,207473,Savings,2025-02-27,1607.31,Active
65854690,68004158,876646,Savings,2023-04-20,3067.99,Active
53370084,27383675,809570,Checking,2024-12-02,5120.88,Active
40885476,80913332,809570,Savings,2023-09-06,3671.75,Active
67984620,11789000,388389,Savings,2025-07-23,5829.5,Active
88988909,36477223,207473,Checking,2023-02-25,13636.71,Active
29973740,16853204,356787,Savings,2021-11-13,8316.03,Active
43310319,93947812,876646,Checking,2024-03-29,2835.49,Active
48553201,94282757,671858,Checking,2021-10-26,2876.16,Active
43343090,66256527,246316,Savings,2025-03-06,8044.32,Active
51502325,49883361,809570,Savings,2025-10-17,4082.69,Active
13098232,15691523,388389,Savings,2024-07-22,13085.16,Active
99933433,78934149,216739,Checking,2024-08-21,4940.93,Active
98819325,23866583,877572,Savings,2023-06-16,1437.79,Active
85908736,65957373,719176,Savings,2025-02-16,5751.45,Active
18930944,88383111,388389,Savings,2021-03-27,4603.5,Active
44981505,28096825,246316,Savings,2025-04-22,6074.65,Active
76438792,41992349,356787,Savings,2024-10-01,1555.61,Active
62971145,55911599,246316,Checking,2023-04-23,1478.99,Active
53107981,38765790,334053,Checking,2024-04-23,20301.76,Active
36166926,91640859,216739,Checking,2022-03-28,2466.61,Active
20241680,24217417,877572,Checking,2024-01-18,3597.85,Active
55500049,87546587,216739,Savings,2024-01-24,872.36,Active
81419537,15307003,719176,Checking,2021-12-23,5267.42,Active
41213204,74156138,216739,Savings,2025-02-05,1054.91,Active
96820500,90516945,872246,Savings,2022-09-28,4608.29,Active
67984664,45183868,770487,Savings,2021-09-10,5947.01,Active
82500891,82067400,191161,Savings,2025-12-12,3068.93,Active
19291420,31827138,770487,Savings,2020-03-06,8662.72,Active
30989596,76231055,877572,Checking,2022-11-14,5233.31,Active
10607908,60972517,334053,Savings,2021-09-26,6822.52,Active
19094821,57961458,246316,Savings,2021-01-16,4038.59,Active
91282728,63957036,246316,Checking,2021-01-16,5031.01,Active
72768808,54486674,770487,Checking,2020-05-05,33243.36,Active
23452969,38001296,246316,Checking,2025-08-24,4164.34,Active
84434219,96077458,207473,Savings,2023-06-27,2016.22,Closed
19750187,96560287,356787,Checking,2023-02-26,4010.99,Active
86695213,57328422,671858,Savings,2021-09-14,11427.51,Active
29547822,44901538,216739,Savings,2022-01-22,2039.47,Closed
24370481,33572013,334053,Savings,2020-07-13,735.96,Active
18242865,69541630,809570,Savings,2020-04-08,509.53,Active
31251766,76659467,246316,Savings,2020-01-10,5161.82,Active
16833849,56568012,671858,Savings,2024-01-18,3028.41,Active
48586041,77332514,719176,Savings,2025-04-30,12219.72,Active
59596091,40109240,126225,Savings,2024-07-30,4188.21,Active
65461567,91617990,207473,Savings,2025-04-07,18209.52,Active
13884736,82588295,877572,Savings,2023-08-06,1220.79,Active
47111493,26726784,207473,Savings,2025-04-10,5503.18,Active
78470470,89796198,876646,Savings,2025-11-17,9399.44,Active
14376263,28515794,809570,Savings,2024-11-29,5255.7,Active
62840139,81911727,877572,Savings,2022-09-10,7817.5,Active
97312082,50606845,809570,Savings,2024-01-27,6471.66,Active
36166997,73866746,876646,Savings,2023-05-03,1531.72,Closed
64904534,27322850,388389,Savings,2024-03-14,1825.51,Active
62217558,60643612,334053,Savings,2022-07-31,5389.72,Active
14114138,38984130,216739,Savings,2022-07-12,30229.2,Active
20077918,44217681,877572,Savings,2025-08-30,2689.86,Active
67427682,61995300,809570,Savings,2020-05-26,8127.93,Closed
86367587,84591120,770487,Savings,2022-03-02,4790.17,Active
26697062,22426037,216739,Savings,2025-12-07,7693.07,Active
69983591,82345360,356787,Savings,2022-03-23,5408.98,Active
78273896,77993135,191161,Savings,2020-09-23,2470.3,Active
13458795,51064636,334053,Savings,2024-10-28,8608.34,Active
49569133,95488872,246316,Savings,2025-07-08,6171.98,Active
64642413,66947358,216739,Savings,2020-06-21,21127.12,Active
70016368,29591693,809570,Savings,2022-03-12,8003.19,Active
74210676,24353696,334053,Savings,2022-11-07,1545.0,Active
56417655,88319964,126225,Savings,2025-09-24,9350.87,Active
71622008,88861111,356787,Savings,2020-06-08,10221.89,Active
85613946,98531821,334053,Savings,2022-06-19,7214.47,Active
66444667,12133562,388389,Checking,2025-02-21,16892.81,Active
93347196,85702617,246316,Savings,2022-10-16,917.4,Active
78306683,58172834,334053,Savings,2025-09-15,19125.19,Active
59137409,14743932,216739,Checking,2025-09-13,6436.78,Active
22961540,37193777,877572,Checking,2021-01-16,12089.77,Active
42491270,97303268,388389,Checking,2020-11-04,2424.66,Active
73588103,85557998,872246,Checking,2020-03-24,1006.88,Active
22142343,46183976,671858,Savings,2020-07-02,4418.3,Active
70606217,29504200,809570,Savings,2024-07-30,5650.11,Active
31251850,95954647,216739,Savings,2024-01-26,1516.85,Active
22502794,70213476,388389,Checking,2022-05-29,8540.9,Active
45964685,46764766,216739,Savings,2023-04-23,6893.79,Active
53992848,66016616,216739,Savings,2023-10-31,19743.99,Active
76242320,66148857,334053,Savings,2023-10-22,5286.49,Active
29515155,59470496,246316,Checking,2023-06-09,16041.74,Closed
42360212,77622717,126225,Checking,2024-03-18,5175.54,Active
24927638,41283148,671858,Savings,2023-04-24,5845.21,Active
92298647,39865876,191161,Savings,2025-01-22,9471.62,Active
47013272,62416641,876646,Savings,2025-05-31,5966.59,Active
28138910,56975704,719176,Savings,2024-07-06,2533.94,Active
39181726,84131006,388389,Savings,2024-12-09,1507.04,Active
73063844,19529942,334053,Checking,2023-09-08,2260.07,Active
47144357,37000081,872246,Checking,2023-08-11,7202.74,Active
10313125,31933938,877572,Savings,2025-12-15,7014.38,Active
70704548,63752009,809570,Savings,2025-12-06,15647.8,Active
24993192,92455201,876646,Savings,2025-06-23,4804.1,Active
99016110,92021749,872246,Savings,2025-07-22,7195.13,Active
68312495,17632895,246316,Savings,2024-01-10,10781.02,Active
16735663,46656302,809570,Savings,2021-02-10,1429.2,Active
79682994,32927797,216739,Savings,2022-12-10,2008.49,Active
97574323,87067592,671858,Savings,2022-01-04,12787.85,Closed
58711476,67697780,388389,Checking,2022-03-25,2199.37,Active
67100086,32668881,872246,Savings,2025-12-03,2663.04,Active
72474040,83787492,872246,Checking,2021-11-28,9102.11,Active
44064185,77086297,334053,Savings,2023-01-10,1474.41,Active
73653690,38177866,334053,Savings,2022-11-08,1960.04,Active
10608061,71776604,334053,Savings,2024-06-14,4615.32,Active
64544194,56003616,671858,Savings,2021-11-27,2649.51,Active
99999176,14156569,719176,Savings,2022-05-31,1166.87,Active
77946312,60981142,216739,Checking,2022-06-14,4530.68,Active
37445069,18107128,246316,Savings,2025-09-21,7714.54,Active
14474701,92435995,207473,Savings,2020-01-18,1862.16,Closed
41999821,15599529,877572,Savings,2023-12-19,4172.66,Closed
83090896,21137232,334053,Savings,2023-06-28,15019.66,Active
18472402,46777833,872246,Savings,2022-03-09,7428.88,Active
42393050,39137054,126225,Savings,2022-11-18,2018.73,Active
49503706,39665917,191161,Savings,2024-07-31,13772.05,Active
47832540,69583464,126225,Savings,2020-03-15,7534.35,Active
41508318,58467615,246316,Savings,2023-07-05,3780.62,Active
13262303,58413972,356787,Savings,2025-04-12,8646.99,Active
89972192,10575014,356787,Savings,2024-03-13,2602.28,Active
56516063,59325557,877572,Savings,2020-10-26,4735.21,Active
66313698,47701601,334053,Checking,2024-04-03,3620.8,Active
46816736,21848164,877572,Savings,2020-05-12,13719.55,Active
93904359,86591135,356787,Savings,2021-09-03,1920.77,Active
94068201,68519640,872246,Checking,2023-07-06,8042.79,Active
10903018,41381348,356787,Savings,2022-07-18,4265.51,Active
77716971,74948835,334053,Savings,2022-10-21,2546.82,Active
78929391,74890967,872246,Checking,2021-04-25,1851.73,Active
23059951,39677356,126225,Checking,2024-12-13,12348.64,Active
19979761,99335519,216739,Savings,2023-12-10,8911.33,Active
44981747,25242647,388389,Checking,2022-03-14,1098.53,Active
84663795,95642285,388389,Savings,2025-10-05,8665.9,Active
60874227,82614526,334053,Savings,2024-03-09,1383.47,Active
39083508,10250607,876646,Checking,2022-05-03,6985.31,Active
99802619,27676321,877572,Savings,2020-12-16,543.44,Active
66084347,84146093,877572,Savings,2025-12-01,600.03,Active
67919357,67606865,191161,Checking,2020-02-02,7129.81,Active
42720763,42959096,207473,Savings,2022-09-27,21250.18,Active
39935486,64808061,877572,Savings,2022-10-15,17965.86,Active
52944385,97214868,388389,Checking,2025-05-05,4099.95,Active
40263170,73146805,246316,Checking,2025-04-27,10941.64,Active
86138371,66964115,770487,Checking,2024-02-22,4768.58,Active
92265987,35933188,872246,Savings,2020-01-17,6604.95,Active
35020294,38414751,126225,Savings,2025-12-23,3681.99,Active
31088135,64908412,334053,Savings,2021-10-25,10323.05,Active
69230086,53075398,809570,Savings,2024-11-09,10131.14,Active
49045002,42282131,719176,Checking,2024-04-02,7144.9,Active
30629389,57196820,334053,Savings,2022-02-18,1432.47,Active
79683086,61181649,877572,Savings,2021-01-14,9528.81,Active
25157133,91256248,246316,Savings,2022-05-03,6432.64,Active
24075789,59184207,876646,Savings,2023-05-19,6717.07,Active
51535377,49942639,216739,Savings,2024-07-20,156.87,Active
41704978,37748106,876646,Checking,2024-12-23,840.54,Active
84565527,73533443,246316,Checking,2023-07-06,9831.14,Active
14802456,78425434,246316,Savings,2022-09-11,27390.86,Active
24403481,59803545,246316,Checking,2025-01-04,2238.63,Active
54255132,54620660,191161,Checking,2024-10-11,4374.12,Active
53435937,83633726,334053,Savings,2025-09-20,440.34,Active
87875106,82080932,216739,Savings,2022-08-12,3502.39,Active
92036648,66161867,334053,Checking,2023-11-30,4120.57,Active
43146793,30049125,809570,Savings,2021-04-12,2785.9,Active
44981801,20664632,334053,Savings,2025-08-03,17057.26,Active
90889770,95479589,246316,Savings,2022-04-06,6331.73,Active
76832297,58779040,876646,Checking,2022-03-06,2951.13,Active
33218091,81080837,872246,Savings,2023-11-19,7799.22,Active
73391663,58857090,809570,Checking,2025-12-19,13162.63,Active
86335023,67546525,126225,Checking,2022-03-24,1683.59,Active
74702387,93171169,876646,Checking,2021-09-22,2104.45,Active
86335028,77646233,207473,Checking,2022-10-04,1108.48,Closed
87252538,90355717,126225,Savings,2023-07-31,3949.15,Active
19357245,41217113,719176,Checking,2024-12-27,6250.96,Active
94199359,56076297,809570,Savings,2024-10-11,2219.84,Active
84008513,56358332,246316,Savings,2021-01-28,15377.26,Active
89185858,50823753,246316,Checking,2025-06-20,10623.58,Active
19193409,37595424,671858,Savings,2023-01-10,2122.81,Active
84172359,73201930,809570,Checking,2025-10-10,1962.48,Active
43966025,55853489,216739,Checking,2022-03-15,1353.64,Active
55238218,41613410,334053,Checking,2022-04-02,3269.08,Active
76766794,46863976,356787,Checking,2022-08-30,19062.04,Active
30891596,77069373,356787,Savings,2022-05-29,2170.75,Active
81911375,79613135,719176,Savings,2025-11-03,8025.58,Active
95870544,36738600,126225,Checking,2022-01-01,4992.94,Active
56647252,67860520,719176,Savings,2021-08-24,999.08,Active
50880085,91432247,126225,Checking,2025-03-11,10562.23,Active
78700118,24163029,126225,Savings,2020-04-29,3084.09,Active
75751000,40873075,334053,Savings,2021-12-14,2888.14,Active
44981849,93091442,216739,Savings,2022-04-27,4832.11,Closed
69656154,25691271,246316,Savings,2025-01-06,3757.55,Active
59399772,43348522,719176,Savings,2020-06-27,11831.49,Active
14540382,59266095,334053,Savings,2025-10-28,2814.73,Active
93642336,24130724,334053,Savings,2020-09-29,5986.23,Active
67919457,45003862,877572,Savings,2025-05-23,7842.25,Active
78143074,36509837,809570,Savings,2021-02-26,1817.05,Active
27614817,56274315,809570,Checking,2024-10-12,5166.8,Active
10247780,90479954,809570,Savings,2025-02-17,2148.96,Active
23977574,43933878,388389,Savings,2020-11-22,7455.17,Active
53960295,41776674,809570,Savings,2023-04-03,540.93,Active
72998502,53977460,356787,Checking,2020-11-25,16003.58,Active
49143401,15592757,334053,Savings,2024-03-03,3159.16,Active
37183083,32163915,388389,Savings,2021-09-02,5704.19,Active
76013165,84264439,872246,Savings,2021-03-30,6170.67,Active
29843056,52850999,877572,Checking,2025-09-29,3121.87,Active
39902833,30892180,809570,Checking,2020-04-23,2780.79,Active
18079346,74362557,191161,Checking,2022-03-05,5903.67,Active
88596081,86559466,216739,Checking,2020-06-05,15210.64,Active
88956536,87384329,877572,Savings,2020-01-25,7591.39,Active
12738173,90594945,216739,Savings,2024-06-12,3420.71,Active
30793342,43626562,356787,Checking,2021-04-03,15877.96,Active
69787261,73492827,809570,Savings,2022-06-11,22924.04,Active
34070150,11713460,388389,Savings,2022-01-05,3865.06,Active
71655048,61721722,719176,Savings,2022-08-22,6411.56,Active
10509965,58225799,872246,Savings,2024-02-01,6864.37,Closed
74964622,73243159,216739,Checking,2020-06-14,20269.05,Active
83025550,17144913,770487,Savings,2023-08-05,9093.26,Active
79158928,90459517,388389,Savings,2025-12-29,11615.41,Active
10346126,68635431,770487,Savings,2023-07-18,26412.26,Active
68640402,54964468,809570,Checking,2020-09-14,6133.02,Active
35610259,49708520,388389,Savings,2021-06-08,8926.59,Active
28106384,71717565,216739,Savings,2020-01-20,6502.94,Active
84008597,92223102,388389,Savings,2025-01-06,4683.57,Active
11787930,78428385,809570,Savings,2024-02-08,1479.66,Active
11099806,47489167,809570,Savings,2024-06-14,1882.16,Active
49143456,16783254,126225,Savings,2023-03-19,1237.86,Active
73260704,76458577,388389,Checking,2021-03-02,7078.99,Active
25616039,67811278,872246,Checking,2023-08-12,8525.02,Active
28040874,91108640,216739,Savings,2025-04-23,1907.8,Active
44916395,40314336,872246,Checking,2021-11-11,2810.93,Active
73490092,56488366,719176,Checking,2022-04-14,4648.24,Active
54779565,69566959,334053,Checking,2021-08-21,20270.93,Active
71392941,99802365,216739,Savings,2024-12-04,3661.07,Active
73031340,66909730,207473,Savings,2020-11-05,20386.45,Active
69951153,22264065,809570,Savings,2023-10-12,320.36,Active
67690164,44879264,671858,Checking,2025-10-07,12167.58,Active
69623480,56461531,671858,Savings,2025-09-04,1485.96,Active
34496186,65920436,719176,Checking,2024-03-12,4464.4,Active
89939646,28778669,877572,Checking,2021-02-12,2201.7,Active
13688512,12615123,356787,Savings,2021-01-04,3990.47,Active
66215620,48208861,872246,Savings,2020-10-19,3930.0,Active
31448774,35549868,770487,Savings,2020-01-19,2575.79,Closed
26795720,56288555,356787,Checking,2020-08-17,4736.11,Active
94297800,28604531,388389,Checking,2023-10-04,5702.35,Active
98852555,34508920,216739,Savings,2022-08-01,1741.56,Active
56483535,51824047,246316,Savings,2021-05-26,2042.31,Active
98983634,89904984,872246,Savings,2023-05-05,17430.37,Active
89808601,30680239,334053,Savings,2023-09-27,4713.18,Closed
78077657,24636346,809570,Savings,2020-05-16,5329.05,Active
56155870,65828839,809570,Savings,2024-03-29,2319.78,Active
52616927,61968105,246316,Checking,2022-12-07,5599.8,Closed
62643935,66907156,719176,Checking,2022-01-23,2991.6,Active
94920415,92477427,388389,Savings,2023-04-03,8357.48,Active
53665510,10061077,207473,Checking,2021-01-25,3217.75,Active
46522087,97804184,191161,Checking,2020-07-24,3974.96,Active
65101545,73596943,388389,Checking,2025-12-12,31324.63,Active
13917930,19539013,334053,Savings,2022-06-25,7933.57,Active
52813547,24111630,191161,Savings,2024-01-21,4162.45,Active
48684778,65471544,246316,Savings,2023-12-08,5152.66,Active
14638831,69734090,246316,Checking,2024-02-02,14297.24,Active
24305393,13716272,334053,Checking,2023-04-05,1857.34,Closed
92659445,30104627,877572,Savings,2024-05-04,4916.47,Active
69394167,58533538,246316,Savings,2025-08-16,5088.82,Active
46882553,32723062,872246,Savings,2021-05-14,5797.14,Active
92561148,82883547,877572,Savings,2023-04-21,3030.63,Active
23912190,68393286,872246,Savings,2023-07-22,4023.53,Active
74637055,90870850,216739,Checking,2022-02-24,898.15,Active
75030273,70344041,356787,Savings,2023-05-10,8540.19,Active
85548801,20118322,388389,Savings,2024-10-24,2374.28,Active
96919298,34049430,126225,Checking,2021-01-27,27249.43,Active
36855559,31924788,809570,Checking,2025-04-01,5091.38,Active
50913032,54323220,719176,Savings,2024-09-20,1984.09,Active
80502542,44616150,216739,Checking,2025-10-19,1292.51,Active
32104211,68575790,877572,Checking,2021-09-24,3894.87,Active
99704595,96478719,334053,Savings,2024-11-12,7481.64,Active
58810133,61835328,877572,Savings,2020-07-27,7538.11,Active
83320600,31173169,216739,Savings,2024-02-06,2119.36,Active
70344473,28286828,216739,Checking,2024-01-08,91430.36,Closed
12082971,34867891,334053,Checking,2023-06-02,12039.21,Active
77684507,61655958,334053,Savings,2022-09-23,17316.45,Active
50323229,66380241,191161,Savings,2021-01-07,6831.45,Active
43736861,73702238,207473,Checking,2024-12-12,2013.61,Active
31121184,45138633,207473,Savings,2022-06-30,5642.63,Active
90038049,13411363,191161,Checking,2020-08-25,4368.87,Active
10510117,65584858,207473,Savings,2021-03-23,10175.09,Closed
98819879,39557332,334053,Savings,2022-10-16,3522.55,Active
79945512,40480885,216739,Savings,2022-03-16,3868.75,Active
56581929,27587923,877572,Checking,2024-05-01,1005.9,Active
60677930,98869581,876646,Checking,2024-01-09,5970.88,Active
61923115,94559148,126225,Checking,2025-08-20,2244.67,Active
71261998,11317537,809570,Checking,2021-03-28,4324.15,Active
97181487,61845608,877572,Savings,2021-12-08,3885.58,Active
43474735,97454338,216739,Checking,2020-08-24,1459.23,Active
96591665,43766839,356787,Savings,2025-05-16,3097.86,Active
17325877,47058337,809570,Checking,2025-11-01,2856.15,Active
12836662,93274386,809570,Savings,2023-01-24,6715.46,Active
66740021,25565838,388389,Savings,2024-10-22,2427.43,Active
15654709,50660309,334053,Savings,2021-03-13,8516.85,Active
76308283,29989700,246316,Savings,2022-08-21,8072.68,Active
37510972,72658976,126225,Checking,2022-06-03,3186.39,Active
88301374,93275373,719176,Savings,2024-10-20,4300.8,Active
43704128,90373373,191161,Checking,2025-02-27,6112.55,Active
94003009,94110848,334053,Savings,2025-04-29,3192.95,Closed
50618180,63142814,246316,Checking,2025-12-12,7012.36,Active
22896453,28464221,388389,Checking,2022-09-14,11187.4,Active
34496326,17469659,356787,Savings,2023-07-05,14560.87,Closed
61759306,18766008,877572,Savings,2022-04-25,13001.41,Active
49373003,76768350,809570,Checking,2025-06-01,5722.45,Active
34955084,55170101,334053,Checking,2025-12-01,2830.46,Active
51142480,75627524,216739,Savings,2020-09-24,15466.13,Active
13590352,98619173,809570,Savings,2020-11-03,4727.55,Active
67788626,31734582,356787,Savings,2025-06-12,6944.1,Active
94691154,56670189,334053,Savings,2022-04-25,418.85,Active
88432467,92869735,334053,Savings,2020-04-11,24374.82,Active
11067223,34352638,388389,Savings,2024-09-26,21741.13,Active
91709271,27174355,246316,Savings,2020-09-19,1774.05,Active
27844439,85448989,334053,Savings,2020-05-18,3665.16,Active
31481689,20676951,719176,Checking,2023-07-01,3098.33,Active
24403806,39265818,388389,Savings,2021-07-01,1285.4,Active
97017694,52598189,126225,Savings,2021-10-31,2371.12,Active
52518752,90961227,126225,Savings,2024-07-11,35625.92,Active
66051934,41895103,246316,Savings,2021-10-11,6881.91,Active
74080099,43823840,809570,Savings,2024-08-26,17299.84,Active
80273261,57328450,809570,Savings,2024-06-16,4826.87,Active
60546925,17500377,246316,Checking,2025-02-02,722.04,Active
82468717,53208806,877572,Savings,2021-03-10,3926.82,Active
21323629,71776297,388389,Savings,2024-03-21,4650.97,Active
82698101,99895642,770487,Savings,2020-08-26,3513.84,Active
33054582,61586351,126225,Savings,2022-04-01,1037.95,Active
92987255,98832782,876646,Savings,2023-06-23,10889.19,Active
49045368,31906615,809570,Savings,2024-05-25,2100.02,Active
20701047,13432912,126225,Savings,2024-01-12,3420.59,Active
23814011,17446524,334053,Savings,2020-09-12,9839.96,Active
24895355,87008862,388389,Savings,2024-03-21,2169.93,Active
62807935,42485111,877572,Checking,2022-07-06,4999.09,Active
93446015,13498968,877572,Savings,2021-08-26,7096.08,Active
39346048,81184974,246316,Savings,2022-05-15,30240.06,Active
96722819,40478377,334053,Savings,2024-02-11,4189.16,Active
10641284,98626319,356787,Savings,2023-09-30,10034.89,Active
44556169,10786998,246316,Checking,2022-09-18,3533.11,Active
60546962,69923265,877572,Savings,2025-12-07,20556.99,Active
21454739,32414082,671858,Savings,2023-07-23,1015.46,Active
54353813,33883836,388389,Savings,2023-01-10,1366.89,Active
87908245,50571322,809570,Savings,2020-08-29,5629.33,Active
77062039,58992789,809570,Savings,2020-02-04,3028.94,Active
19685272,96169176,719176,Savings,2024-01-20,8955.26,Active
49995672,45494726,388389,Checking,2024-03-17,10184.45,Active
50782107,42747613,334053,Savings,2023-09-16,970.84,Active
86171554,32446387,876646,Savings,2025-11-13,12941.79,Active
32759715,28426489,719176,Checking,2024-04-12,6451.46,Active
78897058,90807597,216739,Savings,2023-01-02,27886.13,Active
32825253,89009893,356787,Checking,2022-11-17,3190.22,Closed
31678374,76782059,126225,Savings,2022-12-26,9806.65,Active
93052838,63681551,719176,Savings,2020-02-07,8636.55,Active
37904295,28731663,216739,Savings,2024-03-05,19044.33,Active
89350053,71445558,876646,Savings,2024-11-30,450.48,Active
23781290,72504893,207473,Savings,2025-01-21,1209.13,Active
75521964,99159705,334053,Savings,2020-09-20,12786.88,Active
95543216,41331290,334053,Savings,2023-07-24,18107.26,Active
83091377,73600573,216739,Checking,2025-10-17,9350.8,Active
54714291,82956541,876646,Savings,2024-05-29,1614.71,Active
68935603,96602341,877572,Savings,2023-03-09,3777.72,Active
56745913,86951199,872246,Checking,2022-04-15,12642.39,Active
49045434,90308726,334053,Savings,2022-06-29,3863.52,Active
64643010,92027185,216739,Checking,2024-08-17,4420.29,Active
78176194,32201737,671858,Checking,2025-06-23,18027.08,Active
38723526,85019197,809570,Savings,2022-11-27,8476.92,Active
36036551,26186057,334053,Savings,2024-11-23,5431.69,Active
60940235,77346090,388389,Savings,2020-10-19,7066.3,Closed
86007755,65520823,246316,Savings,2025-01-20,9565.62,Active
98656205,75404146,770487,Checking,2023-06-08,4626.42,Active
78241741,44123401,126225,Checking,2025-05-10,8294.66,Active
84926415,10926780,246316,Checking,2022-01-02,2291.78,Active
89022412,60901352,877572,Savings,2021-09-23,10740.95,Active
82075603,24909701,334053,Checking,2022-04-12,3470.08,Active
34693078,50469625,872246,Checking,2025-12-08,2407.5,Active
82436054,40556252,334053,Savings,2022-07-10,14683.19,Active
10870749,44221050,809570,Savings,2021-08-12,6859.61,Active
81354722,82055709,207473,Savings,2021-08-07,6246.54,Active
11558884,71726937,872246,Savings,2023-01-25,7514.27,Active
38133733,35113062,334053,Savings,2023-12-08,1224.21,Active
28729323,64126308,388389,Savings,2021-06-02,9759.35,Active
43900914,41311284,334053,Checking,2023-06-11,4407.14,Active
44130292,30976064,809570,Checking,2025-01-28,20574.21,Active
26238965,76046693,770487,Savings,2024-07-05,46714.02,Active
44851188,15035739,334053,Savings,2021-01-19,6774.91,Active
24174586,20266504,809570,Savings,2024-10-30,7468.85,Active
20832250,95069961,126225,Savings,2021-09-01,5928.21,Active
23126013,35149237,877572,Savings,2023-04-14,960.9,Active
96788479,78088066,877572,Savings,2020-05-06,1283.69,Active
35151872,91393213,877572,Savings,2020-04-23,1618.08,Active
80863233,19052828,671858,Savings,2024-02-03,9019.65,Active
41213952,16645259,876646,Savings,2022-06-24,19692.78,Active
78012419,31100444,216739,Savings,2020-07-30,7768.16,Active
33316868,53157286,877572,Savings,2023-02-13,1665.9,Closed
42590216,32512506,334053,Checking,2023-05-03,780.34,Active
62382091,36229053,334053,Savings,2023-05-08,3270.29,Active
63594514,70589493,388389,Savings,2021-10-22,3422.77,Active
59039768,94011899,216739,Savings,2024-01-17,10045.13,Active
24502298,53506740,388389,Checking,2021-10-17,13328.94,Active
90464283,18265396,719176,Checking,2022-03-11,5817.82,Active
80371740,30099327,876646,Checking,2025-09-15,1774.76,Active
70770718,20042134,877572,Savings,2022-10-24,5289.23,Active
79454239,86229768,216739,Checking,2024-09-22,855.65,Active
56352804,60683282,877572,Checking,2021-03-05,3932.23,Active
78471204,94895802,356787,Savings,2020-09-28,14502.93,Active
76570663,67180677,216739,Savings,2022-12-09,4394.56,Active
16867378,70119596,719176,Savings,2024-04-24,16248.62,Active
81322035,69536044,216739,Checking,2025-10-26,3492.01,Closed
23191602,97403242,770487,Savings,2023-10-28,7832.49,Active
40656954,70677720,770487,Savings,2023-03-25,1389.81,Active
61562938,51623157,877572,Checking,2025-03-22,7237.53,Closed
32006205,67930276,126225,Savings,2021-03-19,4719.23,Active
66052158,76620601,334053,Savings,2023-03-15,3428.41,Active
47374400,81703422,126225,Checking,2020-04-07,14870.24,Active
39903297,54062774,876646,Checking,2025-01-27,7802.25,Active
92004417,16260337,388389,Savings,2020-06-14,3503.02,Active
17489987,43228814,126225,Savings,2022-06-17,16134.75,Active
99115076,23899361,809570,Checking,2024-01-21,33327.56,Active
55271493,27922919,388389,Checking,2025-10-30,1828.82,Active
71196742,20839968,246316,Checking,2020-07-06,3736.42,Active
28237898,92283077,207473,Savings,2024-07-20,5940.05,Active
69951563,54680668,719176,Savings,2020-05-11,58905.53,Active
57499723,48160814,877572,Savings,2025-05-08,2588.84,Active
74342479,46055930,388389,Savings,2022-04-20,4293.64,Active
58056785,23660839,872246,Checking,2022-05-27,15505.86,Active
95412308,20961980,334053,Savings,2023-02-23,18290.4,Active
19554390,40922759,671858,Savings,2021-07-28,1912.28,Active
18276440,89592307,876646,Savings,2025-12-04,5832.92,Closed
53370970,12507322,809570,Savings,2025-03-23,3852.27,Active
91054174,10096242,334053,Savings,2024-05-02,908.16,Active
50552928,16820288,719176,Savings,2023-04-19,2297.62,Active
14868579,30785398,388389,Savings,2025-04-04,9654.49,Active
20275301,47466772,246316,Savings,2024-05-19,2880.26,Active
74440806,65294333,809570,Savings,2025-01-25,12516.6,Active
80535662,15623943,216739,Savings,2022-10-06,7746.14,Closed
69820526,22133813,126225,Savings,2020-06-24,5902.91,Active
18145393,96047846,719176,Checking,2024-07-02,3642.35,Active
83058802,46698001,388389,Savings,2021-06-19,5853.1,Active
67821683,57953659,876646,Savings,2024-04-02,14532.0,Closed
64151667,67320432,207473,Savings,2025-05-25,925.55,Active
26992753,70289142,877572,Savings,2020-10-08,1748.6,Closed
87482486,83484486,770487,Savings,2023-08-17,16158.09,Active
52224123,48764617,388389,Checking,2025-02-11,872.39,Active
72802428,59652144,246316,Savings,2024-10-23,1833.28,Active
38690942,59260465,207473,Savings,2025-06-14,8061.9,Active
72343681,53599837,191161,Checking,2025-04-21,6284.72,Closed
29548674,91399222,770487,Savings,2020-04-15,2601.36,Closed
69820547,50262298,809570,Checking,2022-02-09,10773.22,Active
63299716,85096683,809570,Savings,2022-09-11,1318.05,Active
34300036,15232080,388389,Savings,2025-09-29,57620.3,Active
40919175,79757399,334053,Checking,2025-04-04,9255.93,Active
65069195,10792403,334053,Savings,2020-01-21,4769.02,Active
92790924,86222461,334053,Savings,2020-10-05,15411.06,Active
87187597,25085657,876646,Checking,2020-06-21,12148.37,Active
82239634,35154055,719176,Checking,2024-05-07,13428.04,Active
92135571,91773219,876646,Savings,2025-11-17,4087.52,Active
85909651,10527303,872246,Savings,2021-07-19,1232.84,Active
48881813,80591618,246316,Savings,2020-11-15,13207.35,Active
63234201,13502744,770487,Savings,2025-11-08,11036.97,Active
47734938,12438447,126225,Checking,2023-04-13,10832.29,Active
92135579,10653733,388389,Savings,2023-11-16,2577.03,Active
84009120,63127944,388389,Checking,2020-02-19,12068.4,Active
75391137,70824254,334053,Checking,2020-10-14,3400.98,Active
28434592,47194050,334053,Savings,2021-04-16,16090.38,Active
92856483,68019225,809570,Savings,2020-09-04,4497.81,Active
32202919,46643560,719176,Savings,2025-06-07,1610.04,Active
42098856,31424500,126225,Savings,2020-07-29,2111.27,Active
40198320,88021881,246316,Savings,2021-10-27,2892.4,Active
47505587,45279525,809570,Savings,2022-10-29,15939.69,Active
30433459,28922251,876646,Savings,2022-03-09,4762.53,Active
33906870,36490721,334053,Checking,2024-03-13,3462.91,Closed
47964342,39194894,388389,Checking,2022-01-11,54395.68,Active
79552700,86563179,876646,Savings,2023-10-24,4051.33,Closed
56451260,80407193,770487,Savings,2020-11-20,1969.93,Closed
72442048,12093223,388389,Checking,2021-08-08,39792.68,Active
31875264,63313041,719176,Savings,2025-01-22,2591.19,Active
61661379,10746268,191161,Savings,2022-11-16,1781.61,Closed
23486665,22842289,876646,Checking,2022-08-22,14651.43,Active
58974409,76951469,216739,Savings,2023-01-19,2429.1,Active
60743885,95320770,216739,Savings,2025-09-05,3927.48,Active
35414222,37876228,334053,Checking,2025-07-03,5909.9,Active
72245455,50470393,126225,Checking,2022-08-04,3831.58,Active
94691533,54957494,246316,Checking,2023-11-11,4092.83,Active
86925521,86787117,388389,Savings,2024-10-28,8597.51,Active
37871826,64662098,334053,Savings,2021-11-17,4422.86,Active
94298323,49329526,719176,Checking,2023-05-01,2316.62,Closed
60317913,51691402,876646,Savings,2022-04-14,4285.44,Active
74670302,17096050,809570,Savings,2025-07-21,14384.13,Active
21127392,55289753,809570,Savings,2022-03-30,3318.24,Active
13557985,51332114,334053,Checking,2020-02-13,11983.83,Active
69394658,54239781,216739,Savings,2021-04-29,6057.16,Active
16834788,28298017,388389,Checking,2025-11-08,3378.01,Active
92725479,91219190,216739,Savings,2022-11-19,2748.21,Active
43933931,43078308,216739,Checking,2024-05-21,5129.64,Active
98230509,36805812,216739,Savings,2020-04-17,18603.03,Active
46555375,54402396,388389,Savings,2023-02-14,4143.57,Closed
52519153,60790227,207473,Checking,2022-03-12,1969.61,Active
62677239,97674331,388389,Savings,2024-05-27,2521.72,Active
97968375,97633199,191161,Savings,2020-11-01,10149.96,Active
79192314,70094560,877572,Savings,2022-10-27,2733.92,Active
44261627,13074304,388389,Savings,2024-11-06,18834.56,Active
88695038,59855194,877572,Checking,2024-04-18,13134.53,Active
80273663,49069274,719176,Checking,2022-02-01,2416.44,Active
35905790,25399193,877572,Savings,2020-09-26,4580.57,Active
34005256,88330410,809570,Checking,2024-06-30,14555.0,Active
45900041,19288498,334053,Checking,2025-01-03,3508.24,Closed
89579793,56705573,876646,Savings,2024-09-15,5087.23,Active
22143251,32636753,216739,Savings,2023-10-03,11773.74,Active
75391256,61775493,877572,Savings,2020-02-16,19428.25,Active
31383833,77540284,877572,Savings,2023-11-24,9028.29,Active
57893146,27931112,216739,Savings,2021-02-20,5707.21,Active
94888219,50219005,334053,Savings,2024-10-24,3566.52,Active
91382042,72816536,191161,Savings,2024-05-22,1600.61,Closed
85188891,42859878,877572,Checking,2021-10-15,3785.94,Active
64577819,11998899,719176,Savings,2023-11-22,3833.23,Active
92856601,28832631,191161,Checking,2020-06-01,9381.24,Active
19849505,87917351,126225,Savings,2021-12-23,4285.24,Active
83124514,11488932,877572,Savings,2024-02-15,5123.52,Active
51044643,37423200,872246,Savings,2025-07-02,17313.85,Active
96002341,20853327,207473,Savings,2022-07-16,5276.32,Closed
65790245,90709734,216739,Savings,2022-01-18,3063.15,Active
40657194,64393234,809570,Savings,2024-05-12,1725.58,Active
97509675,18245376,191161,Savings,2024-12-04,3338.7,Active
89186604,65165017,877572,Savings,2021-01-27,2127.62,Active
56516912,63408287,388389,Savings,2025-05-25,2962.33,Active
12542259,88927546,876646,Savings,2024-06-25,63484.67,Active
60252469,20941636,334053,Checking,2023-02-23,3918.07,Active
87843126,62423804,356787,Checking,2021-02-11,6802.02,Active
96624953,71309534,671858,Savings,2020-05-10,29521.57,Active
32563514,22290632,191161,Checking,2022-11-19,2049.37,Active
58155323,46006451,770487,Savings,2021-06-23,7120.97,Closed
13001017,49888019,388389,Savings,2024-03-06,13593.29,Active
72147263,71965736,246316,Savings,2023-01-28,6779.71,Active
52388162,10837395,877572,Savings,2021-01-20,3376.44,Active
20209986,95554087,246316,Savings,2025-12-12,8161.31,Active
78209349,62900345,207473,Savings,2022-10-13,2252.45,Active
93184327,15125899,388389,Checking,2024-07-11,4194.46,Active
14639433,91869007,877572,Checking,2025-08-28,1185.55,Active
67658058,30980794,334053,Checking,2024-03-11,8467.15,Active
95052107,66844655,216739,Savings,2024-11-04,15192.69,Active
53764429,46283710,671858,Savings,2020-01-13,10210.04,Active
18374992,58946218,356787,Savings,2023-09-23,8802.11,Active
83026258,38273783,770487,Savings,2020-11-23,4900.85,Active
35807571,53091868,877572,Savings,2021-02-15,3094.53,Active
51470676,11857637,388389,Savings,2022-12-26,1420.07,Active
30957908,44438867,126225,Savings,2021-12-03,2278.97,Active
74277208,78790977,876646,Savings,2020-11-09,2560.09,Active
28795225,49415833,671858,Savings,2023-11-20,7295.79,Active
56090972,87460714,872246,Savings,2021-11-05,14315.4,Active
87417180,48407192,809570,Savings,2021-04-02,5981.62,Active
47898975,43446484,876646,Savings,2022-04-29,4493.69,Active
10445154,54598843,207473,Checking,2024-11-26,25403.01,Active
53436774,26898808,356787,Savings,2024-04-09,7954.27,Active
50815334,75196261,876646,Savings,2020-09-09,1430.64,Active
82239849,58880498,770487,Checking,2021-02-18,4668.82,Closed
30761330,78335605,246316,Savings,2024-07-26,3354.44,Active
71164275,49967372,126225,Checking,2025-05-23,1031.52,Active
43671926,27164035,872246,Savings,2023-08-21,13785.27,Active
10117495,50103612,126225,Checking,2023-01-27,5930.5,Active
49865086,94025036,719176,Savings,2023-10-24,25440.55,Active
20636033,36436579,126225,Savings,2020-06-26,13921.57,Active
14049667,27512308,809570,Checking,2025-03-24,2936.51,Active
97706372,58447730,872246,Savings,2020-11-12,7881.58,Closed
20865413,68507103,877572,Savings,2021-03-26,7535.43,Active
85221769,48970622,872246,Savings,2020-02-22,4688.57,Closed
27976074,98460162,191161,Savings,2021-02-07,964.33,Closed
50979212,23559701,191161,Savings,2020-11-24,10591.1,Active
33022349,49170012,388389,Checking,2025-01-01,1062.07,Active
35381645,92046710,246316,Savings,2025-07-03,1469.74,Active
33710478,28263801,872246,Savings,2020-06-25,6653.7,Active
77554064,90500929,388389,Savings,2024-05-12,1989.53,Active
22929812,88448668,388389,Savings,2020-10-21,2551.91,Active
67199381,88404125,246316,Checking,2025-03-22,5750.23,Active
90857878,64026991,207473,Savings,2022-03-22,9824.63,Active
73851287,87984321,809570,Savings,2022-04-29,3820.23,Active
35152281,38768103,719176,Savings,2022-08-24,22025.25,Active
24895900,22890030,872246,Savings,2022-09-13,2042.37,Active
32629148,45778035,356787,Savings,2023-09-06,15323.35,Active
15786404,42042581,334053,Savings,2025-06-03,2403.1,Active
28336550,67564383,388389,Savings,2023-02-07,27240.22,Active
88236455,20393927,216739,Checking,2022-04-22,18684.21,Active
27976106,33461913,356787,Savings,2020-02-05,7018.18,Closed
36397483,86974494,770487,Savings,2023-07-26,10955.06,Active
79847852,49002742,334053,Savings,2024-01-28,12556.57,Active
45867437,58928382,356787,Savings,2023-02-11,3893.61,Active
42033579,17201351,216739,Savings,2025-12-11,5784.57,Active
29745581,33895240,872246,Savings,2021-05-30,1477.61,Active
49570224,56824602,876646,Savings,2022-12-23,1618.55,Active
50258354,48647841,216739,Checking,2024-01-26,14203.61,Active
87941557,26669562,877572,Savings,2024-10-22,5181.31,Active
58352054,87845983,719176,Savings,2020-12-11,13743.4,Active
48751033,65667895,719176,Savings,2025-10-26,9483.47,Closed
31908281,62558707,719176,Savings,2020-11-05,6161.58,Active
89153979,19945916,388389,Savings,2022-08-27,17906.96,Active
11133369,92759256,334053,Savings,2024-05-25,15098.26,Active
18768325,55520240,334053,Savings,2024-09-02,2662.12,Active
68018636,10844520,719176,Checking,2022-06-12,1498.55,Active
99803597,20301903,334053,Savings,2021-12-20,2113.3,Closed
34922959,99955279,126225,Checking,2020-09-15,16578.35,Active
78668240,88490628,719176,Savings,2023-09-04,10831.42,Active
15884753,15475529,388389,Savings,2023-01-30,1308.63,Active
93872594,21373720,809570,Savings,2021-06-29,4516.71,Active
68182481,19163338,388389,Checking,2022-01-23,13938.61,Active
44786132,74487792,207473,Savings,2024-09-27,2383.68,Active
29352405,50246536,877572,Checking,2025-02-13,5097.16,Active
95936983,20105843,334053,Savings,2024-09-07,12619.22,Active
67461593,40812641,191161,Checking,2021-07-05,10126.57,Active
74932699,89130379,671858,Savings,2020-07-07,1713.96,Active
69689820,15446125,207473,Checking,2022-12-09,9574.58,Active
98886109,66526786,388389,Savings,2025-05-19,6238.6,Active
43213278,50434588,719176,Savings,2020-05-23,10778.39,Active
48816607,24698809,334053,Checking,2024-07-22,2971.5,Closed
47407585,77571514,216739,Savings,2022-01-14,11595.4,Closed
34333153,31163870,191161,Checking,2021-08-18,7626.74,Closed
13427172,31309629,388389,Checking,2022-08-08,19971.15,Active
39543272,98704837,877572,Savings,2022-03-12,4453.58,Active
13722095,40044054,671858,Savings,2021-04-23,2585.45,Active
99541491,25872957,719176,Savings,2020-12-16,1645.06,Active
43213304,73314136,872246,Savings,2023-04-06,15991.1,Closed
25158140,51190741,719176,Savings,2023-04-13,694.47,Active
54583805,14692831,719176,Savings,2021-03-22,1186.1,Closed
21127679,26987104,126225,Savings,2021-11-27,5292.29,Active
31777281,63638216,388389,Checking,2025-05-06,2978.38,Active
77554179,24010182,216739,Savings,2024-02-24,1434.97,Active
18113030,69609128,126225,Checking,2021-05-04,8464.33,Active
79454728,70151314,872246,Savings,2024-05-07,8818.02,Active
23945741,77050835,388389,Savings,2020-05-31,6150.83,Active
43508240,21907190,216739,Savings,2023-10-06,12263.05,Active
36168209,68650387,719176,Savings,2020-05-15,6493.04,Closed
26042897,44610990,388389,Savings,2024-10-14,759.76,Active
21193235,20954788,356787,Savings,2024-03-04,3694.59,Active
23519765,97387904,388389,Savings,2023-01-16,6152.24,Active
53436953,11861851,216739,Savings,2025-10-06,8633.05,Active
81519129,27506836,356787,Savings,2021-06-11,6616.48,Active
74965529,57146553,872246,Savings,2025-06-16,8503.39,Active
91218460,10594718,246316,Savings,2025-08-09,3050.63,Active
52355612,73528090,126225,Savings,2023-06-04,5012.89,Active
47276573,20546982,246316,Savings,2021-11-20,8522.04,Active
62284317,34320824,877572,Savings,2025-01-26,38588.8,Active
95445536,65776732,388389,Checking,2023-01-10,2160.9,Active
30827043,22469459,388389,Checking,2024-09-29,8896.7,Active
38330916,12201166,356787,Savings,2021-04-16,1824.26,Active
19980836,43237682,246316,Checking,2021-11-24,2965.47,Active
63365675,96466715,216739,Savings,2021-05-28,12399.49,Active
36758061,32400865,872246,Savings,2025-10-01,6745.76,Active
95674926,63511584,770487,Checking,2022-02-01,4191.33,Active
58974767,82255435,191161,Checking,2020-07-12,37291.93,Active
30597682,40584185,246316,Savings,2023-03-13,3014.06,Active
40198707,58546163,719176,Checking,2023-08-22,7469.56,Active
67920434,21853048,877572,Savings,2020-10-01,9648.14,Active
90432055,56954925,877572,Checking,2023-12-03,1146.75,Active
76276279,70274604,388389,Savings,2022-01-10,4167.79,Active
99738169,82926289,719176,Savings,2024-02-03,1696.3,Active
37249595,64808145,388389,Checking,2025-01-06,618.6,Active
83714620,98684481,876646,Checking,2024-03-17,6985.91,Active
40395328,51422604,246316,Savings,2023-10-13,7908.71,Active
71295554,13067849,877572,Checking,2024-08-29,2900.49,Active
42525251,97751877,216739,Savings,2025-11-04,2033.76,Active
13296199,29378307,356787,Savings,2023-10-11,19889.54,Active
51896904,83407060,246316,Checking,2020-07-08,29187.84,Active
98820686,80461229,388389,Checking,2023-04-18,8689.93,Active
72802894,47384667,388389,Checking,2020-11-05,5287.17,Active
77423185,46586986,388389,Checking,2024-11-06,2897.3,Active
35152467,53487804,719176,Savings,2025-05-18,6490.99,Active
17359443,17802521,809570,Savings,2020-03-05,4743.8,Active
14836308,42362235,809570,Checking,2022-06-02,9386.12,Active
65593942,45377880,334053,Savings,2022-03-15,15433.94,Active
20046422,42711142,809570,Checking,2022-01-08,6643.87,Active
37184089,32964588,876646,Checking,2023-07-11,5286.49,Active
62808668,74930142,356787,Savings,2020-12-08,1309.06,Active
70869603,75450100,719176,Savings,2025-08-29,7337.41,Active
93807204,79701720,216739,Savings,2025-12-29,8952.96,Active
11887210,86741851,191161,Savings,2021-10-04,12899.09,Closed
96264811,32547386,388389,Savings,2020-11-30,1021.95,Active
51995247,98496806,719176,Checking,2025-05-01,6800.23,Active
79618672,13603181,246316,Savings,2021-08-27,2713.13,Active
21946991,46841130,388389,Savings,2023-04-19,9629.34,Active
71787122,68029440,246316,Savings,2021-06-17,6040.89,Active
19686009,46729273,191161,Savings,2020-04-17,2812.94,Active
45965951,59907517,334053,Savings,2022-10-13,22654.54,Active
25682562,12318287,719176,Savings,2021-12-31,3540.49,Active
89416324,87341866,809570,Savings,2021-12-13,2857.64,Closed
25813637,78556323,207473,Savings,2022-04-08,3400.49,Active
23782023,24110651,388389,Savings,2023-11-06,929.99,Active
55665287,14466147,877572,Checking,2023-03-26,1186.58,Closed
31449737,40986492,719176,Savings,2021-08-24,14703.84,Active
19915403,43160253,246316,Savings,2025-12-29,5206.1,Active
37380749,84314767,216739,Savings,2020-01-01,7863.99,Active
89907854,38612511,216739,Savings,2022-02-21,6179.86,Active
63955602,87665387,191161,Savings,2020-05-25,6508.31,Active
16638614,96783467,334053,Checking,2022-05-17,4824.29,Active
87351959,31462628,246316,Savings,2023-03-19,2840.22,Active
35447447,59075413,876646,Savings,2023-09-04,8636.69,Active
98034336,93775341,719176,Savings,2022-09-28,5915.15,Active
68412066,36960177,872246,Checking,2020-08-21,1845.1,Active
55698083,48218265,872246,Savings,2023-04-28,8739.77,Active
80175780,64452182,809570,Savings,2020-02-11,20442.71,Active
95740581,50333457,671858,Savings,2025-10-21,6898.21,Active
30270117,38933153,356787,Checking,2024-04-26,2883.83,Active
65135274,47823677,334053,Checking,2024-11-18,6229.31,Active
37806762,20186407,809570,Savings,2023-07-11,9979.35,Active
21947054,38091497,809570,Checking,2025-11-03,1899.68,Active
62218930,96597336,207473,Savings,2020-04-16,3198.0,Active
91022002,75932621,126225,Savings,2024-08-25,5136.7,Active
54452916,65004419,334053,Savings,2021-11-05,3750.28,Active
85779126,12342376,334053,Savings,2022-10-12,5885.18,Active
60973751,37435977,877572,Savings,2025-12-18,17761.56,Closed
56812216,71467046,216739,Checking,2022-01-21,1317.72,Active
46490295,29714433,216739,Savings,2020-02-20,1453.88,Active
16933562,15841615,809570,Savings,2020-01-23,3450.19,Active
62218934,43458001,246316,Checking,2025-03-09,6213.44,Active
87057084,47067805,877572,Savings,2023-11-19,1597.13,Active
79782589,55968050,719176,Savings,2022-05-19,25503.1,Active
88203965,79326850,719176,Savings,2020-10-19,11164.41,Active
25191101,51010058,809570,Savings,2024-10-06,1541.87,Active
93577920,52861263,216739,Savings,2020-12-14,5262.45,Active
81945281,11945284,671858,Savings,2022-07-10,7210.73,Active
48292542,79151638,877572,Savings,2022-03-16,2309.01,Active
53994182,31319874,388389,Checking,2020-06-20,1095.25,Closed
64381639,44398271,207473,Savings,2021-05-23,2425.3,Active
75064008,55175231,246316,Savings,2021-06-28,12068.37,Active
89613003,67142506,356787,Savings,2023-03-15,1611.42,Active
38265554,27560215,388389,Checking,2021-02-04,16406.96,Active
27648722,63648445,246316,Checking,2025-02-23,2107.57,Active
14639830,70378084,388389,Savings,2022-07-15,485.99,Active
78308057,89443352,246316,Savings,2024-06-23,14584.27,Active
12477146,99482460,388389,Savings,2021-11-22,3242.89,Active
76473052,24843978,809570,Savings,2025-10-03,4052.25,Active
66314977,42614072,216739,Checking,2020-08-29,6475.03,Active
13066978,67188252,334053,Savings,2020-10-09,1509.95,Active
37511906,32564772,207473,Savings,2020-04-04,1859.49,Active
60220136,78786418,388389,Savings,2025-04-04,3496.63,Active
39641833,46403502,877572,Savings,2021-09-22,12468.16,Active
41018090,23979159,809570,Checking,2025-03-13,6458.06,Active
38363884,56144542,216739,Savings,2025-06-07,6354.95,Active
12608239,58447788,246316,Savings,2021-10-18,12110.74,Active
87352053,53924329,809570,Savings,2020-01-30,10328.9,Active
87909110,64035208,770487,Savings,2025-07-24,2349.82,Active
17621753,73057671,877572,Savings,2025-03-07,2488.6,Active
45572859,51890862,334053,Checking,2023-11-02,7999.25,Active
44065533,55983437,876646,Checking,2023-08-27,4384.38,Active
79225597,39119632,334053,Checking,2020-10-14,4512.28,Active
60711682,52933409,809570,Savings,2025-12-01,804.43,Active
92103427,27160637,246316,Checking,2025-11-12,4933.16,Active
62481157,27872163,671858,Savings,2024-05-24,10100.55,Active
69919494,92021866,876646,Savings,2024-01-27,3598.35,Closed
45736712,24247900,334053,Savings,2022-05-15,4114.45,Active
15917834,26369021,719176,Checking,2022-02-28,19882.83,Active
25617165,42025091,388389,Savings,2023-01-26,2771.46,Active
48292625,84794468,216739,Savings,2024-04-20,24872.75,Active
12968722,25811498,126225,Checking,2023-02-21,1183.98,Active
28074769,13942868,770487,Checking,2025-11-14,7579.56,Active
38757141,43265405,246316,Checking,2021-08-05,1083.55,Active
35349271,35179681,876646,Savings,2022-10-18,8594.3,Active
30761756,29770026,719176,Savings,2020-03-31,2140.25,Active
83485470,96691736,191161,Savings,2020-02-15,1700.49,Active
65168159,78816254,126225,Savings,2024-05-05,2879.32,Active
32105253,78884484,334053,Savings,2024-08-21,2756.03,Active
95871785,45372671,671858,Savings,2020-11-12,4656.7,Active
18211628,77534621,246316,Checking,2023-08-29,9809.75,Active
27321133,84281776,388389,Savings,2024-08-06,14973.95,Active
96887596,61754540,216739,Savings,2020-04-23,28614.56,Active
53830447,54435111,719176,Savings,2021-08-27,4238.88,Active
77947696,90907871,809570,Savings,2022-11-01,4012.61,Active
16343857,56709860,216739,Savings,2022-03-03,5744.37,Closed
13329203,77628098,388389,Savings,2021-07-06,3245.47,Active
98689855,10926856,334053,Savings,2022-04-21,650.05,Active
49537855,37381418,126225,Checking,2022-08-16,6336.15,Active
36660033,33375878,191161,Checking,2024-05-26,1698.88,Active
46261057,72021607,246316,Savings,2025-02-20,4962.87,Active
36856642,36451514,334053,Savings,2025-01-08,3250.56,Active
58614596,87276356,671858,Savings,2025-04-27,1783.94,Active
76505927,88895533,872246,Checking,2020-07-11,2735.69,Active
46326600,62520332,246316,Savings,2023-03-18,1980.45,Active
74441545,16050375,876646,Savings,2024-12-30,5525.87,Active
12804937,90100604,877572,Checking,2023-12-10,3342.64,Active
54944588,41058823,207473,Savings,2022-02-08,5813.21,Active
13329229,17668509,809570,Savings,2025-09-25,1572.62,Active
86631249,11161238,770487,Checking,2024-12-30,7048.65,Active
81060691,76591702,809570,Savings,2023-09-19,21083.53,Active
48456535,71324458,876646,Checking,2024-10-16,6392.16,Active
73687896,48501080,877572,Checking,2020-02-11,12877.65,Active
65692507,36549669,876646,Checking,2022-11-13,3914.44,Active
19063649,36248338,671858,Checking,2024-04-24,3773.48,Active
31908706,77907115,356787,Checking,2025-12-16,9022.47,Active
60154723,49154093,876646,Savings,2020-10-06,4093.27,Active
11166562,71058248,216739,Savings,2022-09-01,12983.95,Active
11592550,46914230,719176,Savings,2020-01-05,4515.33,Active
74015592,18704674,334053,Savings,2023-03-18,6084.45,Active
71918440,81250258,719176,Savings,2025-03-08,3197.15,Closed
74769260,29287904,334053,Checking,2024-11-01,1566.47,Active
40330094,80428959,671858,Savings,2021-06-25,4450.7,Active
94921584,13541945,207473,Savings,2024-12-17,4024.61,Active
84534128,31325610,246316,Savings,2023-07-20,3058.3,Active
39052145,62733451,719176,Savings,2022-03-03,7698.77,Active
16737139,15480001,719176,Savings,2025-10-28,13377.91,Active
21783411,21810502,719176,Savings,2024-04-20,14709.52,Active
36037491,50285056,334053,Savings,2021-09-11,4441.71,Active
71066486,87713290,216739,Checking,2023-10-08,2984.17,Active
22438773,84164235,334053,Savings,2023-05-30,2373.8,Active
79553400,88208534,334053,Savings,2020-04-15,34355.53,Active
18178929,64442987,334053,Checking,2022-07-07,15993.89,Active
13099901,93626897,770487,Checking,2021-04-11,5224.05,Active
39117697,94826578,334053,Savings,2021-11-22,807.52,Closed
19751809,79934637,356787,Savings,2022-10-19,4456.4,Active
73720718,78885487,356787,Checking,2021-04-29,11094.97,Active
20964239,16049710,809570,Savings,2023-10-08,2618.28,Active
74670991,47991516,719176,Savings,2024-10-19,1798.7,Active
23552921,59823902,388389,Savings,2024-06-07,9140.18,Active
34890651,87892707,207473,Savings,2021-11-22,5120.71,Active
65987483,22974675,877572,Checking,2023-08-28,5201.85,Active
40592285,69735019,877572,Savings,2021-11-08,5098.52,Active
74212253,64024116,216739,Savings,2021-12-25,1550.6,Active
86467486,67612764,388389,Checking,2022-08-26,2670.34,Active
99607456,67284455,388389,Checking,2020-11-13,4787.77,Active
57205665,71459280,876646,Savings,2021-12-15,1570.19,Active
45278113,86551083,216739,Savings,2022-12-11,2187.15,Active
28074915,23752049,809570,Checking,2025-09-15,19261.33,Active
54682532,41252151,388389,Savings,2021-04-02,6185.86,Active
46621604,97635588,809570,Checking,2020-02-17,6156.35,Active
30761894,98120500,719176,Savings,2020-06-10,9531.03,Closed
41214887,57124706,126225,Savings,2020-09-03,8649.89,Active
18441128,41542729,877572,Savings,2022-04-17,5763.16,Active
25813931,87426850,216739,Savings,2025-10-15,2586.13,Active
70640557,23821034,809570,Checking,2025-11-22,2050.47,Active
53732271,34189826,876646,Savings,2025-07-04,6873.66,Active
89744306,65709534,356787,Checking,2021-08-11,19508.96,Active
67625909,49475498,877572,Savings,2024-12-01,595.85,Active
69002170,96634023,207473,Savings,2023-01-08,10389.25,Active
71623610,46700350,388389,Savings,2025-07-16,1617.06,Active
37544893,32232750,246316,Savings,2020-01-29,7204.84,Active
88105918,44906728,216739,Savings,2023-02-15,4062.01,Active
12903358,53442056,719176,Savings,2020-03-20,3424.31,Active
93610941,80019765,388389,Savings,2020-11-15,5391.99,Active
55632834,93933108,809570,Savings,2021-03-24,8115.28,Active
62022595,56682659,876646,Savings,2025-05-16,14045.67,Active
90104772,13432671,671858,Checking,2022-09-20,2677.01,Active
51930051,36516237,126225,Checking,2022-04-30,7833.19,Active
61563851,73310932,671858,Savings,2025-10-21,6611.93,Closed
68379596,15417187,877572,Savings,2025-09-06,7227.26,Active
56812495,37888933,207473,Savings,2020-05-06,4556.9,Active
84698064,10034722,191161,Savings,2022-03-15,7963.21,Active
41214929,24470594,216739,Savings,2023-10-09,27478.34,Active
39707606,72561816,388389,Savings,2021-02-08,5838.54,Active
76932055,14142791,388389,Checking,2025-11-13,4308.59,Active
86860763,48941046,246316,Savings,2020-08-18,4080.23,Closed
92988381,44936859,334053,Savings,2025-12-09,6071.62,Active
99247069,63852145,809570,Savings,2024-07-01,4558.8,Active
10019807,62245119,356787,Checking,2021-05-23,22010.89,Active
98919392,28591988,216739,Savings,2024-04-16,1760.93,Active
67855328,24554667,877572,Savings,2024-02-02,17215.19,Active
70247394,38694357,876646,Checking,2025-09-29,3390.21,Active
24830948,92476296,334053,Checking,2022-02-24,4686.85,Active
86795238,28747306,388389,Savings,2020-03-25,8736.03,Closed
13820906,89699557,876646,Checking,2020-04-08,3092.39,Active
29451243,33833256,216739,Savings,2025-10-26,2876.38,Active
96691181,15967458,216739,Savings,2023-12-25,2299.65,Active
12379121,68733605,126225,Checking,2025-06-11,2601.72,Active
59302897,29500942,207473,Checking,2025-12-01,5850.68,Active
21160947,34377790,671858,Savings,2023-10-26,30386.55,Active
76801015,86600814,876646,Checking,2020-02-07,8466.11,Closed
24962039,12916275,246316,Checking,2021-07-12,10430.34,Active
14869499,76575577,719176,Checking,2021-05-03,1833.63,Active
65954812,30284382,246316,Savings,2023-09-22,1887.06,Active
57664508,43982057,877572,Savings,2025-06-21,10351.77,Active
47735803,75792379,671858,Savings,2025-05-12,887.9,Active
60187647,17491622,770487,Savings,2024-11-07,4683.59,Active
53699584,98786055,388389,Savings,2021-04-06,13946.28,Closed
85812225,41764883,809570,Savings,2023-12-19,4185.76,Active
76112895,34470780,877572,Savings,2024-04-18,4163.89,Active
96429058,80919265,388389,Savings,2021-03-08,9865.66,Active
64414716,44145650,719176,Savings,2020-03-19,4244.54,Active
12674054,83310676,770487,Savings,2024-12-27,12219.04,Active
97313798,90810494,809570,Savings,2023-04-01,2830.68,Active
98690056,63450403,877572,Savings,2021-02-17,14731.45,Active
46130187,91029582,334053,Savings,2022-02-10,4926.42,Active
44196876,51541933,388389,Savings,2022-11-17,1497.7,Closed
64381967,86185885,388389,Savings,2022-03-22,6356.72,Active
82174992,38064890,216739,Checking,2022-03-26,1405.98,Active
46162961,95078826,770487,Savings,2023-01-17,5090.98,Active
33580049,28447541,671858,Savings,2025-10-05,2080.83,Active
67626003,46475405,207473,Checking,2022-02-26,1048.54,Active
17294356,66549389,809570,Savings,2021-04-08,835.23,Active
39969813,27409287,216739,Savings,2022-07-01,10455.99,Active
55600149,56260195,719176,Checking,2024-03-05,1844.79,Active
45704220,98509501,388389,Checking,2021-07-30,7935.17,Closed
59728926,95742379,388389,Savings,2025-01-22,7581.81,Active
32760862,67459244,770487,Checking,2022-08-06,16352.49,Active
60711968,79455548,876646,Savings,2024-01-16,7558.91,Active
71787553,25175225,246316,Checking,2024-03-29,731.32,Active
51373090,54562556,207473,Savings,2021-06-02,12084.63,Active
11494439,67387731,877572,Savings,2020-09-17,3988.34,Active
76571688,26609992,877572,Savings,2023-01-17,18384.97,Closed
28304425,10175550,671858,Savings,2025-11-18,6162.9,Active
12444715,41559219,126225,Checking,2025-01-02,9073.63,Active
31548460,30876314,876646,Savings,2023-08-15,10598.51,Active
35873835,33902952,388389,Checking,2022-02-05,2428.89,Active
84534322,18620921,191161,Savings,2025-09-25,9648.16,Active
74867764,62409195,126225,Checking,2025-12-07,7122.93,Active
54780981,69655946,877572,Savings,2021-08-17,9405.54,Active
80962614,87057351,809570,Savings,2023-02-21,5757.6,Active
42198069,33151102,246316,Checking,2025-12-11,3264.91,Active
11363384,34016631,246316,Savings,2020-08-14,1769.29,Active
76833846,15292672,334053,Savings,2024-05-11,4745.51,Active
51733564,94868610,334053,Savings,2025-06-30,10412.67,Active
69428285,60157791,876646,Savings,2023-03-05,4771.69,Active
94790719,65221804,356787,Checking,2024-01-22,7570.04,Active
91972671,72164834,876646,Savings,2022-12-21,376.82,Active
82699332,22982543,207473,Savings,2020-01-28,12927.93,Active
80045125,94943303,876646,Savings,2025-11-02,9877.89,Active
39773258,23929531,770487,Savings,2025-01-05,6829.95,Active
46228556,86844475,334053,Savings,2022-01-14,14476.14,Active
63497293,50113166,207473,Savings,2024-07-16,5715.04,Active
34169934,39247654,216739,Savings,2025-03-01,12348.67,Active
14378063,13211324,246316,Savings,2025-03-24,4840.31,Active
16835665,54099012,334053,Savings,2022-08-08,3439.35,Active
26305618,36427945,246316,Savings,2022-07-08,6309.11,Active
61465683,76524861,876646,Savings,2022-10-21,1726.25,Active
75326548,66501165,356787,Savings,2023-03-07,14182.38,Active
39511127,88758242,872246,Savings,2023-07-07,14162.55,Active
49308760,21884589,770487,Savings,2020-06-28,25838.14,Active
96134233,68567509,809570,Savings,2023-01-26,4650.68,Active
81224796,93044549,671858,Savings,2023-03-12,5777.55,Active
16475229,32143355,126225,Savings,2020-07-31,5749.79,Active
54584415,35555144,877572,Savings,2021-08-05,3532.86,Active
92562530,85116266,809570,Checking,2021-07-21,6198.92,Active
14967907,15191208,388389,Savings,2024-11-17,6595.41,Active
18048100,81227559,356787,Savings,2023-03-16,513.24,Active
41739365,45371791,877572,Savings,2024-02-05,2040.7,Active
68412518,32841704,216739,Savings,2020-05-23,12713.35,Active
77456484,77547679,872246,Savings,2021-12-23,6413.66,Active
35742829,84526722,356787,Savings,2024-10-21,961.29,Active
56910960,65860938,216739,Savings,2024-01-19,2030.14,Active
15492210,16551011,809570,Savings,2025-08-31,5306.14,Active
58418292,74512815,719176,Savings,2025-04-15,2325.12,Active
54027381,29734722,216739,Savings,2022-06-12,8297.48,Active
75424885,73084877,246316,Checking,2022-09-21,7327.86,Active
30368890,57723081,719176,Savings,2020-10-30,8157.47,Active
58025083,22730212,872246,Checking,2024-04-30,5347.16,Active
56353916,65442497,246316,Savings,2020-04-22,4729.76,Active
56353923,14845306,126225,Checking,2023-12-14,23720.86,Active
95151238,68061350,719176,Savings,2020-04-09,2225.48,Active
11494536,87720615,809570,Savings,2020-01-31,384.94,Active
17425545,53397203,334053,Savings,2022-11-30,1046.42,Active
17327242,15839746,246316,Savings,2021-02-26,2338.44,Active
61269135,32114515,388389,Savings,2020-12-25,28642.26,Active
11592847,87687000,809570,Checking,2024-03-19,11313.76,Active
85288081,77670003,334053,Savings,2025-05-02,1699.1,Active
92464277,82099745,216739,Checking,2021-12-07,2193.45,Active
20472982,84725427,207473,Savings,2020-02-25,7214.83,Active
47932567,80049021,388389,Savings,2022-08-20,4208.64,Active
84501656,19973170,246316,Savings,2025-10-19,1652.68,Active
58746010,13591830,207473,Savings,2025-01-02,1604.9,Active
84305052,71980395,388389,Checking,2024-05-03,2261.49,Active
72377501,24874914,246316,Checking,2021-12-14,1876.95,Active
42525853,63167996,809570,Checking,2022-11-27,2335.92,Active
95315100,65493661,671858,Savings,2025-11-03,5700.39,Active
46392477,34775420,246316,Checking,2022-05-28,5857.15,Active
48489633,62864878,872246,Savings,2024-04-13,812.53,Active
55305375,52692028,809570,Savings,2020-04-22,4719.63,Active
35939489,80881042,216739,Savings,2022-10-15,2702.45,Active
81781925,30541150,809570,Savings,2022-11-08,6708.35,Active
40232102,60091442,126225,Checking,2025-08-25,11473.0,Active
38790311,63466649,216739,Checking,2022-07-06,8211.86,Active
39380137,99386081,809570,Savings,2020-11-21,1600.05,Active
83649706,98674564,388389,Savings,2023-05-04,5664.35,Active
47211692,11958231,719176,Savings,2025-10-22,12466.99,Active
21357741,66210748,126225,Savings,2024-09-27,3150.93,Active
99443890,56832109,877572,Savings,2021-10-12,356.95,Active
98657462,33626002,877572,Savings,2022-07-08,9870.17,Closed
24863928,31171858,770487,Checking,2023-05-18,1641.6,Active
58844345,87128000,216739,Savings,2021-07-12,16929.8,Active
56222906,18696402,207473,Savings,2025-01-30,3588.91,Active
57730234,47849912,809570,Checking,2022-12-06,12555.74,Active
90301625,90213358,872246,Savings,2020-03-31,2013.0,Active
96199872,53298009,388389,Savings,2023-10-31,3665.74,Active
30434498,47146876,246316,Savings,2023-03-11,7621.2,Active
90236101,95064857,809570,Checking,2024-01-10,14752.4,Active
21488839,95327566,388389,Checking,2025-03-28,7350.17,Active
37938376,47720202,809570,Checking,2020-01-19,6547.79,Closed
34071754,92955825,877572,Checking,2025-02-09,6794.78,Active
23946443,69365908,388389,Checking,2025-09-02,1698.06,Active
42558680,93711907,334053,Checking,2020-07-01,11235.77,Active
95511771,90412028,388389,Checking,2020-10-11,606.88,Active
47211740,41159925,872246,Savings,2025-01-19,7632.62,Active
63825117,16579870,877572,Savings,2025-03-10,894.87,Closed
55567581,48100365,877572,Checking,2025-05-15,5115.93,Active
66348257,29581571,207473,Checking,2025-02-12,3537.01,Active
15066342,24484665,216739,Checking,2021-04-15,3431.69,Active
43312361,94848377,334053,Savings,2020-08-04,6877.19,Active
95380713,97631821,872246,Savings,2020-06-23,4605.06,Active
53372139,52843211,872246,Savings,2022-01-06,7814.94,Active
63890670,74114593,876646,Savings,2024-11-12,9141.53,Active
88925422,89444680,356787,Savings,2020-01-27,404.27,Active
80536818,34546715,809570,Savings,2021-01-21,21642.73,Active
22635762,83478162,809570,Checking,2021-08-03,1789.89,Active
61596916,51915246,207473,Checking,2025-01-24,6874.68,Active
35546357,26342891,809570,Savings,2020-06-01,11240.42,Active
45311218,27646484,877572,Savings,2022-02-16,9217.41,Active
33023226,46003469,334053,Checking,2025-07-30,11683.53,Active
57894141,59766229,334053,Savings,2023-10-27,1677.89,Active
68052224,41187115,207473,Savings,2021-03-20,4609.94,Active
52192512,42537115,216739,Savings,2024-03-01,9777.29,Active
91514114,70809589,671858,Savings,2024-06-18,3679.76,Active
89351429,13085086,809570,Savings,2024-10-27,10788.95,Active
86893830,19047209,216739,Checking,2024-09-07,7089.73,Active
79783175,77333153,126225,Checking,2021-01-03,5353.14,Active
25289992,18708786,671858,Savings,2024-07-01,12873.83,Active
19588362,34284760,126225,Savings,2021-01-11,889.97,Closed
84075787,35710754,388389,Savings,2024-06-18,1061.62,Active
77522187,27585494,216739,Savings,2025-12-17,8944.56,Active
14935311,29272495,246316,Savings,2020-12-10,4648.16,Active
21849364,93260858,877572,Savings,2021-09-24,4323.51,Active
93906197,14353056,334053,Savings,2021-08-12,4320.83,Active
57664789,42577041,246316,Savings,2022-07-08,15286.9,Active
53896468,73096728,671858,Checking,2022-09-13,3293.57,Active
63104283,72076710,671858,Savings,2021-07-25,6416.32,Closed
16114971,90267569,809570,Savings,2024-03-16,6549.22,Active
76277024,45001576,876646,Savings,2020-09-18,13264.95,Active
12608801,21170819,356787,Checking,2022-10-31,6253.42,Active
22045987,38133133,876646,Savings,2023-01-21,7196.81,Active
44426532,53990574,809570,Savings,2025-08-01,1608.38,Active
80733475,27675969,334053,Checking,2021-03-06,1700.09,Active
46196007,86502371,334053,Savings,2025-08-23,2212.91,Active
19129640,35137242,876646,Savings,2021-06-07,3947.99,Active
52061481,53399168,770487,Checking,2020-07-14,2484.1,Active
87024940,66643487,207473,Savings,2021-07-14,4592.57,Active
68248876,15226870,216739,Savings,2021-12-26,3825.36,Active
55043374,14024663,876646,Savings,2020-06-19,693.73,Active
71525679,72792115,246316,Checking,2025-02-16,3524.38,Active
91350322,30703342,877572,Checking,2024-08-27,2535.02,Closed
18015544,75421510,388389,Checking,2020-10-08,11583.92,Active
21816633,24903439,719176,Savings,2023-11-11,7640.36,Active
83944762,61489039,671858,Checking,2025-12-25,13570.71,Active
82666817,44373400,246316,Savings,2021-10-26,14495.9,Active
45114690,31829800,216739,Savings,2020-06-04,42270.19,Active
96855362,21547958,126225,Savings,2020-01-14,2523.34,Closed
39576903,82129432,770487,Savings,2020-01-01,8760.15,Active
63989064,85068279,877572,Savings,2021-06-06,3518.07,Active
74474823,61892410,872246,Checking,2021-07-22,3794.3,Active
48227663,55127778,876646,Savings,2020-10-04,1621.24,Active
10216790,34262207,334053,Savings,2022-08-27,2245.86,Active
34661719,56301632,872246,Checking,2022-10-18,23962.52,Closed
66643291,53765365,216739,Savings,2021-08-07,4194.53,Closed
40232283,69844182,126225,Checking,2024-02-01,1185.92,Active
33285469,95571863,877572,Checking,2021-12-06,2571.04,Active
82535772,23751148,809570,Savings,2024-09-25,4018.9,Active
45213023,75023119,246316,Savings,2021-05-23,1802.51,Active
74442079,18531907,770487,Checking,2024-08-13,9027.39,Closed
95774050,49194152,334053,Checking,2024-02-04,4158.99,Active
99509602,15712965,207473,Checking,2022-05-17,6897.06,Active
93021539,17078019,877572,Checking,2023-08-12,1049.42,Active
54519142,19469477,216739,Savings,2021-06-26,1681.79,Active
31581542,35138679,207473,Savings,2025-04-06,1841.21,Active
96527720,19559882,246316,Savings,2022-07-21,12081.15,Active
27813227,72691030,809570,Savings,2022-08-20,3926.53,Active
31057261,93784251,876646,Savings,2021-12-31,6832.33,Active
84632946,91028434,207473,Checking,2023-05-10,32424.88,Active
64742774,10435736,207473,Savings,2020-04-27,2675.78,Active
83518838,87298758,388389,Savings,2024-04-10,4341.37,Active
29943158,89538863,216739,Checking,2021-10-21,4132.61,Active
95315318,41157679,809570,Savings,2025-01-04,1508.8,Active
30270838,70192839,207473,Savings,2020-05-24,6968.98,Active
26699133,84960551,770487,Savings,2024-09-22,2131.15,Active
80799102,93010605,671858,Savings,2021-08-05,1272.62,Active
86828416,76570530,388389,Checking,2022-04-22,147.52,Active
33613185,90552456,216739,Savings,2024-05-16,5184.52,Active
65594754,94448949,126225,Savings,2025-02-22,5511.6,Active
79553922,52088474,877572,Savings,2025-05-21,9360.73,Active
97805700,63028461,356787,Savings,2020-12-25,18904.93,Active
29549956,48682523,671858,Savings,2023-08-13,4627.93,Active
80274822,77393840,719176,Savings,2020-03-06,4791.7,Active
45802881,71429471,388389,Savings,2024-01-16,1008.32,Active
20964744,85638484,872246,Savings,2020-01-11,31010.48,Active
66348425,20261827,216739,Savings,2020-05-05,313.38,Active
68445577,13132558,216739,Savings,2021-03-31,4118.47,Active
17065348,16536895,216739,Checking,2023-12-28,20450.43,Closed
89646473,36746598,356787,Savings,2021-01-29,3064.46,Active
57632141,83167460,126225,Checking,2025-10-24,1425.92,Active
10741133,99342398,876646,Checking,2021-12-11,8555.63,Active
40363407,87670307,246316,Savings,2024-12-14,26208.58,Active
76375439,35451231,876646,Savings,2021-10-03,43177.87,Active
34989457,32476811,334053,Savings,2020-12-29,1997.53,Closed
47244689,44546060,356787,Savings,2021-01-02,7738.57,Active
19555731,61165027,207473,Savings,2024-08-23,14943.35,Active
48653717,83326051,877572,Savings,2023-07-06,8643.24,Active
77358487,43983232,334053,Checking,2023-08-13,7830.32,Active
13690263,69505755,216739,Savings,2023-09-25,3024.87,Active
32957848,25167361,126225,Checking,2021-11-24,3624.03,Active
66413980,34291448,191161,Savings,2020-02-25,2993.0,Closed
98919839,77126840,126225,Savings,2023-09-30,1409.97,Active
86304177,87363316,876646,Savings,2021-03-24,1978.43,Active
89810354,88266692,876646,Checking,2023-11-12,2203.45,Active
31909297,52928178,356787,Savings,2025-07-07,11455.41,Active
27321780,58696977,388389,Checking,2024-07-09,8493.97,Active
51439028,37587025,719176,Savings,2025-01-20,3961.11,Active
86762936,54024238,671858,Checking,2020-02-04,2905.07,Active
87483835,23819442,872246,Savings,2020-01-28,617.2,Active
20440513,63601195,877572,Savings,2025-06-10,3579.79,Active
49440197,25795290,876646,Checking,2023-08-23,5831.73,Active
95741381,15417052,877572,Savings,2024-11-25,34331.76,Active
74212807,88871038,356787,Savings,2023-07-31,12398.71,Active
84272584,80971862,334053,Checking,2023-10-24,5216.8,Active
28206538,51232684,876646,Checking,2020-06-12,4789.64,Active
35448269,48590029,719176,Savings,2024-09-12,1757.51,Active
46130639,80556892,207473,Checking,2020-10-18,6160.77,Active
84731348,43627810,388389,Savings,2021-04-26,6146.88,Active
57435606,37674589,877572,Savings,2020-03-16,6289.56,Active
26568150,38048221,876646,Savings,2025-03-16,2146.16,Active
35874262,34261159,216739,Savings,2023-05-07,23034.01,Active
99116503,44647379,356787,Savings,2020-08-07,27530.31,Active
89810391,45195672,246316,Savings,2021-08-23,4762.05,Active
76801500,91461049,877572,Checking,2022-02-18,10077.64,Active
86795741,99024690,877572,Savings,2025-06-03,1153.83,Active
96724446,29945410,334053,Savings,2022-02-22,1560.56,Active
21816798,68623923,207473,Savings,2020-11-19,8337.68,Active
75982304,72986089,334053,Savings,2024-03-05,8108.71,Active
96069088,58603012,356787,Savings,2022-08-24,8238.65,Active
73229793,28906776,126225,Savings,2023-04-17,5014.99,Active
94266849,23958503,334053,Savings,2024-07-01,10021.74,Active
10413540,62653075,246316,Checking,2023-02-11,1970.86,Active
87614950,48710048,334053,Savings,2022-12-25,3789.59,Active
68273344,31748148,216739,Checking,2023-10-24,30234.84,Active
44295656,37290989,216739,Savings,2020-10-08,4235.75,Active
59631085,17266689,809570,Savings,2024-11-04,13175.85,Active
79291887,46664946,216739,Savings,2021-03-14,3908.99,Active
27944432,46854431,207473,Savings,2020-02-17,6361.11,Active
87975411,87142428,876646,Savings,2024-02-15,13317.7,Active
82077175,43713557,809570,Checking,2020-09-15,1660.56,Active
64087544,72717139,388389,Checking,2023-10-27,16579.24,Active
17294844,22629912,334053,Savings,2024-01-12,3788.01,Active
60515843,23333146,719176,Savings,2021-09-28,7880.77,Active
76211719,90669773,388389,Checking,2024-04-16,2573.98,Active
13231624,23687185,872246,Savings,2025-03-05,2850.73,Active
47703561,89052696,216739,Savings,2020-12-14,1360.71,Active
82634250,86620081,126225,Checking,2025-07-17,2178.79,Closed
68150794,41844215,809570,Checking,2020-09-19,5063.62,Active
14837257,20401359,809570,Savings,2022-06-14,5272.28,Active
38331922,43273461,719176,Checking,2025-11-02,9617.72,Active
50456082,81866592,388389,Savings,2025-09-24,3992.73,Active
26437138,43723221,216739,Savings,2025-09-10,12666.55,Active
22898201,31136281,246316,Savings,2021-02-13,12885.44,Active
52880921,21865330,770487,Checking,2024-07-14,2909.31,Active
37512732,98224079,126225,Savings,2022-05-03,172.35,Active
98362908,89233826,671858,Savings,2020-07-13,6805.07,Active
43673119,58100262,877572,Savings,2022-12-01,4803.12,Active
53569057,66817791,334053,Checking,2020-06-05,1699.71,Active
37938721,17404767,876646,Checking,2024-09-15,19658.0,Active
44852773,59371260,216739,Savings,2023-10-19,3324.4,Active
31745582,64286033,126225,Savings,2023-02-15,1928.29,Active
25552431,96056922,216739,Checking,2024-06-05,38908.46,Active
12379696,56550393,388389,Savings,2021-04-09,3647.62,Closed
77686323,13802982,877572,Savings,2020-02-20,4986.75,Active
66119220,16780935,770487,Checking,2022-12-15,6977.64,Active
69625397,17709878,246316,Savings,2020-04-20,1515.72,Active
95053367,83334481,388389,Savings,2022-01-19,2581.17,Active
46917179,60600566,877572,Savings,2024-04-12,4129.6,Active
53044802,43141686,191161,Savings,2023-09-26,20404.23,Active
72967747,51898908,877572,Checking,2022-01-31,2124.74,Active
22210119,12882469,216739,Checking,2022-10-29,12182.93,Active
66250312,62792444,216739,Savings,2023-03-12,7488.02,Active
63825487,91147508,191161,Checking,2021-04-04,4461.0,Active
41543248,29160042,216739,Savings,2020-04-23,2556.56,Active
47081040,81030671,126225,Checking,2024-02-19,1866.01,Closed
59369046,22470928,334053,Savings,2021-03-02,91384.08,Active
48293465,12659953,216739,Savings,2025-12-12,13470.83,Active
86107746,36885969,216739,Checking,2021-04-29,3867.49,Active
35317350,60212465,126225,Savings,2021-09-30,4463.2,Active
75032172,69791280,126225,Savings,2025-06-11,2902.39,Closed
73688685,55515474,877572,Savings,2022-10-31,1325.4,Active
12215918,18472928,809570,Savings,2024-04-10,2970.77,Active
17950318,74990435,356787,Savings,2023-03-15,3334.74,Active
63104624,39052220,207473,Savings,2024-10-12,18361.89,Active
47048308,81257274,334053,Checking,2020-03-04,5156.38,Active
10774133,91790125,876646,Checking,2025-07-04,2853.4,Active
62973564,42403652,216739,Savings,2020-08-30,23347.62,Active
33416828,52913287,877572,Savings,2021-11-03,2608.39,Active
46982789,78081576,334053,Savings,2024-12-11,3825.62,Active
41215627,74287273,671858,Savings,2022-12-13,15526.21,Closed
77817485,38350393,876646,Savings,2025-09-06,1952.66,Active
78276238,32111356,719176,Checking,2022-08-19,2591.97,Active
55830158,87115184,191161,Savings,2021-06-07,2984.84,Active
94496400,13039386,334053,Savings,2025-01-17,6939.86,Active
34924182,32665997,216739,Savings,2024-07-13,1117.87,Active
70215318,66674905,877572,Checking,2024-10-28,4092.82,Active
87516824,82590063,809570,Checking,2025-01-08,1844.6,Active
61466264,30595225,770487,Checking,2020-07-19,3925.61,Active
89220762,88668146,334053,Savings,2024-04-11,7893.75,Active
59926172,54183583,388389,Savings,2024-01-30,1766.64,Closed
33056413,60535131,246316,Savings,2021-10-11,1598.62,Closed
77293217,76005767,388389,Savings,2022-06-03,3130.31,Active
50783910,47379354,207473,Checking,2023-02-02,3004.81,Active
98297516,86183837,356787,Savings,2024-04-28,9515.35,Active
60057264,84976636,246316,Checking,2024-08-30,888.03,Active
48883379,30495577,872246,Savings,2023-12-04,4219.15,Active
85485236,96919001,216739,Checking,2022-08-08,2085.45,Active
23488183,31048578,872246,Checking,2020-05-09,1469.67,Closed
31483579,68243617,671858,Checking,2022-07-16,1831.74,Active
43345596,19426874,877572,Savings,2024-12-21,2278.81,Active
60188348,20613030,126225,Savings,2024-08-26,1629.2,Active
16869055,98887568,207473,Checking,2025-07-12,2086.54,Active
40429248,45636710,246316,Savings,2022-01-04,3878.32,Active
99706562,66925573,388389,Savings,2021-02-17,1825.18,Active
48162499,29915865,356787,Checking,2025-03-10,4713.49,Active
73361091,45470187,356787,Savings,2021-06-05,7341.42,Active
86795973,13890627,216739,Savings,2020-10-20,5876.87,Active
37775045,47085033,388389,Checking,2025-08-11,3340.78,Active
61433538,54242051,388389,Savings,2021-12-04,5517.73,Active
23914184,64522034,207473,Savings,2020-04-05,1202.7,Active
67364553,27053582,216739,Savings,2023-07-20,1417.72,Active
39675594,90642791,246316,Checking,2025-09-16,6308.34,Active
36071114,13262588,388389,Savings,2022-01-14,3422.43,Active
51242696,19006996,388389,Savings,2020-02-04,3752.88,Active
20670157,87407425,809570,Savings,2025-03-25,3044.08,Active
36497101,80114635,246316,Savings,2020-01-13,9861.96,Active
11953871,96726933,770487,Savings,2023-10-10,18458.62,Active
84010703,67443937,126225,Savings,2022-04-22,2823.56,Active
68970194,18934597,388389,Savings,2022-05-25,4829.52,Active
66381522,41462368,216739,Checking,2024-04-03,9027.61,Active
52586197,13823919,246316,Savings,2023-01-05,8061.83,Active
19982037,95899843,334053,Savings,2020-11-07,2181.54,Active
21423831,73941683,671858,Savings,2020-12-22,937.76,Active
25749208,66634012,207473,Savings,2020-07-03,25381.09,Active
20473561,21412383,216739,Checking,2025-12-16,1758.42,Active
88925919,95377369,671858,Checking,2025-06-08,22010.72,Active
27649760,84893109,877572,Checking,2020-07-02,29736.8,Active
76539615,61323859,671858,Savings,2020-01-04,8302.45,Active
13657826,47791347,770487,Checking,2020-11-19,10463.47,Active
67659492,35205271,246316,Checking,2025-10-31,3949.83,Active
97183463,59405006,356787,Savings,2023-10-24,5399.62,Active
69625575,93989262,246316,Savings,2020-01-09,2208.7,Active
69560041,25398534,809570,Checking,2021-06-15,15314.7,Active
69002986,16046768,246316,Savings,2023-12-03,39428.51,Active
61761259,11781382,876646,Savings,2023-11-22,15383.22,Active
65890031,13700169,809570,Savings,2020-06-10,3683.92,Active
21227252,16908366,876646,Savings,2021-01-04,1804.16,Active
59696885,99628702,877572,Savings,2025-07-31,28140.89,Active
23881462,93415614,877572,Savings,2022-01-29,1654.42,Active
70248187,80406793,216739,Savings,2025-01-05,6308.72,Active
19588861,63777234,719176,Savings,2025-12-14,10975.04,Closed
78866174,77236970,877572,Checking,2022-08-19,13726.12,Active
24536830,95932835,207473,Savings,2024-09-22,15428.94,Active
67790593,15616959,334053,Checking,2021-04-06,4005.06,Closed
27748100,11044012,334053,Savings,2023-11-19,3154.97,Active
80504584,11608040,770487,Savings,2022-07-14,1695.63,Active
94496524,34641164,877572,Savings,2025-04-25,739.51,Closed
36366096,35527189,191161,Savings,2023-07-17,5426.83,Active
28174100,80512681,216739,Savings,2022-01-19,15054.08,Active
76637972,17010108,334053,Savings,2020-12-22,2726.52,Active
94562069,48347648,388389,Savings,2023-02-06,6798.71,Active
75294487,94326128,877572,Savings,2025-07-22,7910.82,Active
42624788,91991922,809570,Checking,2025-11-26,3291.11,Active
28534556,60297789,334053,Checking,2023-12-01,9295.31,Active
16344861,89606631,809570,Savings,2022-01-11,60174.46,Active
66643742,60604064,334053,Checking,2021-07-01,4620.33,Active
52979487,30736574,216739,Savings,2023-01-08,6617.53,Active
70379296,68540931,388389,Savings,2020-10-24,5499.0,Active
69756704,15918992,388389,Checking,2023-12-25,962.13,Active
83388194,83436356,809570,Savings,2022-01-28,730.77,Active
73066275,74702925,719176,Checking,2024-06-17,5773.87,Active
49080100,89423157,671858,Savings,2025-11-08,4754.0,Closed
20834088,57484464,388389,Checking,2025-05-23,2595.19,Active
97543978,51127483,216739,Savings,2023-12-10,5450.9,Active
10250028,78872075,671858,Savings,2020-07-22,9745.61,Active
69363501,57338747,334053,Savings,2023-12-06,1619.04,Active
62023469,64521433,246316,Checking,2020-11-11,2671.61,Active
41084722,25229580,809570,Savings,2020-05-27,393.69,Closed
12478262,70106858,388389,Checking,2024-08-24,9382.51,Active
59074360,20296889,876646,Savings,2022-11-21,12946.72,Active
63432510,97364234,809570,Savings,2024-09-18,6434.82,Active
18212671,22920794,216739,Checking,2022-12-06,1184.17,Closed
69265215,55605194,388389,Savings,2021-03-23,12332.62,Active
36235070,30393586,356787,Savings,2025-04-29,7633.42,Active
53962566,14450375,246316,Savings,2025-01-30,2706.53,Active
84371273,29943505,877572,Savings,2022-04-30,10358.93,Active
97871695,67616237,334053,Savings,2022-11-08,7643.92,Active
18999119,97687975,876646,Savings,2022-12-16,2357.19,Active
97642319,13768437,877572,Savings,2022-02-22,1610.14,Active
80045908,27150326,719176,Savings,2021-10-22,2765.51,Active
31254363,11726937,877572,Savings,2023-04-11,5256.25,Active
11626331,88037790,388389,Savings,2024-06-04,10972.34,Active
72443744,48183707,877572,Savings,2020-07-15,2746.38,Active
90859364,28439928,216739,Checking,2021-02-26,2979.77,Active
35940199,43783663,207473,Savings,2020-12-14,2164.19,Active
14215015,41686897,356787,Checking,2022-03-30,11734.65,Active
48588652,73691283,216739,Savings,2024-04-13,10099.96,Active
85124972,17864921,809570,Checking,2022-08-30,3370.05,Active
96954226,95392984,719176,Savings,2024-01-03,1497.46,Active
72902517,30313574,216739,Savings,2023-04-10,5390.55,Closed
28141430,31997181,877572,Checking,2024-09-16,1160.86,Active
74180472,32095950,334053,Savings,2021-12-30,1572.02,Active
79914874,27797899,246316,Savings,2021-11-08,10765.9,Active
98461564,30738663,207473,Checking,2023-04-06,32114.85,Active
48555903,22515069,216739,Savings,2021-03-18,699.56,Active
18376576,83546925,877572,Savings,2020-04-11,7529.87,Closed
23324545,63746280,126225,Savings,2022-12-09,461.09,Closed
67168130,93514805,207473,Savings,2022-05-06,4240.51,Active
57141123,15068618,334053,Checking,2020-10-09,2700.77,Active
31025029,40710598,876646,Checking,2023-06-08,7607.73,Active
13100934,66892333,388389,Savings,2022-08-26,7089.11,Active
15820679,48344807,356787,Checking,2025-04-21,10373.94,Closed
81127307,27353843,877572,Savings,2022-02-25,1495.37,Active
61990796,14688680,719176,Checking,2020-03-15,7295.86,Active
10217360,22219154,126225,Savings,2025-07-09,6128.3,Active
19523473,38295629,809570,Savings,2020-09-28,4328.9,Active
73000853,92836863,671858,Savings,2022-12-05,11867.36,Active
82175893,52339954,334053,Savings,2022-12-18,17608.61,Active
20965269,90557939,719176,Savings,2024-10-13,5944.12,Active
38528929,16441672,770487,Checking,2022-07-16,1090.6,Active
57370530,84024948,719176,Savings,2020-04-02,14209.61,Active
10086305,30743424,719176,Savings,2025-08-23,4196.75,Active
47867810,56347162,126225,Checking,2020-02-05,8173.73,Active
15165349,82388053,876646,Savings,2020-11-17,4808.39,Active
26372005,81533086,126225,Savings,2022-05-20,1155.8,Active
49538981,93540488,207473,Savings,2024-12-16,2659.07,Active
88106922,76506899,216739,Checking,2020-07-14,10933.48,Active
48555946,11392713,246316,Savings,2022-05-31,1852.55,Active
97314737,81629042,877572,Checking,2021-03-15,3832.04,Active
38758322,95073580,356787,Checking,2020-11-21,12851.2,Closed
25061300,94242570,246316,Savings,2020-03-03,11145.54,Active
86697910,31195815,876646,Checking,2024-07-01,23631.37,Active
69527479,19286610,207473,Savings,2025-03-22,4857.74,Active
94169016,72830043,334053,Savings,2022-06-15,8543.06,Active
45311929,57162770,334053,Savings,2023-05-23,5986.96,Active
82339770,35686922,876646,Savings,2020-03-17,997.8,Active
10545084,39155667,671858,Checking,2021-12-10,13252.91,Active
87910333,53914897,334053,Checking,2025-06-07,4690.37,Active
19097538,89833283,876646,Savings,2025-10-27,5168.38,Active
48621507,54069691,246316,Savings,2021-08-26,8024.25,Active
28338116,48375209,246316,Savings,2024-10-27,4881.27,Active
24176585,13478911,334053,Savings,2024-10-26,1244.81,Active
27224009,59794029,246316,Savings,2022-05-30,1243.87,Active
44525517,89328563,388389,Savings,2025-10-19,4291.87,Active
74377166,72885745,809570,Savings,2025-12-10,3085.16,Active
80963539,17961621,809570,Savings,2022-01-24,3810.82,Active
52881365,33569051,388389,Savings,2022-09-29,1967.82,Active
50456534,33509020,388389,Savings,2020-01-10,2422.29,Active
95807447,35703214,334053,Checking,2025-04-03,2211.45,Active
40167384,15081624,388389,Savings,2021-05-29,2942.0,Active
58910682,18412922,334053,Savings,2025-05-27,3900.22,Active
32925660,93235223,216739,Savings,2025-06-08,11048.67,Active
12773350,18627194,872246,Savings,2020-03-04,13202.01,Active
75524073,26106829,126225,Savings,2023-07-23,16642.38,Active
20015089,70311494,126225,Savings,2024-06-13,4378.1,Active
43050997,78476884,809570,Savings,2022-03-07,2945.26,Active
38758390,68606568,334053,Savings,2020-12-20,1445.57,Closed
48785400,30219017,356787,Checking,2023-03-10,6705.71,Active
50325497,56641264,334053,Savings,2023-06-15,4466.08,Active
79226875,28148921,216739,Savings,2021-07-12,5417.2,Active
35252222,28714992,207473,Checking,2023-12-04,6075.49,Active
66283521,32287138,356787,Savings,2025-09-24,13604.52,Closed
22702081,97089084,719176,Checking,2024-07-29,7655.92,Closed
93415436,46155867,770487,Savings,2022-03-14,6619.92,Active
90728461,20600510,719176,Checking,2021-09-28,2275.28,Active
14575629,23274657,872246,Savings,2024-01-09,19620.27,Active
70412306,81821888,334053,Savings,2021-04-25,4787.51,Active
62351383,51767062,126225,Savings,2020-11-21,4449.78,Active
51505175,12437182,334053,Savings,2025-07-15,7396.16,Active
82044961,57701144,719176,Savings,2021-10-12,2505.31,Active
55044129,93959005,126225,Checking,2022-12-03,9216.64,Active
89122851,46108649,246316,Savings,2025-07-30,21722.96,Active
53864484,55986623,388389,Savings,2023-03-30,2981.19,Active
19425316,15190583,388389,Savings,2020-06-15,5308.37,Active
22964261,92515948,388389,Checking,2022-05-24,3228.39,Active
11790375,75740036,719176,Checking,2021-07-18,6843.16,Active
69003304,69866120,770487,Checking,2020-11-24,8399.39,Active
26372134,55643095,388389,Savings,2021-05-21,7466.99,Active
44754988,16290641,719176,Savings,2020-01-12,10234.24,Active
50489392,20818494,126225,Savings,2021-08-21,1436.09,Active
71690292,32001865,770487,Savings,2023-12-05,8944.35,Active
38070326,26216350,207473,Savings,2024-09-29,5780.42,Active
94529590,53611062,877572,Checking,2022-09-13,30600.97,Active
87156792,89283715,246316,Savings,2021-02-26,4082.04,Active
71231545,61414361,388389,Savings,2024-10-16,25327.94,Active
58583100,16005870,191161,Savings,2023-03-27,14105.77,Active
83322941,30629028,216739,Savings,2025-04-19,12135.82,Active
27519037,52528787,719176,Savings,2020-07-29,5337.43,Closed
46721085,95771994,388389,Checking,2024-02-27,20697.22,Active
31385665,39286313,334053,Savings,2025-03-14,2175.52,Active
62449730,45668220,388389,Checking,2020-10-22,9268.88,Active
73787464,62339589,191161,Savings,2025-01-14,28144.37,Active
15657032,43221646,246316,Checking,2023-01-04,3772.85,Active
62580810,68314316,334053,Checking,2020-03-08,8080.65,Active
59631688,23251392,877572,Checking,2020-02-04,2105.86,Active
84502609,33062698,334053,Savings,2021-10-12,28951.61,Active
71854161,17116333,388389,Savings,2024-08-18,3810.95,Active
86075474,95430781,246316,Savings,2021-04-10,4608.41,Active
49834068,25432404,877572,Checking,2023-03-09,2942.53,Closed
45770838,50448101,877572,Savings,2023-12-01,3514.7,Active
13527129,21170209,334053,Savings,2022-05-12,3963.63,Active
60745821,14842428,216739,Savings,2025-07-13,7473.33,Active
42494048,37404336,246316,Savings,2023-06-06,4164.81,Active
48785505,37117666,246316,Savings,2022-12-19,671.0,Active
13461603,34836379,388389,Savings,2022-08-25,8006.07,Active
11724900,55718128,246316,Savings,2024-01-18,25155.52,Active
29485157,98256787,216739,Checking,2023-11-24,1332.07,Active
72607845,62455850,356787,Savings,2021-08-07,7222.26,Active
21522536,28081271,356787,Savings,2023-01-21,67971.36,Active
68937833,55564126,388389,Savings,2024-11-18,3692.4,Closed
22276205,99160100,388389,Savings,2022-07-06,4976.42,Active
94791790,24735413,126225,Checking,2023-11-13,2893.03,Active
66021490,98567508,872246,Savings,2025-12-05,14476.52,Active
86468723,97041166,876646,Checking,2021-10-01,11389.94,Active
97478771,15678881,216739,Savings,2023-05-25,2360.99,Active
69265527,63225922,671858,Checking,2021-12-23,6404.67,Active
13363322,55635936,334053,Savings,2022-06-20,2648.08,Active
98560124,76541443,126225,Savings,2024-07-29,2709.02,Active
66676860,72056959,809570,Savings,2020-05-30,2563.06,Active
79554685,46402657,246316,Savings,2021-07-24,3329.07,Active
41117825,83840258,126225,Savings,2022-11-17,2782.3,Active
21260418,76745463,216739,Savings,2021-02-02,5399.24,Active
58878084,84096160,876646,Savings,2022-01-27,21365.9,Active
79358085,83603879,334053,Savings,2020-11-23,2672.07,Active
70281349,13414017,334053,Savings,2020-03-10,2470.83,Active
73066631,85231220,334053,Checking,2023-04-09,7594.73,Closed
32893065,65647128,334053,Savings,2025-11-22,3188.08,Active
18540682,68088262,388389,Savings,2025-12-23,2339.81,Active
66709648,21237964,809570,Savings,2022-09-17,6100.91,Active
80767121,85943024,126225,Savings,2022-03-22,4789.67,Active
69068945,46057743,809570,Savings,2025-03-09,3492.16,Active
24012952,63468955,770487,Savings,2023-09-13,11373.26,Active
20637850,57536203,770487,Savings,2025-12-21,3563.69,Active
25061532,20990767,877572,Savings,2021-03-25,13683.1,Active
39938207,26930651,216739,Savings,2023-04-30,6646.5,Active
47769761,94127596,809570,Savings,2020-02-14,1334.88,Active
28534946,51721729,877572,Savings,2020-05-02,7034.73,Active
49309860,54933242,216739,Savings,2025-05-19,3357.28,Active
10512549,19905212,877572,Savings,2024-03-14,1594.49,Active
67332265,91201698,809570,Savings,2023-11-07,4987.35,Active
56715435,60782232,877572,Savings,2020-05-27,3212.82,Active
52914348,17807790,388389,Savings,2021-07-28,36228.15,Active
43608239,21162009,877572,Savings,2024-07-22,3498.92,Active
48785588,28278310,719176,Savings,2021-02-28,6140.56,Active
32958646,70068638,876646,Savings,2022-01-12,2348.41,Active
67004600,14315707,356787,Savings,2020-07-02,4347.33,Active
35285182,65322939,356787,Checking,2022-05-01,8258.52,Active
53176515,65180948,388389,Savings,2020-11-24,48149.96,Closed
48556228,51957623,809570,Savings,2025-10-06,6263.12,Active
65366215,89314895,872246,Savings,2022-12-31,1260.29,Active
32467144,31076233,770487,Savings,2022-08-03,19931.33,Active
65824971,62774608,126225,Savings,2020-03-06,11548.52,Active
82798796,48851781,388389,Savings,2021-10-31,412.33,Active
18770123,72868537,216739,Savings,2024-01-13,1258.03,Active
77064398,98217088,126225,Checking,2020-04-06,3317.71,Active
85715151,55939770,809570,Checking,2025-05-28,2147.23,Active
52390096,63937995,246316,Savings,2022-09-02,4611.26,Active
56256721,55126713,246316,Checking,2025-07-12,3059.91,Active
32991438,46585687,809570,Checking,2021-04-16,11720.59,Active
31484108,91698404,770487,Savings,2023-01-09,13069.76,Active
20015321,80135478,191161,Savings,2021-04-16,1689.94,Active
44689628,93513122,246316,Savings,2022-05-19,31078.2,Active
30730460,68547200,809570,Savings,2020-07-31,18452.92,Active
91875553,36206158,809570,Checking,2025-01-28,376.3,Active
55535842,66662106,809570,Savings,2022-10-08,2219.26,Active
93972706,78553022,126225,Savings,2020-10-16,1785.81,Closed
84142308,94658540,877572,Savings,2023-09-30,2087.6,Active
99641572,77705230,216739,Checking,2020-11-29,523.53,Active
47278311,37462187,388389,Checking,2021-11-08,5826.34,Active
37775592,61239068,246316,Savings,2024-08-01,2457.24,Active
12871914,42952007,809570,Savings,2023-12-22,8184.77,Active
90925291,45872541,216739,Savings,2024-07-14,41986.11,Active
39577836,25041588,770487,Checking,2020-12-28,22337.19,Active
54913261,39717276,877572,Checking,2023-09-17,2814.94,Active
54585582,67950709,388389,Savings,2024-10-08,4793.04,Active
65530095,77489764,334053,Savings,2025-09-29,9302.64,Closed
32008434,78672798,388389,Checking,2022-01-08,26444.34,Active
22997235,66728023,809570,Savings,2024-06-28,5353.47,Active
23587062,80037046,876646,Checking,2023-10-18,1771.88,Active
29190390,63942479,719176,Savings,2021-02-25,9081.65,Closed
86075641,29681200,216739,Savings,2022-09-04,1607.04,Active
78473471,39744111,126225,Savings,2022-04-11,1647.42,Active
87058690,54509525,877572,Checking,2025-02-02,12503.83,Active
64678147,77636982,719176,Savings,2024-11-22,15469.67,Active
55601414,51984383,872246,Savings,2024-09-01,21944.75,Active
72214791,12809123,877572,Savings,2025-06-14,20421.52,Active
48097542,39661697,334053,Savings,2021-09-09,9379.99,Active
57403658,55861542,809570,Savings,2024-06-09,3235.38,Active
33319179,83503442,191161,Savings,2024-12-23,1407.23,Active
79882508,53087794,770487,Savings,2021-02-26,4504.69,Active
66578701,37373216,216739,Checking,2025-04-19,3832.03,Closed
62220558,37864566,207473,Savings,2024-12-24,4204.69,Active
12970258,65623595,872246,Savings,2024-07-25,4670.33,Active
52291860,79073602,671858,Savings,2023-03-10,3396.36,Closed
48949526,56654278,876646,Savings,2024-11-18,6551.28,Active
68053270,23749243,216739,Savings,2023-05-27,1949.2,Active
51898647,11373974,246316,Savings,2022-11-08,7541.59,Active
39872793,93006072,216739,Savings,2020-03-23,1495.38,Active
52979992,28333930,126225,Savings,2021-05-29,6861.91,Active
85584161,74702529,719176,Checking,2023-06-16,3502.38,Active
16836900,80233781,388389,Savings,2024-04-14,7332.23,Active
67430693,83998521,719176,Savings,2024-06-15,20713.11,Active
29026598,59312960,334053,Savings,2021-09-26,745.29,Closed
16410920,75906837,876646,Checking,2021-03-12,3917.38,Closed
89680169,59427843,334053,Savings,2020-12-27,6924.63,Active
31254824,86561674,246316,Savings,2025-09-06,3652.82,Active
30959915,76127947,126225,Checking,2024-01-06,5420.04,Active
57076011,10260958,877572,Savings,2022-10-08,5726.5,Active
84666671,13739154,246316,Savings,2022-01-17,19837.78,Active
54946095,90024887,356787,Savings,2020-08-19,1294.19,Active
39807281,94617850,719176,Savings,2021-11-27,1017.55,Active
41118001,28854695,388389,Savings,2021-01-02,6548.49,Closed
53963059,26874157,877572,Savings,2020-07-23,16633.41,Active
69462324,39316023,877572,Checking,2021-09-27,14671.41,Active
98920756,71572033,246316,Checking,2025-04-30,3220.92,Active
39479606,44616781,334053,Checking,2021-02-10,1670.2,Active
97085746,79285211,356787,Savings,2024-02-14,7383.59,Active
56224058,46337178,388389,Savings,2022-06-07,8430.27,Active
15231291,79509831,334053,Checking,2023-04-22,1398.67,Active
88860998,39134138,877572,Savings,2022-08-28,2595.73,Active
14084424,96119272,671858,Checking,2021-12-29,6761.77,Active
78571848,82077282,246316,Savings,2025-04-09,5056.41,Active
73099594,12023781,671858,Checking,2021-05-01,15308.82,Active
10316106,41150164,126225,Checking,2021-02-05,6534.75,Active
11102539,40931948,770487,Savings,2024-05-02,1465.21,Active
82602318,54835291,356787,Savings,2025-04-14,6730.89,Closed
73230673,42358124,671858,Checking,2022-02-14,1346.83,Active
97708373,10281871,216739,Savings,2025-12-29,7429.8,Active
23849303,79247286,207473,Savings,2021-04-22,3811.21,Active
83061083,58394743,876646,Checking,2020-06-02,38052.16,Active
13756764,39043039,334053,Checking,2023-11-18,7250.9,Active
53078365,75322397,216739,Savings,2021-07-01,14900.02,Active
15296862,73534782,388389,Savings,2022-01-01,4217.48,Active
43706716,56405210,334053,Savings,2020-05-30,3191.66,Active
43051364,81841782,877572,Savings,2022-05-18,8296.69,Active
53340517,49856856,671858,Savings,2021-05-09,2958.85,Active
99314023,27117708,246316,Savings,2024-11-06,6388.79,Active
44951912,10874185,872246,Savings,2020-01-04,2428.88,Active
87222636,48256813,334053,Savings,2023-07-24,25340.18,Active
91875694,42913331,770487,Savings,2025-06-29,5268.06,Active
27421041,90837681,809570,Checking,2021-04-29,2547.51,Active
23259508,33021275,809570,Savings,2022-06-09,3270.39,Active
13166966,35667705,334053,Checking,2022-08-06,12114.64,Active
99641720,25021934,207473,Checking,2020-12-03,5951.88,Active
58943866,47923571,126225,Savings,2024-02-17,2296.59,Active
17000826,54872746,356787,Savings,2021-12-01,15313.64,Active
61073789,74902028,388389,Checking,2024-01-17,5376.39,Active
28830077,96057708,334053,Checking,2024-10-23,6440.99,Active
36366721,87860620,877572,Checking,2021-08-16,2502.16,Active
39872900,59603886,877572,Savings,2025-04-17,3795.56,Active
31746441,11035664,877572,Savings,2020-07-10,4505.86,Active
17918347,88455134,809570,Checking,2024-05-12,2113.79,Active
58321292,21394849,216739,Checking,2020-06-04,583.04,Active
85059982,35186520,246316,Savings,2022-05-16,17743.53,Active
95054226,79587863,388389,Savings,2025-03-28,1401.03,Active
18508179,36348589,719176,Savings,2023-07-26,2466.48,Active
74738067,59275937,246316,Savings,2021-05-20,2966.07,Active
17066390,54464700,216739,Savings,2024-06-19,23439.58,Active
68413847,55497773,126225,Savings,2020-10-04,3625.24,Active
23128472,32966864,246316,Savings,2022-02-20,6624.48,Active
93088152,65880522,877572,Savings,2023-05-04,9798.22,Active
59664794,38138031,877572,Checking,2021-01-16,17356.41,Active
79718807,39399789,877572,Savings,2024-07-08,2692.77,Active
63760792,62676442,719176,Checking,2024-02-11,8528.48,Active
24963482,21856328,719176,Savings,2023-03-27,2586.07,Active
56420767,19797356,334053,Checking,2022-02-15,1029.11,Active
57633184,58562258,126225,Checking,2025-11-23,4382.76,Active
18835872,31658922,719176,Checking,2023-02-15,2560.89,Active
33909156,63937534,877572,Checking,2021-12-02,23299.72,Active
79358373,77857232,216739,Savings,2021-06-24,19835.08,Active
27257253,88392196,334053,Checking,2022-02-02,13740.17,Active
99805607,56056483,216739,Savings,2021-11-25,5652.25,Active
12282279,38204138,877572,Checking,2020-06-29,4867.08,Active
70871468,25519799,877572,Savings,2023-03-04,6763.16,Active
58419630,22383858,216739,Savings,2024-08-09,4867.75,Closed
85551536,59617089,126225,Checking,2023-09-08,2838.88,Active
67201459,31700441,207473,Checking,2025-09-04,3188.01,Active
82307513,67667535,877572,Savings,2020-09-29,9958.55,Active
90728890,21916915,876646,Checking,2020-03-16,33974.62,Active
27978174,10655788,872246,Savings,2025-02-24,5790.14,Closed
83388864,73544573,334053,Savings,2021-05-26,5060.11,Active
88172993,79626784,216739,Checking,2024-02-11,2764.6,Closed
76605891,37769263,719176,Savings,2022-05-05,1022.07,Active
73263560,67023400,334053,Savings,2022-05-06,8920.76,Active
41707979,57906991,388389,Checking,2025-03-23,2146.32,Active
51374539,63866926,809570,Savings,2024-06-20,991.94,Active
26569163,51373213,207473,Savings,2021-05-04,20307.7,Active
63302094,52174709,126225,Savings,2025-02-04,12873.29,Active
91515342,34744306,719176,Savings,2022-09-17,1094.97,Active
55208399,57205157,246316,Checking,2025-11-27,46854.25,Active
63400396,28207714,877572,Savings,2020-07-22,1241.64,Active
99740114,88589332,388389,Checking,2021-08-28,1250.74,Active
49932753,46303469,809570,Savings,2021-10-28,930.66,Active
65169879,47812478,246316,Savings,2021-08-01,3321.01,Active
38267353,97348987,671858,Savings,2021-11-14,15495.43,Active
12708318,62165042,334053,Savings,2024-08-26,1111.65,Active
41445855,84266046,334053,Savings,2021-04-17,2670.22,Active
53012958,38396839,719176,Checking,2021-11-03,6875.0,Active
77818338,56364889,334053,Savings,2022-09-10,3063.65,Closed
84306405,68051569,388389,Savings,2023-08-18,5022.47,Active
35252711,80828077,876646,Savings,2023-07-07,11767.07,Active
20900332,92989654,809570,Checking,2025-11-06,2923.93,Active
83618284,41790179,388389,Savings,2023-03-08,2092.85,Active
56519153,39302953,334053,Checking,2021-09-02,7247.94,Active
80800242,39131204,216739,Checking,2023-04-03,5080.98,Active
99969524,55146299,388389,Savings,2025-09-09,9825.57,Active
98626039,57061319,216739,Savings,2021-03-29,11279.91,Active
95218175,24951680,334053,Savings,2021-08-05,859.29,Active
63105535,53768865,216739,Savings,2022-05-14,2428.8,Active
39184898,71986072,671858,Savings,2021-10-07,3055.18,Active
52029959,74586588,388389,Checking,2021-04-25,3434.91,Active
81586696,80180481,246316,Savings,2024-11-07,23562.67,Active
32369161,30964359,388389,Checking,2022-11-04,407.25,Active
42297865,99605734,809570,Checking,2023-09-22,3209.76,Active
35645963,76132106,356787,Savings,2022-04-23,1930.92,Active
25455115,37651781,877572,Savings,2021-05-09,12514.34,Closed
85420555,73984830,671858,Savings,2024-08-03,2273.49,Active
87747081,60638442,356787,Savings,2023-10-12,19871.1,Active
55601680,33874895,216739,Checking,2020-08-16,4717.47,Active
77949458,18188640,191161,Savings,2024-08-02,3908.59,Active
53406228,48834514,809570,Savings,2023-11-13,2895.52,Active
87157269,87677027,356787,Savings,2020-02-22,3549.59,Active
95087125,23507733,877572,Savings,2023-10-28,950.5,Active
32598551,20003491,876646,Savings,2022-08-16,1287.07,Active
71428633,69164829,388389,Savings,2024-08-12,2882.26,Active
95873564,31773752,334053,Savings,2022-07-09,9649.06,Active
64252448,39081628,877572,Savings,2021-10-05,12321.79,Active
85289508,32995157,388389,Checking,2022-06-25,1039.54,Active
25848362,16945612,207473,Savings,2024-07-27,11701.61,Closed
43805229,79599020,809570,Checking,2020-12-27,6152.77,Active
82045486,34544692,246316,Savings,2023-07-20,8967.01,Active
90794548,84842554,216739,Savings,2021-01-12,4495.14,Active
62843444,39749628,216739,Savings,2025-01-10,12055.61,Active
44362298,70953552,770487,Savings,2024-06-22,2549.73,Active
13527613,70400210,877572,Checking,2025-01-28,4347.05,Active
86370881,74756410,671858,Savings,2022-06-04,1851.35,Active
51374658,98042046,216739,Checking,2020-02-12,1214.24,Active
65727047,86755111,334053,Savings,2020-06-19,243.1,Active
72641097,93698131,216739,Checking,2022-01-05,2474.3,Active
49048137,93254992,207473,Savings,2024-02-04,5067.07,Active
18115146,80522721,356787,Savings,2024-11-27,10710.41,Active
32893516,37681754,877572,Savings,2021-12-20,15441.67,Closed
93940301,46629025,388389,Checking,2021-01-08,42764.62,Active
67430990,87687266,719176,Savings,2025-09-04,3279.95,Active
65038927,95795550,216739,Savings,2020-11-09,2829.67,Active
45509197,59098767,216739,Savings,2024-06-23,122449.23,Active
67103313,61968830,671858,Savings,2021-02-09,5264.37,Active
61729362,66884597,356787,Savings,2024-06-29,1944.91,Active
65333846,69538057,877572,Savings,2023-03-24,2459.85,Active
70675031,34257755,388389,Savings,2022-01-16,2742.9,Active
82668121,87891085,719176,Savings,2022-11-28,9085.69,Active
23718489,16655503,809570,Savings,2020-07-09,4042.66,Active
59730521,20510156,207473,Savings,2020-12-13,3736.54,Active
35547740,50880997,207473,Savings,2025-12-09,12032.44,Active
34335321,22330072,877572,Savings,2024-09-01,3791.35,Active
55306853,16057616,216739,Checking,2021-06-13,3677.45,Active
18737765,27117416,126225,Checking,2021-10-29,2368.87,Active
92301928,53559843,877572,Savings,2022-05-31,12975.79,Active
53176937,73630865,207473,Checking,2022-05-10,11820.49,Active
70675054,79796106,719176,Checking,2025-03-20,6754.95,Active
73737894,75881724,770487,Savings,2025-12-23,4554.76,Closed
47671930,42266307,246316,Savings,2024-03-19,14887.31,Active
95283836,97191317,671858,Savings,2024-12-07,1210.92,Closed
71756416,20267379,216739,Savings,2023-08-01,15253.82,Closed
61237889,41853502,216739,Checking,2020-06-11,7673.43,Active
69429890,84572844,671858,Savings,2023-06-26,1847.62,Active
50358916,80830689,246316,Checking,2020-08-08,1020.73,Active
61434502,77618917,719176,Savings,2022-01-22,2794.86,Active
51243654,67931277,334053,Checking,2024-04-17,4488.98,Active
60058247,72194957,388389,Savings,2025-07-10,11072.93,Active
86043270,85375049,388389,Savings,2024-10-09,9953.88,Active
84929162,53107401,356787,Savings,2025-05-09,8324.27,Active
62352009,83928378,876646,Checking,2024-01-20,10716.59,Active
33614475,40527771,246316,Checking,2023-11-20,17508.65,Active
86829711,47499513,356787,Savings,2025-03-30,30399.46,Closed
98298518,77990241,356787,Savings,2025-12-05,3049.85,Active
25586327,83410432,388389,Savings,2022-01-27,4727.89,Closed
19753625,39953588,334053,Checking,2024-05-12,1718.25,Active
30075546,69552653,809570,Savings,2021-10-27,4826.33,Active
88173211,12862969,246316,Savings,2025-07-18,2337.4,Closed
53045913,63995297,334053,Checking,2024-01-18,19729.78,Active
43477660,53150061,809570,Savings,2022-09-26,4823.06,Active
35809950,17188330,770487,Savings,2025-04-17,1702.89,Active
74869406,75166233,388389,Savings,2021-06-23,2793.05,Active
42003104,21965848,356787,Checking,2024-09-09,3484.88,Active
53439134,60495141,334053,Savings,2020-06-22,1408.31,Active
50653862,20305086,334053,Checking,2021-08-06,5273.57,Active
38922924,35131787,671858,Savings,2020-09-06,15320.35,Active
25782959,59349471,356787,Savings,2021-10-04,1156.9,Active
37087920,80348128,216739,Savings,2022-11-13,7237.39,Active
46852787,47116183,872246,Checking,2025-09-06,581.41,Active
32369333,50019735,356787,Checking,2025-01-01,9868.57,Closed
99543733,74225466,719176,Savings,2021-05-12,1973.49,Active
49113784,14962577,872246,Checking,2022-12-10,18021.03,Active
40266432,17822156,671858,Savings,2020-03-14,12224.06,Active
92203715,72954347,334053,Checking,2020-09-01,7685.73,Active
76802756,24606520,872246,Savings,2020-04-17,4276.07,Active
21621450,74230064,388389,Savings,2023-07-06,2161.4,Active
88926926,79665571,334053,Savings,2020-02-29,6609.42,Active
49474257,51075050,334053,Checking,2022-07-08,5267.64,Active
68479698,75811260,388389,Savings,2020-07-03,7163.39,Active
23227092,38524843,876646,Savings,2024-06-09,2149.04,Active
10545876,74270076,356787,Savings,2021-06-24,18555.36,Active
92891860,72639578,334053,Checking,2024-02-11,22377.59,Active
63007448,72046463,671858,Checking,2025-11-20,3446.47,Active
48392920,87897123,126225,Savings,2023-08-31,5070.97,Active
96594655,29509503,770487,Savings,2022-01-02,5375.97,Active
32303841,23366770,872246,Checking,2025-09-18,5753.89,Closed
58616548,85777907,126225,Savings,2020-11-12,2388.72,Active
50588388,85538332,388389,Checking,2021-03-13,8402.42,Active
40594151,87753029,809570,Savings,2025-03-29,1777.34,Active
72182504,67426061,207473,Savings,2021-07-30,6436.2,Active
88304361,14553490,246316,Savings,2021-02-25,767.44,Active
39054058,72156233,246316,Savings,2022-12-11,9152.99,Active
26307308,63998305,877572,Savings,2022-12-26,6345.57,Closed
47999725,42274031,719176,Savings,2022-08-06,2787.74,Active
79293166,21311304,356787,Savings,2022-11-30,7485.59,Active
61532911,27767325,246316,Savings,2022-07-19,22142.81,Active
15067887,28358026,216739,Checking,2020-11-18,22648.11,Closed
86141678,11582056,334053,Checking,2024-06-14,8902.37,Active
10545908,99275671,388389,Checking,2022-08-25,8293.45,Active
53308149,75945949,877572,Checking,2021-03-17,14689.1,Active
17656567,32172042,334053,Savings,2021-01-22,12046.77,Active
26602232,73077002,876646,Checking,2024-12-27,2195.47,Active
22670073,54068856,770487,Checking,2025-10-03,7407.77,Active
21752570,26693355,877572,Savings,2021-06-22,3793.8,Active
76638971,48395922,356787,Checking,2025-03-13,29194.64,Active
24505082,88903040,207473,Savings,2021-03-22,9807.84,Active
17296126,86006785,356787,Savings,2021-07-29,4065.87,Active
15395591,80021715,216739,Savings,2020-03-23,4223.92,Active
57830152,98062019,356787,Checking,2023-06-10,1237.81,Active
84765448,40839134,216739,Savings,2022-01-07,5846.82,Active
27486991,48226449,246316,Savings,2024-11-05,2941.7,Active
17001234,36289915,876646,Savings,2023-12-04,6108.51,Active
25422611,34109775,207473,Savings,2024-06-11,69142.19,Active
54258452,79252703,356787,Savings,2023-05-10,4876.19,Active
14674710,13452165,246316,Savings,2025-08-02,1343.71,Active
77916951,53625385,356787,Checking,2024-02-03,3476.83,Active
34794263,71214195,671858,Savings,2024-05-23,4847.28,Active
19000089,71236164,809570,Savings,2025-04-17,3675.51,Active
94825242,53668412,877572,Savings,2022-06-27,6317.85,Active
38890267,27472303,388389,Checking,2020-05-13,4850.06,Active
59566878,60182044,334053,Savings,2024-01-03,7571.11,Active
75557666,20827848,216739,Savings,2023-11-09,6385.55,Active
87354147,20311172,388389,Checking,2022-03-13,21600.86,Active
50359076,21979420,356787,Savings,2020-03-11,9587.81,Active
27028262,24290214,191161,Savings,2020-07-31,14423.74,Active
24046374,72373356,334053,Savings,2024-07-25,2592.73,Active
26209063,67914063,126225,Savings,2023-04-05,9418.33,Active
62112416,90081052,809570,Savings,2021-11-11,9586.22,Active
70314807,17944059,126225,Savings,2025-11-16,1925.65,Active
19327800,15823398,809570,Savings,2024-06-30,3118.56,Active
82078519,56979557,216739,Checking,2021-04-09,6291.14,Active
67136313,51960882,388389,Savings,2021-12-06,6198.8,Closed
92203835,72365525,877572,Savings,2024-11-10,7113.24,Active
13495099,20398976,216739,Savings,2024-02-16,4816.05,Active
14445369,16334872,207473,Savings,2024-10-04,6547.75,Active
36236086,75893857,671858,Savings,2021-11-24,4067.18,Active
19983167,60911535,770487,Savings,2020-10-18,5063.34,Active
54979393,40637088,334053,Checking,2020-09-20,11094.23,Active
42658626,69809445,876646,Checking,2024-08-05,3629.48,Active
54324033,82711014,246316,Checking,2022-04-26,11109.1,Active
35777348,33305229,334053,Savings,2020-01-25,7427.53,Active
10873670,72483395,334053,Savings,2021-10-08,19123.83,Active
34859854,84820644,719176,Savings,2020-03-02,6614.31,Active
88402772,44800368,216739,Checking,2020-12-05,9798.15,Active
45017942,25793656,876646,Savings,2020-02-24,178.38,Active
25914199,49975447,719176,Savings,2025-07-06,1948.97,Active
32959320,93371431,246316,Savings,2020-04-09,6464.42,Closed
18541398,75913491,191161,Savings,2025-09-11,11812.24,Active
15952730,67527109,191161,Checking,2020-02-05,7071.96,Active
36629338,73290256,388389,Savings,2020-10-15,3531.06,Active
92302170,75958085,207473,Savings,2022-09-22,1911.3,Active
68807518,25438005,809570,Savings,2020-10-26,4049.26,Active
67857247,33816097,876646,Savings,2023-10-05,7999.99,Active
22571870,95949625,877572,Checking,2023-11-23,6735.9,Closed
16051041,74763744,809570,Savings,2022-07-10,11036.63,Active
40397665,34951426,216739,Savings,2024-06-22,4423.35,Active
86436707,32150359,246316,Savings,2023-01-26,5625.09,Active
48360292,37446601,126225,Savings,2025-09-19,1264.66,Active
76147559,83461408,126225,Checking,2021-11-04,2589.02,Active
45280103,79067817,388389,Savings,2022-05-20,15561.46,Active
82275179,48339185,872246,Savings,2021-02-09,9161.35,Active
48917360,39737286,334053,Savings,2024-01-08,12218.45,Active
68774773,20098755,126225,Savings,2024-07-15,3316.19,Active
95972214,38815153,191161,Savings,2022-07-25,20969.41,Active
41446269,31047224,246316,Savings,2025-02-08,6702.53,Active
42429310,63324810,876646,Savings,2022-07-19,2711.99,Active
59042691,89709660,334053,Savings,2021-04-10,7317.98,Active
58583942,26006842,388389,Savings,2020-11-21,10001.54,Active
38300551,45948650,334053,Savings,2024-03-10,8176.13,Active
28732296,78201923,388389,Savings,2023-09-13,2653.7,Active
91089799,34335430,877572,Savings,2020-01-22,5148.7,Active
28142474,90011900,877572,Savings,2022-11-09,12799.08,Active
51407755,92837679,388389,Savings,2024-01-13,3450.73,Active
46328716,89422115,246316,Checking,2020-11-02,5573.44,Active
88927122,25644418,191161,Savings,2020-07-01,1990.25,Active
78244755,37505344,216739,Savings,2022-11-17,11487.96,Active
18181011,76657561,334053,Savings,2022-06-01,2987.03,Active
41905042,28628500,877572,Savings,2025-08-14,24744.79,Active
43281302,32512176,356787,Savings,2023-01-20,10831.94,Active
96856978,32041419,126225,Savings,2022-11-29,4639.0,Active
56748947,48002449,126225,Savings,2020-12-11,863.3,Active
96496542,87694485,388389,Checking,2024-07-02,4783.57,Active
62745503,70032106,334053,Savings,2022-02-10,616.89,Active
72051615,24295118,334053,Savings,2022-10-29,3214.21,Active
74247077,69373245,877572,Savings,2021-06-10,27148.98,Active
86633382,34681567,876646,Savings,2022-08-27,4247.8,Active
64875431,34502841,388389,Savings,2025-07-24,2893.2,Active
19262374,74698237,876646,Savings,2022-10-03,3506.65,Active
94563238,46091766,877572,Checking,2020-01-21,7241.35,Active
69364655,50568604,388389,Savings,2025-09-19,5492.91,Active
79358895,39528335,207473,Checking,2022-07-04,32996.4,Active
39152559,45748154,671858,Savings,2021-02-10,7550.68,Active
81488818,99390270,388389,Savings,2021-01-26,5980.37,Closed
77589426,40099151,191161,Savings,2023-10-28,4541.07,Active
65039280,72573929,872246,Savings,2022-03-30,4487.95,Active
78801845,64155199,388389,Checking,2021-04-05,21816.13,Active
11299765,66715392,388389,Savings,2024-04-11,9484.18,Active
83094456,93242657,246316,Savings,2023-06-16,1558.07,Active
55831480,24460272,356787,Savings,2020-01-22,9873.7,Active
38202299,40092731,876646,Savings,2021-03-10,12390.43,Active
18410429,66165676,719176,Savings,2022-08-01,31514.88,Active
27519934,71202599,356787,Savings,2022-02-03,5305.43,Active
24046530,50756659,246316,Savings,2021-02-03,3970.31,Active
85552067,40735255,719176,Savings,2023-07-01,14093.53,Active
78834628,34993585,126225,Savings,2025-12-13,4332.25,Active
40889293,54858411,872246,Checking,2023-05-11,8668.69,Active
33483726,11943829,334053,Checking,2020-11-07,31131.46,Active
21949392,77454578,207473,Savings,2025-11-05,6559.38,Active
96562128,14264600,356787,Savings,2023-05-22,9627.86,Active
11365332,39315566,770487,Savings,2022-12-09,4125.28,Active
18246613,69703221,216739,Savings,2021-02-17,1138.78,Active
74673113,19650604,809570,Savings,2020-04-27,12209.43,Active
14412761,81176505,216739,Checking,2021-05-28,8080.84,Active
61139932,61180814,207473,Savings,2020-08-31,12162.73,Active
32467933,94858086,876646,Checking,2024-07-14,2136.51,Active
68611038,46469179,334053,Savings,2024-12-19,2324.39,Active
75852770,51249306,246316,Checking,2022-07-01,7435.5,Active
73329640,30744292,356787,Checking,2021-08-29,5026.69,Active
71494632,26458208,334053,Checking,2020-09-18,1685.35,Active
95316971,29165758,872246,Savings,2022-08-22,1974.01,Active
72674283,16302504,216739,Checking,2020-06-19,3991.16,Active
27651053,80422146,809570,Savings,2024-01-23,3193.71,Active
52849647,67300690,334053,Savings,2020-08-03,1760.11,Active
75033587,42530972,388389,Savings,2020-09-07,2343.99,Active
19983348,95176896,809570,Checking,2020-08-18,4701.8,Active
12184565,61128509,809570,Checking,2024-07-12,5370.61,Active
85027830,99220347,388389,Savings,2025-09-07,1807.8,Active
61959155,21857900,770487,Savings,2025-03-08,10522.1,Active
11594745,45109898,872246,Savings,2024-04-07,7691.26,Active
92040192,77550050,876646,Savings,2025-03-11,5661.86,Active
61926405,71158617,216739,Checking,2022-07-23,13602.29,Active
45575177,77175617,872246,Savings,2020-05-06,8739.15,Active
57601034,43527724,216739,Savings,2020-02-09,1119.87,Active
67988491,67322256,388389,Savings,2023-04-25,1345.36,Active
82701326,54873591,809570,Checking,2022-01-15,10666.95,Closed
31845391,88175156,876646,Checking,2024-01-19,2045.94,Active
42101779,78836380,671858,Savings,2020-10-22,7909.43,Active
88337428,26669270,719176,Savings,2020-02-09,7166.9,Active
58354708,80160252,719176,Checking,2020-05-04,4214.38,Active
15592470,27551376,246316,Savings,2024-01-06,1704.47,Active
82799639,23215963,719176,Savings,2025-01-06,5156.83,Active
64646168,51401403,388389,Savings,2025-06-30,1792.09,Active
57306137,47512333,719176,Savings,2023-01-22,9476.24,Active
71166999,52675448,246316,Savings,2023-04-28,18591.38,Active
60025881,60229569,877572,Savings,2021-12-20,3665.41,Active
13167647,92336235,388389,Checking,2021-02-26,6153.97,Active
68676639,55998771,246316,Savings,2021-11-23,13611.69,Active
73067554,93942961,877572,Savings,2022-02-03,3859.45,Active
47574051,19968446,246316,Savings,2023-07-26,2797.98,Active
74279971,68352639,877572,Savings,2021-04-14,8683.62,Active
57142306,97757074,872246,Savings,2020-09-03,1350.1,Active
43183143,16517098,191161,Savings,2024-04-04,1130.92,Active
47934504,38135317,388389,Savings,2022-04-05,1104.56,Active
11955241,91840281,334053,Savings,2024-06-05,4082.43,Active
16509993,93347064,126225,Savings,2025-09-09,5346.16,Active
86371369,18479515,334053,Savings,2021-01-14,2869.29,Active
87387181,91297709,356787,Savings,2024-08-10,1813.56,Active
68086830,30053961,388389,Savings,2021-12-16,6536.99,Active
91483182,20080400,334053,Savings,2023-01-03,2382.86,Active
10906671,42026149,719176,Savings,2024-11-23,8149.61,Active
29256753,40809400,770487,Savings,2021-10-12,16057.98,Active
83225650,59427999,876646,Savings,2022-05-25,15880.84,Active
72215600,54405540,877572,Savings,2021-07-03,7229.27,Active
58518573,14435705,877572,Savings,2023-01-29,6077.8,Active
40791089,34159266,216739,Savings,2021-05-16,3587.83,Active
28404790,86419399,334053,Checking,2022-11-23,6511.11,Closed
25553975,77476898,872246,Savings,2020-10-23,10171.64,Active
75033648,89707590,388389,Savings,2020-08-26,13131.81,Active
23030849,61723891,216739,Savings,2020-09-18,17294.11,Active
78244930,57565053,334053,Savings,2023-09-26,3560.0,Active
83455043,65668310,770487,Savings,2022-12-31,14513.0,Active
96496708,16844604,216739,Savings,2023-10-04,3384.01,Closed
86797379,15549711,872246,Savings,2020-05-27,9184.8,Active
16772165,18433775,216739,Savings,2023-05-20,4569.82,Active
53668935,62067012,334053,Checking,2022-03-18,2188.67,Active
43183174,25766820,334053,Savings,2020-01-13,23514.17,Closed
11398217,74807392,770487,Savings,2025-12-14,14825.03,Active
61041742,24786421,388389,Savings,2020-02-05,1424.01,Active
16051282,90416028,356787,Savings,2025-09-14,6593.31,Closed
83356755,92777487,388389,Checking,2023-06-21,3720.86,Active
78507094,50925836,809570,Savings,2024-04-29,7266.28,Active
47017050,26953735,126225,Checking,2020-09-13,8188.97,Active
17722461,62785317,877572,Savings,2021-06-02,10589.08,Active
58911837,55578412,207473,Checking,2022-12-26,2032.49,Active
73559135,28751567,334053,Savings,2024-06-03,939.97,Active
65432675,20345276,877572,Savings,2025-08-21,10224.39,Active
56487012,38131997,356787,Checking,2023-03-15,1888.76,Active
33582182,54474154,877572,Checking,2023-07-13,3624.52,Active
57076838,85230324,770487,Checking,2024-07-12,4838.93,Active
96005222,15022831,207473,Savings,2025-02-22,4124.85,Active
15494246,75470834,334053,Savings,2025-09-22,10015.85,Active
92695662,10663960,809570,Savings,2021-07-11,1255.45,Active
15133808,26768494,207473,Savings,2022-01-29,1948.48,Active
49867888,29524598,207473,Savings,2023-12-05,3024.29,Active
30436467,58574991,877572,Savings,2024-08-25,3899.32,Closed
29125748,17958321,872246,Savings,2023-06-10,1363.71,Active
55831667,98509557,809570,Savings,2023-06-03,8805.91,Active
36301942,34856921,356787,Savings,2022-06-23,1538.63,Active
79031416,99529662,216739,Savings,2023-06-27,1664.24,Active
32599162,66757196,809570,Checking,2020-10-19,10374.09,Active
23456901,31524191,334053,Savings,2024-02-22,3672.67,Active
67234951,86048097,388389,Savings,2023-07-15,13284.66,Closed
49474697,31158565,126225,Savings,2020-01-13,291.08,Active
35351691,85842079,191161,Savings,2022-08-21,2691.54,Active
49310861,70030521,216739,Savings,2022-09-23,12491.68,Active
22899856,24499120,809570,Savings,2020-01-10,2709.18,Active
40823955,16808027,877572,Savings,2021-10-01,8240.84,Active
41184407,40003728,246316,Checking,2020-01-24,2530.79,Active
91483288,70754811,334053,Savings,2023-08-04,7446.65,Closed
64941207,90361394,246316,Checking,2022-10-05,3752.58,Active
89386142,32560448,334053,Savings,2024-09-10,28487.95,Active
32238753,70137366,207473,Checking,2024-03-29,5735.46,Closed
52358308,86477332,719176,Checking,2022-12-24,2769.13,Active
59436200,22976798,388389,Savings,2021-04-04,2054.19,Active
24341678,24283930,872246,Savings,2020-11-06,8855.63,Active
99183792,10546646,770487,Savings,2023-10-09,13562.54,Active
43707568,44437861,671858,Checking,2022-03-17,2251.64,Closed
59763890,52727619,719176,Savings,2022-08-12,16119.5,Active
88173748,90372034,877572,Savings,2020-07-16,9704.11,Closed
11824308,81443530,246316,Savings,2020-08-04,5309.18,Active
77393078,85742423,334053,Savings,2021-08-23,4657.0,Closed
95808694,38774443,719176,Savings,2024-05-27,19007.78,Active
25849017,50244106,356787,Checking,2023-03-25,7032.05,Active
18443450,77444515,388389,Savings,2021-02-01,5839.88,Active
61172926,70851542,876646,Savings,2022-04-13,2707.94,Closed
13528255,23042098,809570,Savings,2022-11-08,4760.15,Active
51211454,72725605,877572,Savings,2025-04-06,29397.39,Active
61107394,76476298,126225,Savings,2023-02-23,4530.68,Active
28470469,39586765,246316,Savings,2022-08-26,20147.08,Active
84110536,94430557,719176,Savings,2025-01-28,664.82,Active
58256585,20207061,876646,Checking,2024-04-19,3138.42,Active
10054856,86593769,216739,Savings,2024-02-19,10140.66,Active
70282444,74162953,770487,Checking,2020-11-29,8684.84,Active
27028687,30560975,809570,Savings,2023-08-15,2054.43,Active
22867151,32283045,876646,Checking,2024-10-12,19540.03,Closed
33156305,35994156,809570,Savings,2022-01-26,116281.05,Active
81489107,59564012,719176,Checking,2022-12-01,29384.29,Active
83389652,63281344,388389,Savings,2025-03-03,16472.85,Active
16608475,31126046,246316,Checking,2025-07-21,1922.34,Active
39709916,98960068,246316,Savings,2021-04-05,8921.55,Active
59305181,52474410,719176,Savings,2025-08-14,5496.99,Active
60746971,34712783,770487,Savings,2024-01-26,9110.96,Active
45542623,56685753,388389,Checking,2025-11-08,1597.06,Active
63565027,18338171,877572,Savings,2024-04-13,7812.7,Active
76934372,35442435,216739,Savings,2025-07-30,3492.02,Active
67005667,37106379,246316,Savings,2025-08-08,3629.44,Active
43052262,54853520,877572,Checking,2024-05-15,5022.96,Active
56782055,28377737,877572,Savings,2023-11-27,1256.35,Active
49704168,57700908,877572,Savings,2025-06-24,14720.44,Active
68545769,33202555,388389,Savings,2024-03-15,8821.55,Active
58485987,29713300,876646,Savings,2022-11-06,4990.43,Active
13102315,64072891,872246,Savings,2021-07-27,1463.56,Active
20540657,75620447,671858,Checking,2021-12-04,1651.31,Active
32107762,43002489,671858,Savings,2023-09-29,11983.74,Active
35810547,62237400,719176,Savings,2024-05-15,2807.65,Active
29289716,85409976,770487,Savings,2025-10-04,2210.44,Active
18214135,34325939,246316,Checking,2020-01-11,1302.38,Active
32337144,38573279,356787,Checking,2020-10-17,5190.68,Active
92695802,14695976,719176,Checking,2025-09-04,2297.67,Active
13036794,60064794,126225,Checking,2020-12-07,2813.87,Active
52096254,67265561,207473,Checking,2023-11-13,11904.38,Active
92663040,17932354,809570,Savings,2024-07-23,4955.67,Active
17689856,70463786,356787,Checking,2020-01-04,1280.79,Closed
23686405,36626968,809570,Savings,2024-02-06,3243.97,Active
60157190,52971623,671858,Savings,2025-03-23,6416.56,Active
69954826,43237017,671858,Savings,2023-05-24,7187.95,Active
67038475,70094499,388389,Savings,2022-02-15,25274.7,Active
42265866,19556411,671858,Savings,2025-09-16,9077.29,Active
23850254,51198679,388389,Checking,2021-03-05,5907.52,Active
33615121,59480527,334053,Savings,2022-04-26,12928.04,Closed
59632915,24309903,246316,Savings,2024-07-26,10034.48,Active
26111256,35403950,356787,Checking,2021-12-21,345.35,Active
94694682,82909523,877572,Savings,2020-03-12,2634.13,Active
46558491,25281129,872246,Savings,2023-09-21,4420.75,Active
85847323,79052197,334053,Savings,2023-03-24,1206.98,Active
32894239,88227315,334053,Savings,2025-09-16,2216.25,Active
66055457,69859815,356787,Savings,2023-06-17,10830.87,Active
57109795,13536226,719176,Savings,2021-12-29,3441.2,Active
57765160,82982115,334053,Savings,2022-01-04,7809.36,Active
63827241,82455076,809570,Savings,2023-09-17,6276.22,Active
11988274,15235905,246316,Checking,2023-07-12,13188.9,Active
94170418,50861910,246316,Savings,2024-09-02,3858.69,Active
41577782,14025785,876646,Checking,2025-05-24,14337.03,Active
55274806,79219396,356787,Savings,2025-06-28,14419.67,Active
53374270,76487310,877572,Checking,2021-12-20,1918.69,Active
54127937,90028295,191161,Savings,2023-07-24,7499.85,Active
39120194,71636846,246316,Checking,2020-07-16,4422.63,Active
18017604,18031842,191161,Savings,2021-10-04,3282.28,Active
84077895,12746652,246316,Checking,2020-06-29,21006.27,Active
68906312,60813647,388389,Checking,2020-10-04,6088.45,Active
46001481,59006878,207473,Checking,2024-06-18,1603.18,Active
56388935,21493731,356787,Checking,2023-06-18,7244.7,Active
74378574,49219254,388389,Checking,2020-05-30,5393.25,Active
44559702,47092461,719176,Checking,2025-01-13,2304.24,Active
73461082,16364509,126225,Checking,2020-05-18,10761.36,Active
40136029,68917812,356787,Savings,2025-03-09,8049.9,Active
15756641,68379908,334053,Checking,2022-05-12,1214.17,Active
84503905,28319454,246316,Savings,2025-02-23,6916.12,Active
70053217,47235091,216739,Checking,2025-07-14,2658.43,Active
51277156,85795037,809570,Checking,2021-03-06,5652.38,Active
99020133,69271134,246316,Checking,2023-12-21,2474.0,Active
15789413,31464176,388389,Checking,2021-06-25,7646.18,Closed
12479847,98733337,876646,Savings,2021-05-08,8976.91,Active
64122217,30599697,809570,Checking,2023-01-05,3264.61,Active
28175722,99040345,719176,Savings,2024-10-12,2941.35,Active
25095530,25543953,809570,Savings,2020-10-12,4223.87,Active
78769519,18597103,207473,Checking,2021-07-19,6869.48,Active
35941744,82639943,191161,Checking,2023-10-10,3342.02,Active
34336115,32207379,388389,Checking,2020-04-06,4498.49,Active
69758324,17622114,388389,Savings,2022-04-27,1290.13,Active
19885431,41388411,809570,Savings,2021-05-17,5771.2,Closed
54455671,36534946,207473,Savings,2020-03-12,2785.62,Active
87911801,39951222,388389,Savings,2020-07-08,6315.59,Active
14052730,60185491,671858,Savings,2022-07-12,7510.21,Active
82537851,72352014,246316,Savings,2020-09-15,10534.84,Active
69332348,45420487,809570,Checking,2023-01-08,4426.83,Active
25357693,73811952,809570,Savings,2020-03-04,2858.52,Active
10841472,46938349,770487,Checking,2020-06-27,18720.28,Active
13528457,68752214,388389,Savings,2020-05-04,12796.78,Active
70675850,91234500,388389,Savings,2024-10-04,4463.85,Active
30272906,21924247,388389,Savings,2023-05-20,12782.81,Active
12807564,21378618,719176,Checking,2020-04-28,8843.27,Closed
67890573,37013300,334053,Savings,2025-02-18,22891.79,Active
78114188,91331926,216739,Checking,2023-03-20,9355.1,Active
51703184,14479939,388389,Savings,2025-02-01,6882.34,Active
27487636,29074620,334053,Checking,2022-05-12,3556.34,Active
69627284,17801838,334053,Savings,2024-06-14,6517.78,Active
47213976,76575519,719176,Checking,2025-03-05,2405.12,Active
79293849,62559164,126225,Checking,2020-06-06,11996.23,Active
72117656,34387868,671858,Checking,2024-02-13,2563.85,Active
53996954,94880211,388389,Savings,2025-07-19,8676.59,Active
15920541,98773215,876646,Checking,2025-01-22,4369.34,Active
57404830,14109890,877572,Savings,2021-07-07,9556.06,Active
93711774,24959821,207473,Savings,2024-08-28,10436.19,Active
91614624,72310967,872246,Checking,2023-01-31,8216.75,Active
98364833,94068095,876646,Savings,2020-07-02,4771.78,Active
15560097,29804022,809570,Savings,2024-07-26,8686.41,Active
37612959,71311543,334053,Savings,2023-08-29,1806.3,Active
59010465,71611654,809570,Savings,2021-05-24,18046.25,Active
68808094,48263303,334053,Checking,2020-08-08,12045.19,Active
47050150,60688574,246316,Checking,2020-05-31,1805.48,Active
37383592,34929441,246316,Checking,2020-07-07,18287.26,Active
44723625,16161969,388389,Savings,2024-06-20,900.13,Active
85093801,86810005,207473,Savings,2023-01-25,8866.98,Closed
42528171,49856452,719176,Savings,2020-01-23,2237.45,Active
82439596,68607910,671858,Savings,2023-09-03,5180.15,Active
42626478,52339082,126225,Savings,2020-09-10,7757.65,Active
95546801,16171992,126225,Savings,2021-06-20,14321.83,Active
14478770,94260732,809570,Savings,2024-04-20,5306.58,Active
61697458,98429762,388389,Savings,2022-02-13,3718.76,Active
12873138,31311013,809570,Savings,2022-11-20,1898.55,Active
20442549,97416138,719176,Savings,2022-12-26,5888.84,Active
57175479,42889732,877572,Savings,2023-09-27,1582.2,Active
62385593,90029835,216739,Savings,2021-06-02,9800.59,Active
89812409,17954437,719176,Checking,2025-07-20,6041.31,Active
27848125,78084751,876646,Savings,2023-12-16,7566.76,Closed
92958143,34619380,191161,Savings,2025-02-14,12748.34,Active
90893760,99478632,216739,Savings,2025-02-12,8578.71,Active
65695171,74446169,216739,Savings,2020-11-02,15828.62,Active
44133828,99368098,671858,Savings,2022-12-21,2948.61,Active
54914501,22613361,719176,Savings,2020-03-18,5431.55,Closed
67366342,20079941,809570,Savings,2020-10-16,2220.96,Active
97316295,59120375,809570,Savings,2021-10-21,1525.73,Active
80408008,14785037,334053,Savings,2022-01-22,2990.27,Active
28798403,21111564,876646,Savings,2022-09-04,4723.52,Closed
40398284,48186737,216739,Savings,2020-03-22,8614.82,Active
75886030,34658046,809570,Savings,2022-07-28,4694.01,Active
46624206,43327948,809570,Savings,2025-02-03,9065.83,Active
17952208,31903444,216739,Savings,2021-01-18,32182.85,Active
48852436,84551091,877572,Savings,2021-05-29,2003.71,Active
13757910,75895494,876646,Checking,2021-06-20,8243.78,Active
13888983,31490599,876646,Savings,2024-03-18,2306.59,Active
60878299,15589634,356787,Savings,2025-11-01,11678.73,Active
40234460,62953728,246316,Checking,2024-08-16,9389.11,Active
30174685,78111170,719176,Savings,2023-03-06,1218.38,Active
98594267,12107242,126225,Checking,2024-07-13,3008.55,Active
23293407,26828790,876646,Savings,2024-04-21,43319.44,Active
39579104,20993558,809570,Savings,2024-12-09,1399.02,Active
48983521,63619815,246316,Savings,2022-08-31,1533.75,Active
60812768,46132077,877572,Savings,2022-01-20,8566.59,Active
24276448,99756097,388389,Savings,2020-06-23,4928.06,Active
76901859,76027431,876646,Savings,2024-11-08,1537.92,Active
85487077,43730309,246316,Checking,2022-02-19,9655.19,Active
81292773,65586819,334053,Savings,2020-12-04,10991.39,Active
71167464,27294855,388389,Savings,2023-11-14,1142.35,Active
46788075,10350851,877572,Checking,2021-03-10,32930.14,Active
71036395,87323806,809570,Savings,2021-08-26,12398.14,Active
54914543,52016122,876646,Savings,2022-05-27,6733.88,Active
29715953,91112704,770487,Checking,2022-12-18,2308.91,Active
15494642,45517218,388389,Checking,2024-04-15,2740.16,Active
72379893,48668201,388389,Savings,2021-01-04,1930.9,Active
42364409,90661320,872246,Savings,2021-02-07,1349.23,Active
36630009,61324520,809570,Savings,2023-06-27,6151.18,Closed
58322426,82689441,809570,Savings,2024-03-16,4200.87,Active
43511296,86813030,719176,Savings,2024-08-10,11449.42,Active
20311556,28926031,216739,Savings,2024-05-18,8416.29,Active
56126985,48577797,388389,Savings,2024-12-02,7813.39,Active
50327053,61770098,388389,Savings,2025-02-28,5388.22,Active
10350093,97485015,876646,Savings,2025-10-31,2393.38,Active
29060623,90490546,191161,Checking,2023-07-05,9323.66,Active
44527122,19090527,334053,Savings,2024-10-26,6317.93,Active
97054228,76519519,388389,Savings,2020-10-27,4410.07,Closed
33517077,94812766,388389,Checking,2022-10-19,3446.86,Active
46558743,90342460,809570,Checking,2020-11-26,4228.06,Active
84274712,98955800,809570,Checking,2024-07-29,2044.27,Active
21884443,98615080,388389,Savings,2021-05-05,15796.55,Active
91385372,82113350,246316,Savings,2024-02-17,1069.32,Active
22965788,16029145,877572,Savings,2023-01-07,5764.57,Active
14741023,81025912,877572,Checking,2023-12-28,5275.56,Active
28339746,47460837,809570,Savings,2021-04-02,7345.56,Active
45411876,18266152,671858,Checking,2023-05-27,3241.46,Active
99905062,96102357,872246,Savings,2021-09-18,6088.59,Active
94891561,69416965,671858,Savings,2024-12-30,14253.09,Active
32140842,56512970,671858,Savings,2024-05-09,2891.48,Active
66285103,18056597,809570,Savings,2022-08-03,14263.27,Active
71691827,45013543,246316,Checking,2024-12-24,4541.92,Active
99249717,69359799,126225,Savings,2025-01-02,7855.77,Active
76738102,40036360,671858,Savings,2025-05-23,1553.35,Active
76803647,88068296,671858,Savings,2023-01-08,12663.2,Active
67890753,93922781,207473,Savings,2022-08-04,33147.6,Active
93548101,41710030,334053,Savings,2020-10-02,2130.51,Active
60714565,56855073,671858,Savings,2020-12-15,4075.1,Active
86797895,77834548,126225,Savings,2021-08-18,13523.39,Active
10481228,78099812,770487,Savings,2021-04-08,1951.3,Active
10317389,63857307,207473,Checking,2020-07-02,10534.73,Active
37580366,19370518,719176,Savings,2023-08-27,1849.31,Active
68677199,22146359,388389,Checking,2025-07-15,2722.81,Active
97316431,72167758,877572,Checking,2023-06-18,8786.52,Active
14413389,32297367,770487,Checking,2025-12-23,15857.88,Active
60878418,58021410,334053,Savings,2023-02-10,10740.9,Active
23588436,64430519,809570,Savings,2023-03-12,6778.21,Active
41774679,71563006,388389,Savings,2025-09-21,2428.24,Active
41021015,63687857,216739,Savings,2025-04-27,5269.31,Active
95448667,72238964,334053,Savings,2023-08-06,4169.78,Active
54685285,78493051,388389,Savings,2025-02-12,8091.35,Active
24047206,36113612,388389,Savings,2021-08-17,5156.06,Active
14184039,61679484,216739,Savings,2025-09-09,3233.69,Active
35516008,93206084,877572,Checking,2023-09-19,9416.48,Active
58453615,65268742,191161,Savings,2025-04-10,4022.13,Active
81161840,82834723,334053,Savings,2023-07-24,2733.49,Active
45969010,48249537,334053,Checking,2025-10-13,5072.87,Active
87354996,40171639,872246,Savings,2024-04-09,2529.78,Active
57568885,48021653,719176,Checking,2022-12-16,2624.21,Active
80866935,18571345,877572,Savings,2021-01-04,14515.95,Active
87289464,31224800,246316,Checking,2021-08-26,1682.33,Active
93613691,77560361,216739,Savings,2025-02-23,20666.09,Active
73625212,65462526,671858,Checking,2022-07-10,14870.06,Active
32894591,30081256,356787,Savings,2022-11-16,1594.81,Active
91483776,63720221,877572,Savings,2020-03-03,6163.34,Active
67858050,51605434,388389,Savings,2021-01-22,6802.28,Active
97087108,82525054,809570,Savings,2024-08-20,5631.85,Active
73592452,10509040,356787,Savings,2020-06-22,4493.39,Active
36957830,86491866,246316,Checking,2023-08-20,3506.47,Active
51703431,44240120,770487,Checking,2020-01-12,2497.15,Active
47181449,33507351,334053,Savings,2023-01-30,3314.21,Active
69004940,51411338,216739,Savings,2022-05-16,15331.49,Active
94006924,18252735,770487,Savings,2020-08-20,20739.57,Active
97054350,93577845,388389,Savings,2022-08-17,835.11,Active
84438668,44617842,246316,Savings,2024-07-02,5168.22,Active
97611409,31097223,671858,Checking,2021-06-06,5305.27,Active
32534164,90904666,872246,Checking,2024-08-09,6335.58,Active
33844885,47971974,356787,Savings,2020-04-29,3685.13,Active
74051222,61501427,809570,Checking,2024-11-30,9197.85,Active
87682709,44210302,876646,Checking,2022-10-05,14026.67,Active
43413144,28026540,877572,Checking,2023-12-04,10428.04,Active
79752857,46178992,216739,Savings,2021-04-29,621.39,Active
31452826,52883169,126225,Savings,2021-12-03,4863.24,Active
61992603,98481085,770487,Savings,2021-12-20,3530.85,Active
86568606,61214343,877572,Savings,2020-01-08,3637.75,Active
74608288,76896668,246316,Savings,2025-04-13,5865.17,Active
94924448,90224792,719176,Checking,2021-06-24,1369.13,Active
69004961,97139386,719176,Checking,2024-10-07,29295.11,Active
17460898,62124792,216739,Savings,2022-01-19,41650.73,Active
71855781,43621991,809570,Savings,2023-05-15,8217.45,Active
44363432,24785227,671858,Savings,2024-05-04,3703.13,Active
10743465,79916334,246316,Checking,2022-11-14,12447.69,Active
28012202,66467862,877572,Savings,2021-02-18,3016.13,Active
20410027,27901200,877572,Savings,2022-03-27,17635.64,Active
38661804,81976665,246316,Savings,2021-10-03,33384.52,Active
12709549,25471133,809570,Checking,2020-11-04,4893.22,Active
24604332,11356820,719176,Savings,2020-06-20,10315.23,Active
46296752,23134772,334053,Savings,2020-04-29,14686.47,Active
73985716,99161003,246316,Savings,2024-11-30,3576.32,Active
55406264,97154693,207473,Savings,2025-07-15,3833.37,Active
76639928,45066869,334053,Savings,2021-03-13,3754.94,Closed
94432954,81030650,388389,Checking,2020-05-05,9057.62,Active
69496506,17862793,877572,Checking,2023-07-02,4244.05,Active
22572732,27301044,877572,Savings,2025-06-06,3686.71,Active
37809853,43569749,388389,Savings,2022-05-05,30925.72,Active
89517758,23611447,719176,Savings,2023-11-11,5086.47,Active
53866169,63773543,719176,Savings,2024-01-14,3578.15,Active
51179195,54690084,246316,Checking,2020-12-09,17009.49,Active
18673345,34370847,356787,Checking,2021-01-31,3505.77,Active
53309122,62117623,191161,Savings,2024-05-16,7338.98,Closed
42528451,20311857,877572,Savings,2020-09-28,5245.75,Active
23523012,69108933,356787,Savings,2025-09-02,5703.57,Active
64712388,75916903,216739,Checking,2025-11-03,587.02,Active
82374339,66202020,809570,Checking,2023-10-03,7438.42,Active
28143299,37278333,207473,Savings,2025-09-21,10681.58,Active
90599108,66182346,719176,Savings,2021-04-16,10699.45,Active
72281794,48093401,246316,Savings,2020-02-01,30283.71,Active
95350476,29334982,334053,Savings,2020-06-20,2316.08,Active
12152527,95800609,770487,Savings,2020-01-09,2144.24,Closed
71528144,35166910,126225,Savings,2023-05-21,10326.25,Active
86798036,99748903,356787,Savings,2022-06-06,2670.74,Active
85487318,50920425,356787,Savings,2022-06-09,18301.44,Active
24866521,35229985,719176,Savings,2024-01-20,9439.81,Active
14249689,68918645,388389,Checking,2023-05-04,9047.77,Closed
38923996,90070380,388389,Savings,2025-10-09,6148.67,Active
79130337,92031834,334053,Checking,2020-07-04,4464.23,Active
32272100,72676402,876646,Savings,2023-02-25,9696.79,Active
89714405,61673279,809570,Savings,2020-01-17,10582.64,Active
19689190,18443031,719176,Checking,2022-04-28,8183.68,Active
52686567,31498636,216739,Savings,2025-04-21,4579.02,Active
66088679,34030243,877572,Checking,2021-02-25,1086.11,Active
86109929,44582161,216739,Savings,2021-07-10,3562.58,Active
47509231,71301736,356787,Savings,2025-05-27,4100.68,Active
46919408,44472300,671858,Savings,2025-08-28,8874.65,Active
27258607,47647905,191161,Savings,2020-10-29,24072.5,Active
86044409,69996845,770487,Checking,2021-04-04,1509.31,Active
18050811,31387227,334053,Savings,2021-04-08,3295.61,Active
62123773,88366804,334053,Checking,2024-02-11,2902.92,Active
13922049,81031418,356787,Checking,2021-03-05,2325.26,Closed
70053637,47419903,809570,Checking,2020-12-06,7936.97,Active
35516166,72665203,356787,Savings,2025-07-07,9109.44,Active
36400904,34565972,216739,Savings,2024-02-06,4763.05,Active
78442251,62400732,356787,Checking,2025-11-27,9506.42,Active
88895245,64532784,216739,Savings,2020-12-23,59167.23,Active
38235919,58453476,216739,Savings,2020-03-18,8614.17,Active
62189329,63619787,207473,Savings,2023-01-18,903.96,Active
14479122,89851895,770487,Savings,2020-05-15,7625.71,Active
44461843,52305753,719176,Savings,2020-09-14,7861.17,Active
41512723,48970906,719176,Checking,2024-07-14,2425.35,Active
31944468,48932241,809570,Savings,2025-05-09,6294.08,Active
73723669,10932180,872246,Checking,2024-10-01,8847.69,Active
43446035,93775094,872246,Savings,2022-10-28,5388.93,Active
80146202,97909784,809570,Savings,2021-10-31,15928.23,Active
14511899,36485662,216739,Checking,2022-12-15,6808.75,Active
36138780,58753362,388389,Checking,2021-09-10,5016.37,Active
87715614,75336499,809570,Savings,2021-09-13,1399.33,Active
92663590,24007028,334053,Savings,2024-04-02,1377.77,Closed
48852779,64935222,876646,Checking,2023-01-24,1833.65,Closed
92041003,88952166,770487,Savings,2021-01-13,9345.86,Active
98987822,31940882,246316,Savings,2024-05-08,3434.48,Active
64712498,82530459,356787,Savings,2020-11-26,1959.1,Active
76115765,80650419,334053,Checking,2025-06-17,4514.4,Active
95252280,37282227,877572,Savings,2021-09-06,4670.38,Active
52555576,94065033,334053,Savings,2020-08-09,2483.82,Active
89124666,64382674,671858,Savings,2023-06-27,6459.75,Active
58158913,26268796,207473,Checking,2022-10-08,21836.7,Active
23785286,22293104,216739,Savings,2022-08-01,2026.83,Active
75132743,68336875,719176,Savings,2021-04-27,7303.3,Active
36302665,26920726,216739,Savings,2023-07-18,1699.55,Active
78311243,73073898,246316,Savings,2021-05-30,17352.66,Active
95121229,81150374,876646,Savings,2021-04-02,1779.42,Active
15724369,16373472,671858,Checking,2020-02-01,943.92,Active
65728340,19803499,671858,Checking,2020-10-11,6879.51,Active
61894485,72947597,877572,Checking,2025-06-29,2108.89,Active
35974997,33004548,334053,Savings,2025-08-12,33594.63,Active
16150359,21765072,334053,Savings,2022-12-06,1649.97,Active
26505050,87145866,388389,Savings,2023-10-16,1245.65,Active
22474588,10316553,216739,Checking,2020-03-14,5917.99,Active
95121244,16024199,809570,Checking,2025-04-29,665.04,Active
74280797,91018006,719176,Checking,2025-09-20,1268.24,Active
20082527,96624306,770487,Savings,2020-07-08,2012.26,Active
61534044,74312353,877572,Savings,2021-03-03,1900.43,Active
97906529,11896401,877572,Checking,2025-12-22,2700.18,Closed
13070188,95751861,877572,Savings,2022-01-13,2714.58,Active
27914094,91425021,246316,Savings,2022-09-22,2183.44,Active
53178224,88606838,877572,Savings,2022-03-26,10944.73,Closed
12087152,10483656,809570,Checking,2022-10-21,4495.92,Active
30273397,95760051,388389,Savings,2020-05-15,5052.0,Active
79949686,44713772,216739,Savings,2021-05-27,4764.72,Active
58781560,87791234,207473,Savings,2024-09-08,4596.41,Active
20836217,28176332,719176,Savings,2022-09-18,5491.24,Active
15200122,27949517,126225,Savings,2025-01-18,7950.74,Active
18313080,37140392,877572,Checking,2025-10-18,13493.23,Active
66776956,65650985,216739,Savings,2022-03-22,12276.79,Closed
80113533,50927633,719176,Checking,2025-12-09,49147.23,Active
73133953,68918324,719176,Savings,2024-04-18,2421.87,Active
58290049,24495580,388389,Savings,2021-05-01,2699.9,Active
12382085,97378779,216739,Savings,2020-12-25,10071.82,Active
19197831,63916091,246316,Savings,2021-12-14,2228.38,Active
68415370,42785893,334053,Savings,2020-03-25,5138.66,Active
53014413,46389052,770487,Savings,2023-12-27,39431.4,Active
95612814,95886828,770487,Checking,2022-01-06,24757.01,Active
19787663,81020098,877572,Savings,2025-08-24,2227.35,Active
64548752,27283689,334053,Savings,2025-01-23,1532.69,Active
98660240,19089198,388389,Savings,2021-11-13,791.45,Active
80310163,35864530,388389,Savings,2022-11-04,5121.57,Closed
32042901,78450876,388389,Savings,2022-11-13,3429.45,Active
98463638,70259175,334053,Checking,2022-03-23,4586.15,Active
69857174,20071532,216739,Savings,2023-01-18,3816.42,Active
83292056,57352968,877572,Savings,2024-07-18,3635.04,Active
27455384,89439799,671858,Savings,2023-03-09,3316.64,Active
97906587,66948190,334053,Savings,2025-06-23,5252.47,Active
36237211,99333082,334053,Savings,2023-09-20,14534.77,Active
20869023,76515024,246316,Savings,2025-12-27,573.74,Active
30142372,91546157,872246,Checking,2021-12-20,3658.06,Active
86077348,78643971,246316,Savings,2022-01-26,1918.94,Active
51376042,11040510,356787,Savings,2025-04-23,7941.78,Active
15855532,85058196,388389,Checking,2021-07-01,3396.28,Active
31682480,54326480,876646,Savings,2021-09-20,14086.04,Active
75722673,75523712,207473,Savings,2023-05-23,12284.95,Active
96989107,89989755,872246,Savings,2022-04-18,2304.33,Closed
70709172,21218320,191161,Savings,2024-01-01,6427.46,Active
68808628,56039686,388389,Savings,2021-02-28,13879.72,Active
95809463,58656813,334053,Savings,2021-03-14,3724.77,Active
29781944,65527054,207473,Savings,2021-10-09,4880.58,Active
77918140,77727211,356787,Checking,2025-05-25,2777.31,Active
35123134,84733958,876646,Savings,2020-11-24,4033.78,Active
70807488,25161988,809570,Checking,2022-05-02,6597.17,Active
99119044,96931877,388389,Savings,2021-04-11,8484.78,Active
63500237,61590666,872246,Savings,2021-06-16,9833.82,Active
73985998,12043499,876646,Savings,2020-06-20,4654.07,Active
27291597,18225976,719176,Checking,2021-01-13,2373.86,Active
41512912,63437908,872246,Checking,2022-03-04,3534.83,Active
35647441,28887459,388389,Savings,2023-05-29,14638.87,Active
91123666,83493995,216739,Checking,2022-07-19,18023.13,Active
50130906,31845432,671858,Checking,2020-07-10,4409.2,Active
65335261,53001358,877572,Checking,2024-04-19,6380.81,Active
86503390,57710644,334053,Checking,2020-08-03,5429.89,Active
35385311,97314329,334053,Savings,2022-02-26,5267.27,Active
33157090,40231456,246316,Savings,2021-09-19,637.18,Active
83357669,61061730,877572,Checking,2024-12-08,1689.45,Active
48984039,63635092,876646,Savings,2024-09-29,9531.23,Active
96825322,22458358,671858,Checking,2022-08-29,5899.3,Active
50524139,90165869,207473,Savings,2025-07-19,12421.5,Active
28897262,15800627,809570,Savings,2024-08-27,4432.9,Active
66678771,70749118,877572,Savings,2022-05-20,1676.8,Active
92106739,96331936,719176,Savings,2025-05-23,4436.48,Active
69660662,19756509,809570,Checking,2020-02-27,12297.69,Active
37449718,25791975,207473,Savings,2024-11-22,6364.87,Active
44560377,60688019,356787,Savings,2024-07-29,1133.54,Active
86437888,79497382,809570,Savings,2024-01-01,2081.66,Active
68841475,45164479,388389,Checking,2021-03-27,2762.83,Active
26144778,96001439,246316,Savings,2020-06-15,1340.43,Active
67170315,85637167,216739,Savings,2022-11-20,3388.52,Active
46428171,22150619,719176,Savings,2020-05-25,11180.61,Active
23687181,28726341,770487,Savings,2020-02-08,1990.57,Active
10907671,53698864,126225,Savings,2023-06-15,10447.34,Active
84996123,61401330,388389,Checking,2024-11-27,7725.79,Active
30208029,36232441,876646,Savings,2020-09-08,3181.41,Active
54456350,53634347,388389,Savings,2020-03-01,6751.8,Active
69922848,11363545,126225,Checking,2023-01-30,3322.01,Active
96727073,11418338,809570,Savings,2022-08-11,8410.51,Active
68743205,54406189,334053,Savings,2023-04-03,35356.37,Active
61927461,83950656,334053,Savings,2022-01-13,30305.97,Active
78606375,35342915,191161,Savings,2024-08-10,672.41,Active
72282149,70110808,246316,Savings,2024-07-08,3634.84,Active
82931758,54440318,877572,Savings,2022-08-18,3120.41,Active
13430833,45123603,877572,Checking,2025-03-02,8847.36,Active
69627953,29040328,877572,Savings,2023-12-10,12249.94,Active
89878579,59727108,719176,Savings,2023-02-21,9631.14,Active
13430839,26512272,216739,Savings,2023-10-08,7285.04,Active
20639799,10563235,872246,Savings,2022-09-24,2057.78,Closed
36106296,54288714,207473,Savings,2023-07-28,16599.32,Active
99643450,83394823,216739,Checking,2020-12-31,3183.78,Active
70709307,76298133,126225,Savings,2022-06-12,1344.02,Active
87683131,82751701,356787,Checking,2020-10-16,1045.58,Active
98758717,20666439,809570,Savings,2020-10-17,3880.97,Active
49541181,77699945,876646,Savings,2021-12-09,12732.82,Active
56029251,46575524,809570,Savings,2021-09-06,1994.88,Active
22376516,39105235,719176,Savings,2020-06-09,8974.15,Active
78606405,52937596,191161,Checking,2022-08-25,2636.34,Active
82178116,12157711,191161,Savings,2023-04-03,2962.22,Active
10809415,35035590,126225,Savings,2024-01-31,1286.16,Active
67039307,64152948,876646,Checking,2023-07-18,10349.46,Active
73101388,90658233,719176,Savings,2020-01-27,3009.4,Active
43085901,40868717,809570,Savings,2022-01-20,6410.62,Active
39153741,77137203,770487,Savings,2020-07-22,4732.53,Closed
10776656,19001794,246316,Savings,2024-05-01,4101.95,Active
53768272,74529989,356787,Checking,2022-02-07,5210.66,Active
14544976,95305783,388389,Checking,2025-09-24,8359.57,Active
66613331,89512490,216739,Checking,2022-12-25,11767.05,Active
33878106,96942819,877572,Savings,2022-05-01,2290.79,Active
13299804,79625801,216739,Savings,2024-03-07,2197.07,Active
52031583,11932801,334053,Checking,2025-09-04,32930.55,Active
45609056,51787466,334053,Checking,2023-07-11,4578.71,Active
92631141,31956648,809570,Savings,2022-05-01,7961.49,Active
46690406,95989974,246316,Savings,2020-06-17,2280.81,Active
76345446,31535727,876646,Savings,2024-08-23,1892.19,Active
15560808,21725411,216739,Checking,2021-09-24,2614.01,Active
30109801,34999755,809570,Savings,2024-03-01,3514.24,Active
88207466,20840616,719176,Savings,2025-05-30,5811.5,Active
87781486,15961208,207473,Savings,2024-12-13,35488.13,Closed
33681518,34996513,388389,Savings,2020-11-07,7741.6,Active
49934451,16852499,388389,Savings,2022-10-31,2136.77,Active
55767158,66849336,877572,Savings,2021-12-29,3848.07,Closed
87847034,65413189,334053,Checking,2020-09-04,2374.42,Active
44494970,79712324,246316,Savings,2023-07-16,908.89,Active
70054012,29236613,877572,Checking,2020-02-11,4812.14,Closed
74182780,71414583,388389,Savings,2020-04-26,1629.71,Closed
43544711,88326118,334053,Checking,2025-11-23,9501.76,Closed
37580935,11899314,334053,Checking,2024-07-30,3860.26,Active
69890186,84277180,872246,Savings,2024-11-26,5921.26,Active
37286027,21773582,719176,Checking,2023-03-19,3241.07,Active
63139985,97557905,876646,Savings,2021-12-21,9729.03,Active
37449876,32331940,877572,Savings,2020-07-02,19403.89,Active
19034267,37192391,207473,Savings,2023-10-09,1998.23,Active
71987357,57380788,216739,Checking,2022-11-27,5267.06,Active
73429150,20250766,388389,Savings,2025-02-11,15094.97,Active
70250657,95397096,719176,Savings,2025-02-09,30063.1,Active
41480353,17991926,126225,Savings,2024-03-29,10447.02,Active
49246370,94007943,388389,Checking,2023-02-28,5614.57,Active
95711399,35888304,246316,Savings,2021-04-07,7539.41,Active
54358187,72684768,876646,Savings,2024-04-23,2400.82,Active
84406446,19803194,719176,Savings,2024-11-20,1859.44,Active
67858606,91686625,216739,Savings,2020-12-17,4467.9,Active
97939633,30979589,216739,Savings,2023-08-12,5215.33,Active
94957747,46327630,876646,Checking,2025-08-24,4059.44,Active
51572916,14165325,216739,Checking,2023-10-10,6011.74,Active
19296436,35944982,719176,Savings,2020-11-23,4619.1,Active
13463732,78305711,191161,Savings,2024-10-18,16070.67,Active
15036602,49276900,216739,Savings,2021-05-29,8992.71,Active
81129661,38445777,126225,Savings,2023-09-07,1144.3,Active
76640445,85234156,334053,Savings,2023-01-30,3286.73,Active
37155007,84632841,126225,Checking,2020-12-20,4218.78,Closed
47771840,63339265,809570,Savings,2023-03-28,20391.12,Active
49311937,97255618,216739,Checking,2023-06-25,3245.07,Active
10055873,16570385,216739,Checking,2020-07-22,10103.86,Active
30896326,83525025,207473,Savings,2025-05-23,1280.8,Active
64647366,72734927,671858,Checking,2023-03-08,3405.72,Active
73560263,68781243,876646,Savings,2020-12-16,9609.23,Closed
32469193,87589905,877572,Savings,2020-07-21,10063.02,Active
28307660,55580923,876646,Savings,2024-07-01,20174.3,Active
20443342,88581388,216739,Savings,2021-11-30,8748.52,Active
93188304,45761862,246316,Checking,2022-04-15,10956.32,Closed
89911506,35314883,809570,Savings,2024-12-19,3744.01,Active
81916114,36487117,356787,Savings,2024-04-04,6135.57,Active
18804950,86671900,809570,Savings,2022-08-11,8469.76,Active
32305372,44845830,246316,Savings,2025-06-14,12903.64,Active
98463964,48439562,334053,Checking,2022-02-28,3515.1,Closed
28209374,73003575,872246,Checking,2020-02-04,5242.17,Closed
19329244,78464673,126225,Savings,2025-12-05,6667.17,Active
64450784,46485631,388389,Savings,2025-05-15,11533.57,Active
32960738,88844260,216739,Checking,2022-02-23,7318.9,Active
70381794,52548353,872246,Checking,2022-11-30,1956.53,Active
30077156,75669891,334053,Savings,2020-03-24,8531.19,Closed
61010147,22735770,876646,Savings,2024-09-05,27204.77,Active
32108776,95870825,388389,Savings,2020-01-07,1563.42,Active
99971307,66359299,191161,Savings,2022-03-14,29248.84,Active
75559149,35873158,809570,Savings,2020-12-18,3503.94,Active
58519790,92512975,334053,Savings,2021-07-24,2495.1,Active
15593711,47027175,334053,Checking,2022-12-27,3204.14,Active
45150449,37073908,877572,Savings,2023-07-10,4675.41,Active
34042098,86739153,388389,Savings,2023-02-22,4900.46,Closed
19362037,37528864,246316,Checking,2021-06-01,5489.01,Active
74838263,96590200,877572,Savings,2022-08-20,1020.47,Active
54292729,98295523,388389,Checking,2020-06-07,8230.52,Active
59699449,30070033,356787,Checking,2025-06-09,19643.13,Active
37581050,77039675,334053,Checking,2021-05-22,1182.36,Active
75657473,87991358,126225,Savings,2022-08-27,6066.48,Closed
39743745,71662308,388389,Savings,2023-05-27,1838.12,Active
35975428,19803608,126225,Savings,2023-01-16,1739.7,Closed
28864775,63303079,334053,Savings,2023-09-05,11419.93,Active
78049544,52196926,207473,Savings,2024-04-15,29927.95,Active
46854409,37256811,876646,Savings,2025-12-25,4857.64,Active
56586506,20097403,809570,Checking,2024-05-16,10422.71,Active
75100428,66157110,388389,Checking,2025-10-10,551.89,Active
56389904,77702677,216739,Savings,2022-04-23,1988.02,Active
51343636,44282692,126225,Savings,2025-08-17,1519.8,Active
45936923,29096390,216739,Checking,2022-08-24,13940.98,Active
98103583,11530962,207473,Savings,2020-09-25,15137.62,Active
72446240,55678510,356787,Checking,2025-01-26,12495.09,Active
74707236,21779369,877572,Savings,2021-01-04,7438.42,Active
41709861,37645557,216739,Savings,2024-04-06,1495.37,Active
34926888,14049656,719176,Savings,2020-07-12,2056.71,Closed
30109992,35727682,872246,Savings,2020-04-16,47028.47,Active
89780522,69221668,246316,Checking,2025-12-04,1528.57,Active
90403123,80605522,246316,Savings,2025-03-25,1612.21,Active
92926267,10681674,207473,Savings,2023-05-07,4357.89,Active
72577345,98786831,809570,Checking,2024-02-17,14171.81,Active
47640898,87810564,246316,Savings,2025-06-12,21323.63,Active
48853315,58189716,216739,Savings,2025-08-12,7490.77,Active
86503747,58582191,356787,Checking,2025-01-13,6510.86,Active
61010245,15866720,671858,Checking,2022-10-22,4883.16,Active
42594630,30055217,809570,Checking,2020-09-03,3729.63,Active
50753862,38013349,334053,Savings,2020-09-13,7282.69,Active
83423557,27650951,877572,Savings,2024-06-30,3832.69,Active
72184131,80819102,246316,Savings,2023-02-19,31461.01,Active
37908811,51086615,719176,Savings,2020-03-06,1437.45,Active
16150861,51162730,356787,Savings,2025-03-09,1555.73,Active
41742670,14028257,877572,Savings,2022-06-04,4349.73,Active
41775439,32846702,809570,Savings,2021-05-13,1648.52,Active
36925774,89702804,191161,Checking,2020-01-28,16140.88,Active
55865685,22730930,334053,Checking,2024-09-22,7280.63,Active
22573399,55736075,191161,Savings,2022-05-01,11879.81,Active
11104601,64550003,877572,Savings,2020-05-14,2564.71,Active
30667099,85265952,246316,Checking,2020-02-19,1147.4,Active
67203420,87186925,334053,Checking,2023-06-06,6934.86,Active
16675165,59089728,191161,Checking,2024-02-28,7664.86,Active
52293982,94423779,207473,Savings,2020-02-02,16463.45,Active
27849052,12331631,207473,Savings,2023-09-24,5236.27,Active
85258597,36863265,877572,Checking,2023-04-21,7408.93,Active
76345702,39921388,876646,Checking,2023-11-21,12885.22,Active
54292840,22565504,216739,Checking,2022-03-12,4460.51,Active
36532585,10902071,246316,Savings,2024-03-09,4428.23,Active
74084715,88205503,334053,Savings,2021-11-24,1675.92,Active
40857969,45592724,877572,Checking,2025-02-14,6471.39,Active
21492085,76566352,388389,Savings,2020-03-17,2130.05,Active
20115832,48079144,334053,Checking,2020-12-10,13158.96,Active
63304058,84147907,877572,Savings,2023-09-11,7704.16,Active
15561083,10635100,388389,Savings,2021-07-04,1579.84,Active
59142523,76317977,809570,Savings,2022-01-23,2640.35,Active
97513853,74777864,334053,Checking,2022-01-28,5586.65,Active
13660542,74543341,877572,Savings,2021-03-04,1564.21,Active
74183040,84926185,671858,Checking,2023-09-23,8395.1,Active
13300097,55014479,388389,Checking,2022-04-21,3637.16,Active
35910018,33325403,872246,Savings,2023-03-23,2901.9,Closed
33124737,86263097,388389,Savings,2024-12-07,31910.0,Active
32600455,65737690,876646,Savings,2023-02-20,3290.3,Active
80441736,70573130,246316,Checking,2020-01-09,17872.33,Active
99447175,37163597,216739,Savings,2022-02-10,16431.46,Active
68940169,33006680,809570,Savings,2023-04-18,17265.96,Active
66318731,17686107,216739,Savings,2021-02-06,2337.89,Active
50327945,82612215,809570,Savings,2021-04-16,3823.44,Active
19624327,63369699,671858,Savings,2022-05-08,12594.7,Active
54063502,79212638,388389,Savings,2020-12-07,4239.57,Active
94957963,52265294,877572,Savings,2020-09-13,3114.43,Active
47313287,64655712,334053,Savings,2025-04-02,14891.0,Active
99840401,30388009,872246,Savings,2024-07-08,4257.21,Active
72577425,36569756,126225,Checking,2020-09-05,13111.16,Active
59601296,35989570,872246,Savings,2024-05-21,6877.24,Active
37155220,47466710,719176,Checking,2025-06-10,3832.12,Active
89289109,97454554,191161,Savings,2020-11-08,392.3,Active
70971798,95495012,216739,Savings,2020-12-19,3914.77,Closed
57110948,37810887,216739,Checking,2021-04-27,9903.85,Active
39711141,58518869,246316,Savings,2025-02-10,2521.15,Active
52523431,83398940,872246,Savings,2023-02-17,1389.33,Active
52818348,84408215,876646,Savings,2022-01-13,6228.9,Active
33059246,78179443,877572,Savings,2024-11-06,2678.92,Active
94990767,57016900,877572,Savings,2023-08-05,1393.17,Active
36303279,14085386,388389,Savings,2025-08-07,17431.07,Active
30306739,49934203,809570,Savings,2020-03-01,5754.02,Active
51474869,89791905,877572,Savings,2020-12-30,9132.23,Active
93417910,67520637,334053,Checking,2021-01-03,2387.62,Active
29913527,47765029,126225,Savings,2025-09-29,4213.6,Active
83784120,73167846,334053,Savings,2024-01-05,9896.67,Active
65925560,79213478,334053,Savings,2023-08-19,3571.0,Active
39350714,75751370,877572,Savings,2023-12-06,659.29,Active
52425150,72247131,216739,Savings,2023-05-19,3646.21,Active
47575488,81339972,216739,Savings,2022-11-05,4635.8,Active
49246660,91491981,770487,Savings,2023-02-10,9267.07,Active
37548485,66896487,246316,Checking,2022-03-03,5125.5,Active
98529735,49348837,207473,Savings,2025-06-23,3209.85,Active
72380874,88049285,719176,Checking,2021-04-09,2701.52,Active
28537291,87658064,334053,Savings,2021-01-13,13077.52,Active
58683852,77050233,246316,Savings,2022-06-23,13643.12,Active
51933645,21671626,719176,Checking,2022-10-23,1362.39,Active
75952595,97023094,809570,Checking,2023-10-14,8136.37,Active
81686996,87893509,671858,Savings,2024-05-17,1432.96,Closed
23851477,19406877,207473,Savings,2024-08-16,11731.31,Active
33190359,98728841,207473,Checking,2025-10-20,6961.23,Active
28144088,70660458,876646,Savings,2024-08-24,13226.1,Active
66810333,68414135,388389,Checking,2024-07-09,8262.74,Active
83292639,55434040,216739,Checking,2022-12-11,1117.97,Closed
46526944,67494251,809570,Checking,2022-06-08,6367.09,Active
29422049,51965869,126225,Savings,2021-09-30,14983.88,Active
97153508,77673602,809570,Checking,2024-03-11,17574.19,Active
77492709,54626867,246316,Savings,2024-11-11,1511.3,Active
86634982,19916771,671858,Savings,2024-10-06,2920.78,Active
69464552,99091046,126225,Savings,2022-01-10,14790.17,Active
49017326,22707317,388389,Savings,2023-10-16,5464.52,Active
62484975,72296606,877572,Savings,2020-10-30,10395.46,Active
94794224,60961250,876646,Checking,2025-03-16,5794.03,Active
85357038,71259490,872246,Savings,2020-08-18,1696.21,Active
67957234,70886528,388389,Checking,2024-05-28,7655.36,Active
42299895,74850109,872246,Savings,2020-11-05,18459.75,Active
91845111,55625492,809570,Checking,2021-03-19,3485.27,Active
21754366,28533215,334053,Savings,2024-11-03,5331.99,Active
81457663,71859378,877572,Savings,2021-10-09,702.2,Active
58913280,95975263,246316,Checking,2021-11-17,2927.09,Closed
37024259,70931333,877572,Checking,2024-06-30,5471.92,Active
11563524,27148566,334053,Savings,2023-08-03,3984.15,Active
90108427,39012524,388389,Savings,2021-06-27,3159.59,Active
26079756,36593436,334053,Savings,2023-11-09,1897.1,Active
48493069,20065776,877572,Savings,2023-12-11,1230.75,Active
62059020,76096209,334053,Checking,2020-01-26,30906.01,Active
38957585,20586772,356787,Checking,2022-07-23,10438.31,Active
61305362,93023930,207473,Savings,2023-04-30,7692.17,Active
69300758,94293030,207473,Savings,2023-08-29,3099.42,Active
34075158,32461327,671858,Savings,2023-10-26,2447.41,Active
40694296,71740239,246316,Savings,2025-11-27,4984.3,Closed
45052440,14451277,719176,Checking,2022-02-19,1465.94,Active
31126044,67007723,216739,Checking,2024-01-10,5845.35,Active
17494556,78718643,809570,Savings,2022-08-28,3807.72,Active
75493921,18063521,809570,Savings,2021-08-22,9409.48,Active
18543139,76925145,388389,Checking,2023-09-30,1227.97,Active
78508580,60563048,356787,Savings,2020-08-06,6052.91,Active
57569828,50180002,216739,Savings,2025-08-27,4339.9,Active
79262247,31447620,809570,Savings,2022-06-03,7247.43,Active
90763816,68616867,246316,Savings,2022-07-20,2443.14,Active
62059050,60325776,126225,Checking,2024-03-21,2283.38,Active
28897834,90357721,877572,Savings,2020-06-16,1358.18,Active
18805293,51733227,877572,Savings,2022-12-15,686.18,Active
83423790,26222310,876646,Savings,2021-03-13,18580.83,Active
54391342,92580658,719176,Savings,2021-11-15,30200.37,Active
53211696,23203527,207473,Checking,2023-01-02,6320.6,Active
25195055,79463662,207473,Checking,2020-02-28,12725.65,Active
13496882,38526385,388389,Savings,2021-10-27,2253.22,Active
74969653,17159313,356787,Checking,2023-03-06,3681.34,Active
79327797,40835265,246316,Checking,2024-02-20,4741.82,Active
47182391,41905321,334053,Checking,2025-05-22,3258.41,Closed
68940344,22140779,719176,Savings,2024-06-04,9865.47,Active
99283512,13185748,126225,Savings,2023-11-07,7282.26,Active
12055098,57278097,872246,Checking,2022-08-20,8699.43,Active
75526715,19697093,356787,Savings,2025-10-11,23768.44,Active
90141248,74842882,877572,Savings,2025-07-07,1899.78,Active
82670144,19476587,207473,Savings,2020-08-21,1761.52,Active
43741760,43779291,388389,Savings,2025-07-28,4315.97,Active
44954180,39464877,388389,Savings,2025-08-20,5728.58,Active
49574469,50689313,719176,Savings,2024-08-04,12997.19,Active
41349703,75346013,388389,Savings,2025-05-27,6052.59,Active
89223752,11777886,207473,Savings,2020-07-11,2293.17,Active
23294541,94570714,207473,Savings,2022-10-26,893.81,Active
91222606,75534494,334053,Checking,2021-01-08,3754.27,Active
57799246,50530217,388389,Savings,2020-12-22,9093.1,Active
11432528,90607170,877572,Savings,2024-06-08,2209.9,Closed
45740625,57711948,877572,Checking,2025-11-10,7370.97,Active
29323861,84276934,191161,Savings,2023-04-02,15528.42,Active
74248790,21281365,872246,Savings,2021-05-17,990.17,Active
29454935,40027322,126225,Savings,2020-03-02,16811.22,Active
43774551,91498722,877572,Savings,2021-05-31,20162.23,Active
15954521,37448209,388389,Savings,2021-01-14,1495.41,Active
62059096,56641580,334053,Checking,2022-04-21,17313.69,Closed
91222619,87384890,246316,Savings,2025-10-29,5083.89,Active
86274647,52897013,126225,Savings,2024-10-13,6871.6,Active
81130078,77537883,388389,Checking,2023-10-17,810.01,Active
97546847,65126177,216739,Savings,2020-04-22,3203.72,Active
13103714,77726720,388389,Checking,2023-06-28,3860.37,Active
77296227,77388127,809570,Savings,2020-04-25,12379.05,Active
34271843,31710870,872246,Checking,2023-11-21,3523.98,Active
88699490,41567549,809570,Savings,2022-01-29,2497.73,Active
80147046,72273706,876646,Savings,2024-06-22,1800.93,Active
96825963,55941320,388389,Checking,2022-11-26,4799.02,Closed
21688941,13883704,216739,Savings,2024-01-20,5213.26,Active
26341998,70301444,334053,Checking,2020-05-24,10137.14,Active
28865134,85107929,877572,Checking,2025-11-03,2078.64,Active
86602349,35482497,388389,Checking,2021-08-21,2496.73,Active
50098801,97759770,809570,Checking,2023-08-02,16346.43,Active
31715954,37871569,809570,Savings,2021-02-12,12244.86,Active
53604979,77920891,246316,Savings,2022-01-03,12279.43,Active
67793525,99520328,126225,Checking,2022-04-29,963.7,Active
78377590,36906165,207473,Savings,2024-06-16,2088.23,Active
21197432,97952978,246316,Savings,2022-01-01,6132.01,Active
88371834,21358421,334053,Savings,2023-12-15,5481.03,Active
32273020,78880796,770487,Checking,2025-06-13,2796.1,Active
21099133,23787241,356787,Checking,2021-03-01,9374.71,Active
41611902,76935788,216739,Checking,2022-11-29,5488.11,Active
43577982,70302971,809570,Checking,2021-08-14,7405.57,Active
47411841,71312564,877572,Savings,2020-12-02,3739.04,Active
53539466,65119183,809570,Savings,2023-07-14,2507.1,Active
94859916,21418726,216739,Savings,2025-05-16,8990.59,Active
24146573,43242329,216739,Checking,2020-09-15,7134.71,Closed
22868627,65320330,809570,Checking,2025-05-13,1815.33,Active
16708244,48150544,770487,Checking,2024-10-14,5429.9,Active
67367571,25600105,246316,Checking,2024-03-19,3606.77,Active
44888723,67136020,809570,Checking,2023-08-06,2466.94,Active
62943896,35884872,719176,Checking,2020-04-26,4624.04,Active
87814810,25541386,388389,Savings,2021-09-10,3207.65,Active
36139675,76189777,246316,Savings,2021-07-07,4130.71,Active
74052253,89929117,388389,Checking,2025-10-02,19439.23,Active
26407581,41497452,872246,Checking,2025-01-04,7705.19,Active
34140835,38146386,126225,Checking,2024-05-23,12399.53,Active
46035621,58829253,719176,Checking,2020-04-10,2986.14,Active
81326759,99613408,876646,Savings,2021-07-31,2874.59,Active
87814824,94515978,388389,Checking,2022-12-03,8062.9,Active
85783209,74154172,877572,Checking,2021-12-30,756.82,Active
62354090,23969371,126225,Savings,2023-11-24,2120.2,Active
99807918,38857853,334053,Savings,2021-11-04,7982.71,Active
97874607,21162108,876646,Savings,2024-03-29,6592.66,Active
66155184,53712470,770487,Savings,2024-03-25,3268.54,Active
54653615,40578723,809570,Checking,2024-09-29,5665.06,Active
93876917,57437651,388389,Checking,2025-03-13,2958.02,Closed
70546101,40127432,809570,Savings,2022-05-31,14495.16,Active
52294327,53256950,388389,Savings,2022-07-09,12914.31,Active
19428024,48796960,809570,Savings,2024-10-15,1749.05,Active
34468537,32811161,388389,Checking,2022-06-03,1823.83,Active
40235707,17656723,877572,Checking,2024-08-15,26087.17,Active
69006020,59445129,809570,Savings,2022-09-20,3804.96,Active
27914950,63650974,246316,Savings,2025-02-08,12053.31,Active
54686408,67698224,877572,Checking,2022-03-13,2605.7,Active
48591562,64078145,671858,Savings,2021-06-26,3162.25,Active
78869196,62720160,334053,Savings,2023-02-20,3671.2,Active
71004877,36755106,126225,Savings,2025-09-08,7748.68,Active
10875598,88258458,216739,Checking,2023-09-17,6133.91,Active
68416205,46787092,876646,Savings,2025-04-04,1258.91,Active
85750483,70292341,216739,Savings,2025-05-08,2475.98,Active
80802516,97617485,356787,Checking,2023-12-20,2827.61,Active
58847965,28768763,216739,Savings,2025-10-09,4720.87,Active
63271647,76626284,388389,Checking,2025-02-07,7788.73,Active
90960611,17901280,809570,Savings,2025-04-13,4588.57,Active
34697956,84964698,809570,Checking,2024-09-07,1375.52,Active
49574632,14559011,809570,Savings,2024-02-01,6787.45,Active
71987949,84110101,334053,Savings,2020-04-07,3449.8,Active
85553901,40786648,356787,Savings,2021-09-16,15292.84,Active
98497267,82334439,872246,Checking,2021-11-15,4237.48,Active
34271992,95487259,126225,Checking,2025-04-13,3066.14,Active
61043450,81816237,876646,Checking,2023-01-29,3036.24,Active
57930492,16665531,207473,Savings,2022-09-04,8765.91,Active
58225405,39224242,207473,Checking,2023-03-05,1717.33,Active
97547005,99390140,388389,Checking,2024-08-09,2221.15,Active
96236284,82354182,126225,Savings,2025-03-07,3803.22,Closed
20443908,80825374,388389,Savings,2023-04-11,8487.99,Active
70972165,19165963,388389,Checking,2021-07-10,5105.48,Active
18674438,42075322,872246,Savings,2023-12-21,4936.95,Closed
99349255,74504742,877572,Savings,2025-01-05,8392.29,Active
18674439,90449200,216739,Savings,2025-07-03,2074.79,Active
60125961,25233976,246316,Checking,2021-06-19,9202.56,Active
49312528,57443611,877572,Savings,2023-01-11,10357.85,Active
11957010,15851616,246316,Savings,2022-05-16,19073.02,Active
84046610,34056124,877572,Savings,2025-07-13,69894.25,Active
96957204,69972380,877572,Checking,2020-08-17,8185.24,Active
29651734,52781697,770487,Savings,2022-07-11,11573.84,Active
66810647,31386531,216739,Savings,2023-05-08,2877.12,Active
77230872,41173353,671858,Checking,2021-03-29,8695.17,Active
88765209,65818452,877572,Savings,2025-12-07,26412.52,Active
87847711,26299240,191161,Checking,2021-12-27,1359.8,Active
93647651,91718494,388389,Savings,2022-10-07,14209.05,Active
57832229,98588343,671858,Savings,2022-09-29,8118.2,Active
74085159,38922923,356787,Checking,2025-04-14,10479.61,Active
43184936,47325155,872246,Checking,2022-02-21,7696.99,Active
41481000,85086395,877572,Savings,2024-09-14,1437.94,Active
14152491,70616475,877572,Checking,2025-08-24,944.84,Active
57111340,96329513,809570,Checking,2020-06-29,5321.47,Active
69792558,25588958,356787,Savings,2020-10-02,1453.67,Active
54784817,19006154,719176,Checking,2022-05-21,22676.49,Active
61076274,20204102,246316,Savings,2023-09-29,2027.02,Active
77689649,61222220,126225,Checking,2023-11-15,12808.54,Closed
66646837,27166877,356787,Savings,2025-08-06,6555.33,Active
12645173,18967633,876646,Savings,2021-08-20,9576.44,Active
76837687,19794370,809570,Checking,2023-07-05,2195.72,Active
27128629,68449103,246316,Checking,2025-07-30,27656.55,Active
94335805,68569514,216739,Savings,2021-09-27,4926.37,Active
55046975,82430880,246316,Savings,2025-03-12,32977.13,Active
16544576,82133576,207473,Checking,2022-12-19,7832.45,Active
90010433,76424984,216739,Savings,2022-03-01,2564.39,Active
24212288,62382269,246316,Savings,2025-04-18,8652.11,Active
14480193,59171474,388389,Savings,2020-12-04,10939.09,Active
98431812,25948883,809570,Savings,2023-12-26,3572.78,Active
39154496,13356404,126225,Checking,2020-01-12,7790.17,Closed
27030337,85495736,809570,Savings,2023-03-15,11386.22,Active
88077127,56071748,809570,Checking,2021-10-14,2058.5,Closed
40039239,71342104,246316,Savings,2022-07-05,2776.68,Active
50819910,63806725,246316,Checking,2025-10-22,1781.92,Active
76936010,86260244,126225,Savings,2025-11-06,25091.56,Closed
16282443,87416904,671858,Savings,2022-02-16,3428.78,Active
80245582,54442000,216739,Savings,2022-12-28,27557.67,Active
93057875,43453525,207473,Savings,2020-09-15,5076.87,Active
71824213,64120743,334053,Savings,2025-09-03,691.25,Active
76542805,28215592,126225,Savings,2023-12-11,9551.12,Active
68252505,13135833,770487,Savings,2024-06-13,7868.67,Active
38859609,19025220,388389,Checking,2025-11-06,3826.11,Closed
53539675,83366106,388389,Savings,2023-04-19,4557.21,Active
26080092,34687494,877572,Savings,2024-07-15,16362.13,Active
53703517,65306850,191161,Checking,2021-11-22,4906.14,Active
91976545,92753361,877572,Checking,2022-08-12,3681.82,Active
13529954,24289676,216739,Savings,2021-10-10,727.15,Active
43610981,45833447,246316,Savings,2023-04-27,10461.34,Active
90925878,15026701,126225,Savings,2021-08-03,5709.38,Active
87323498,73241333,246316,Savings,2022-11-07,5978.48,Active
41874283,16507895,246316,Checking,2023-06-08,8914.91,Active
59798380,33448916,388389,Savings,2023-05-16,7356.36,Closed
81687404,90820300,126225,Checking,2022-04-29,1561.04,Active
81064814,19074250,191161,Checking,2025-11-04,3153.1,Active
73724781,83054944,126225,Savings,2020-03-30,6311.02,Active
49378163,74623383,877572,Savings,2023-12-14,5292.55,Active
81228662,51785474,877572,Checking,2021-08-03,937.99,Closed
74281852,73142719,207473,Savings,2025-03-11,2708.36,Active
83194749,96326222,388389,Savings,2020-01-07,14570.13,Active
61698942,46887920,877572,Savings,2020-12-30,217.79,Active
73069443,64004006,334053,Savings,2024-06-23,505.46,Active
85193604,50942728,246316,Savings,2023-03-26,4167.85,Active
13529989,30348007,719176,Savings,2021-09-24,6079.05,Active
14676869,97464128,719176,Savings,2024-04-22,4095.58,Active
71201673,85635834,877572,Savings,2022-11-28,10612.85,Active
63173514,25670605,719176,Savings,2023-05-07,36444.51,Active
19395470,21005524,877572,Savings,2024-03-11,10880.18,Active
71660432,14006860,876646,Savings,2023-10-17,913.08,Closed
51147664,91300843,126225,Savings,2022-10-15,2344.48,Active
64156562,75779108,719176,Checking,2020-09-30,5416.11,Active
20607891,70043470,388389,Checking,2022-10-06,1131.03,Active
18281364,43410601,246316,Checking,2024-09-05,7717.06,Active
80245656,69215610,770487,Checking,2021-02-13,8687.79,Active
17363865,94413093,877572,Checking,2025-03-31,725.17,Active
52425629,21431712,719176,Checking,2021-03-06,5646.61,Active
65565599,82481128,334053,Checking,2021-07-30,6887.62,Closed
76575651,46799764,877572,Checking,2021-06-14,1606.51,Active
30667686,52493177,191161,Savings,2021-11-15,4051.5,Active
80638891,82311958,207473,Savings,2023-05-23,8093.39,Active
76116910,13188608,356787,Savings,2020-09-01,2845.89,Active
44692399,92607861,388389,Checking,2025-07-11,13193.41,Active
98104243,24335019,872246,Savings,2020-09-19,1866.6,Active
57996213,53151943,872246,Checking,2022-01-06,3848.91,Active
17527736,14962333,809570,Savings,2022-02-24,3703.75,Active
50983865,16103320,671858,Savings,2024-10-04,4058.99,Active
96465850,90136767,872246,Savings,2025-05-01,6413.52,Active
35058624,30921211,191161,Checking,2021-05-12,2346.32,Active
98890689,95512494,876646,Savings,2025-04-19,2678.62,Active
88241090,93273594,719176,Savings,2022-11-05,1891.22,Active
79360964,94768182,719176,Checking,2021-07-13,5700.56,Active
82211782,43599533,246316,Checking,2020-06-08,8967.36,Active
72315851,58443297,334053,Savings,2020-01-13,3907.47,Active
28865488,10814861,877572,Savings,2023-06-08,2377.59,Active
55833553,11604596,388389,Checking,2021-01-24,2512.13,Closed
75396050,92689851,246316,Checking,2023-04-18,8365.05,Active
63763410,87682486,126225,Savings,2023-01-25,725.31,Active
31716308,44409001,334053,Savings,2021-10-23,4014.89,Active
30340059,53993782,126225,Checking,2025-05-08,2302.49,Active
15037404,79942603,246316,Checking,2021-06-13,2270.78,Active
64877536,62491677,388389,Savings,2024-09-22,9935.61,Active
80147436,59988419,388389,Savings,2023-07-31,4415.66,Active
57701358,15282825,876646,Savings,2021-07-31,2357.08,Active
91845614,51333387,877572,Savings,2024-02-26,6770.78,Active
22508527,49822519,877572,Savings,2023-06-04,7453.1,Active
30700538,78555683,809570,Savings,2022-10-13,13575.59,Active
23327739,41856715,872246,Savings,2023-05-01,5599.46,Active
44659708,27565175,126225,Savings,2024-11-08,3137.24,Active
62518269,73254279,246316,Savings,2021-09-12,21427.46,Closed
48657405,39222998,388389,Savings,2023-05-20,19263.51,Active
51672061,95979751,334053,Checking,2021-03-28,44864.5,Active
63370240,92068284,388389,Checking,2023-09-11,14055.77,Active
10941440,76247278,388389,Checking,2021-11-09,9046.05,Active
39318531,87218976,334053,Savings,2021-08-29,575.93,Active
52982787,39871880,876646,Checking,2022-04-07,21528.7,Active
34173957,14649226,334053,Checking,2025-11-27,5026.68,Active
44954629,87881220,216739,Checking,2020-02-10,4186.87,Active
96924683,58963387,770487,Savings,2023-01-12,7541.26,Active
65401870,88799407,216739,Savings,2021-12-25,2796.67,Active
73102352,66995399,388389,Checking,2022-09-01,12803.68,Closed
34239505,68729793,809570,Savings,2023-11-06,1214.94,Active
91878418,45576654,334053,Checking,2022-07-17,12302.94,Closed
92206099,29297925,246316,Checking,2021-10-07,8308.7,Active
24278036,60644002,246316,Checking,2024-05-10,5026.29,Active
26407953,25037335,876646,Savings,2024-11-12,16246.83,Active
83489813,15765789,334053,Savings,2024-09-02,9412.72,Active
87946266,60703814,877572,Savings,2021-03-02,91723.39,Active
17396764,28067793,191161,Savings,2025-05-17,2866.88,Active
42005542,85017254,388389,Checking,2025-09-10,5192.72,Active
66941990,45088272,877572,Savings,2022-02-18,5957.27,Active
45642793,99828519,876646,Savings,2023-05-27,13005.87,Active
97350697,15024377,246316,Savings,2021-05-18,5566.44,Active
22705195,42234816,246316,Savings,2022-11-08,1474.31,Active
25916462,76614461,216739,Savings,2025-07-06,475.99,Active
80671793,30020648,334053,Savings,2023-05-24,2424.59,Active
31421489,16112433,877572,Savings,2022-09-23,7819.9,Active
78279733,83396464,876646,Checking,2020-06-13,6588.56,Active
76411958,37297976,872246,Savings,2025-12-16,2111.21,Active
10286137,95473930,877572,Savings,2025-06-04,3943.26,Active
69137470,27615582,246316,Savings,2024-08-06,1558.5,Closed
95188032,78981080,334053,Checking,2022-06-08,2888.07,Active
70087745,55286295,246316,Savings,2022-11-22,12045.44,Active
38171713,60884047,876646,Savings,2020-04-16,2357.34,Active
54686784,56646650,334053,Savings,2022-05-10,14406.3,Active
15692875,63253760,877572,Savings,2023-11-07,962.79,Active
47674444,40870477,356787,Savings,2020-07-03,2748.92,Active
45020235,44222233,719176,Savings,2024-11-17,27862.64,Active
16217166,71772907,671858,Checking,2020-02-08,495.83,Active
93811795,16231255,876646,Checking,2021-06-22,4808.3,Active
78050395,56055222,719176,Checking,2024-02-07,9310.34,Active
54686811,54986376,809570,Savings,2020-12-18,5458.51,Active
93221979,87384352,191161,Savings,2023-10-08,12251.47,Active
25949278,70682004,770487,Savings,2021-03-02,11535.13,Active
14021727,94999461,356787,Savings,2021-08-08,2677.78,Active
79361120,93010254,207473,Savings,2024-06-21,9291.11,Active
33420384,28289061,719176,Savings,2025-06-28,3787.99,Active
64124001,52155837,876646,Savings,2023-10-09,6612.9,Active
63861860,84839893,246316,Savings,2020-10-17,2689.39,Active
43938919,91520192,356787,Savings,2024-05-27,44692.11,Active
26014825,33208690,216739,Savings,2023-06-21,3409.48,Active
46429290,96579801,388389,Checking,2021-04-09,2032.86,Active
98301036,14982996,191161,Checking,2021-08-15,12273.33,Active
14513262,96311307,126225,Savings,2024-09-22,4494.71,Active
24147056,80895594,809570,Checking,2021-10-12,12053.88,Active
87061619,69611267,388389,Checking,2025-05-01,3862.57,Active
69858421,50521628,877572,Checking,2021-05-02,1555.07,Active
58389622,76738469,872246,Checking,2022-07-14,14273.12,Active
21460088,33799645,334053,Savings,2025-06-21,2014.0,Active
31716474,83317720,334053,Checking,2020-05-05,2093.93,Active
70710395,43463349,876646,Savings,2020-11-16,4294.3,Active
76379262,83369977,388389,Checking,2022-12-23,2802.28,Active
76805247,75695229,809570,Savings,2024-04-20,2099.19,Active
68646016,44503300,809570,Savings,2024-11-28,1334.46,Active
90338434,65519957,388389,Savings,2023-05-02,10881.84,Closed
15103106,74692130,207473,Savings,2023-03-26,17845.41,Active
73168004,58735279,877572,Checking,2025-08-03,2674.72,Active
13792389,23624971,216739,Checking,2022-06-11,15569.16,Active
52556931,94591893,877572,Savings,2025-10-13,7036.97,Active
51737737,15825206,671858,Savings,2025-08-05,9125.6,Active
41874570,41683303,876646,Checking,2022-12-20,8699.44,Active
95515790,27598115,246316,Savings,2021-12-14,3027.26,Active
73200787,22858086,356787,Checking,2021-03-03,2571.04,Active
93025429,20217728,126225,Savings,2022-10-29,4251.61,Closed
31487126,66773510,334053,Checking,2021-11-07,4362.53,Closed
25883799,60791205,877572,Checking,2023-10-31,11477.79,Active
20804760,56759741,877572,Savings,2025-10-30,6643.27,Active
52032665,74818938,388389,Checking,2025-06-27,5443.0,Active
27030684,77391588,876646,Savings,2022-06-07,8085.54,Active
18609309,85253501,191161,Checking,2024-02-15,1974.95,Active
92107937,35995114,334053,Savings,2024-04-11,8205.85,Active
26473634,92087751,809570,Checking,2023-07-03,6112.17,Active
58422433,98368477,207473,Savings,2025-07-31,139127.22,Active
21361832,16575212,334053,Savings,2025-06-10,1723.23,Active
67728553,58224956,207473,Savings,2020-09-28,7462.74,Active
22869161,48923027,334053,Checking,2023-08-22,2682.16,Active
99447980,35095102,877572,Savings,2024-09-19,5754.21,Active
95220908,21427734,770487,Checking,2022-07-20,16891.18,Active
93516972,20761351,809570,Savings,2024-10-29,27571.02,Active
22770863,16170365,126225,Checking,2024-01-23,2634.19,Active
18609328,74871111,334053,Savings,2023-04-25,4001.57,Active
80966828,47035772,191161,Checking,2023-04-23,747.92,Active
82244794,96533506,207473,Checking,2021-07-18,22953.49,Active
23360701,45976998,671858,Savings,2023-08-03,2701.45,Closed
83293374,13402843,216739,Checking,2022-02-04,1004.97,Active
75166911,43422280,126225,Savings,2020-08-06,5829.58,Active
79426749,55113703,877572,Savings,2022-02-09,1799.96,Active
79721662,63533139,334053,Savings,2021-10-06,2121.91,Active
54359242,46704887,388389,Savings,2024-08-23,2478.42,Active
77821131,34952605,877572,Checking,2023-04-24,15590.63,Active
57210060,72021120,671858,Savings,2021-12-19,23147.66,Active
38597836,44447566,719176,Savings,2021-09-29,7817.48,Active
25785548,32248400,216739,Savings,2023-12-05,4237.91,Active
86406352,99428556,334053,Checking,2025-12-27,1638.5,Active
16676058,90844955,216739,Savings,2025-06-27,3467.81,Active
49214683,49700583,334053,Savings,2025-07-21,6760.76,Active
83490011,81333850,246316,Savings,2025-04-02,8932.39,Active
83031262,33622643,809570,Checking,2020-07-13,8886.49,Active
95384800,63971244,876646,Checking,2024-02-16,7535.47,Closed
54850787,91854015,388389,Savings,2020-10-30,7548.3,Active
75429091,42884958,809570,Savings,2025-05-14,7100.88,Active
32961766,12280891,246316,Checking,2020-11-22,8327.39,Active
28865768,68000317,246316,Checking,2022-08-29,1506.58,Active
75298024,42788730,671858,Checking,2025-05-28,1711.22,Active
65271020,38476907,872246,Savings,2024-01-11,12406.8,Active
60617967,60729345,126225,Savings,2025-02-03,5661.24,Active
64779503,12269432,671858,Savings,2022-06-29,13342.45,Active
24114417,11194876,388389,Checking,2024-01-19,11926.62,Active
65565939,97891106,388389,Checking,2023-04-28,2893.32,Active
64386291,12250909,207473,Savings,2025-02-23,15599.35,Active
25752819,47716777,126225,Savings,2021-09-07,19793.08,Active
85783798,96440788,356787,Checking,2020-02-14,4377.92,Active
12645626,43950587,809570,Savings,2022-12-23,18039.3,Active
56816891,10209894,216739,Savings,2022-08-07,3510.5,Closed
84833535,73563406,126225,Savings,2023-07-18,8359.3,Active
95548674,30474029,388389,Checking,2022-06-10,12276.48,Active
19526915,40251189,246316,Savings,2023-12-08,3093.46,Active
49149188,80827507,126225,Savings,2022-08-24,4486.35,Active
80704774,88294032,877572,Savings,2020-04-11,2945.42,Active
10056967,57791003,246316,Checking,2022-02-15,4224.52,Active
46888202,79936649,356787,Savings,2024-11-09,19638.05,Closed
48493835,85899286,388389,Checking,2024-12-05,4291.37,Active
49640718,50451976,877572,Savings,2023-05-29,5298.47,Active
44856590,68073398,334053,Checking,2025-06-04,9173.72,Active
43119886,87698494,719176,Savings,2022-07-14,2544.33,Active
91780371,24232859,356787,Checking,2023-05-02,1749.97,Active
54654228,22419350,719176,Savings,2020-04-13,3163.74,Active
31257876,44795549,388389,Savings,2025-07-10,3211.27,Active
53277974,58833445,334053,Savings,2021-12-23,3296.68,Active
61666583,36015554,126225,Savings,2020-12-05,11989.91,Active
57013526,22319855,191161,Savings,2023-01-14,974.72,Active
95876373,63882171,388389,Savings,2022-11-06,22631.87,Active
25699326,60347225,388389,Savings,2020-10-13,15562.95,Active
22082835,14255282,334053,Savings,2023-08-15,761.66,Active
85751060,80641323,877572,Savings,2020-09-03,6364.58,Active
43840797,57100223,877572,Savings,2022-01-11,1618.24,Active
50689312,79641118,356787,Checking,2021-10-28,5606.59,Active
31388961,70928223,334053,Checking,2021-07-07,1972.12,Closed
30995749,38211997,246316,Savings,2021-01-11,2888.47,Active
78443814,63584896,809570,Checking,2021-01-21,3835.18,Closed
60716325,26252081,809570,Checking,2022-03-05,6533.2,Active
76543273,48193828,191161,Savings,2021-03-29,4661.92,Active
27555113,55640969,877572,Savings,2022-12-06,5203.38,Active
95352109,13171035,191161,Checking,2020-07-25,14530.45,Closed
70579505,49052492,872246,Savings,2023-08-31,9496.84,Active
10220861,29157188,388389,Savings,2025-10-31,6028.59,Active
48723261,63130838,388389,Savings,2020-01-18,3799.07,Closed
63108415,70281541,876646,Savings,2020-05-19,23394.03,Active
97252676,22699828,388389,Checking,2022-03-10,10192.79,Active
23098693,27882052,356787,Savings,2025-05-02,2501.78,Active
13727046,55747258,216739,Savings,2020-01-26,7912.78,Active
34534730,17021643,216739,Savings,2020-11-17,8672.25,Active
52098378,32800239,191161,Savings,2022-06-24,8948.67,Active
28210506,70460919,719176,Savings,2024-09-19,5331.49,Active
90535246,57315402,876646,Savings,2024-03-13,36613.8,Active
79197520,21675412,877572,Savings,2020-03-05,7214.52,Closed
41317714,19142510,207473,Savings,2022-05-22,792.99,Active
41448787,13477539,356787,Savings,2023-06-28,706.32,Active
96859475,12975695,809570,Savings,2020-11-17,1346.1,Active
46691670,79234481,809570,Savings,2025-08-13,7826.04,Active
24212823,79786969,334053,Checking,2023-01-05,12274.97,Active
95286615,27409172,877572,Checking,2020-07-12,18801.07,Active
28603737,85654005,126225,Checking,2022-01-23,4435.35,Closed
18380124,73460170,388389,Checking,2021-01-20,4453.09,Active
26178913,85518225,334053,Savings,2021-02-22,8718.26,Active
30897506,14567341,246316,Savings,2021-11-21,4557.43,Active
68253029,14198813,126225,Savings,2025-05-26,7970.81,Active
32306534,58436498,872246,Savings,2023-10-03,2667.06,Active
25949543,90021813,126225,Savings,2021-08-16,6278.79,Active
88601965,43945364,246316,Savings,2022-02-22,4077.91,Active
40564080,37865789,671858,Savings,2022-04-17,19599.13,Active
41350513,93879393,246316,Checking,2020-09-14,9376.99,Active
80573810,99126902,877572,Savings,2025-01-08,29933.72,Active
18642288,98305232,877572,Savings,2020-10-29,7967.88,Active
43119985,16204328,207473,Checking,2020-12-12,3175.91,Active
35878261,54411844,246316,Savings,2021-04-21,2942.15,Active
22902143,53171175,334053,Savings,2025-11-16,3103.01,Active
98170240,73038815,334053,Savings,2022-01-03,11878.95,Closed
55014786,22440409,671858,Savings,2022-04-15,6589.69,Active
75494788,73494290,719176,Savings,2022-02-11,4248.8,Active
97219972,41991528,334053,Checking,2022-11-07,13168.57,Active
69563782,75614320,877572,Savings,2023-11-15,11590.43,Active
75396484,17584120,719176,Savings,2020-07-25,8074.53,Closed
53015945,38826107,388389,Savings,2022-03-12,3210.78,Active
52163979,84560711,334053,Savings,2021-01-03,1511.48,Active
97351052,57640904,877572,Checking,2022-04-03,12812.24,Active
92697998,84062798,388389,Savings,2025-11-12,7236.89,Active
66876816,40061384,876646,Savings,2023-07-17,13775.31,Active
83195283,68117133,126225,Savings,2023-11-02,1270.01,Closed
49608085,51545995,809570,Checking,2025-04-13,7079.82,Active
16086426,14480895,216739,Savings,2023-11-20,1450.54,Active
47347106,19639744,334053,Savings,2024-05-30,5734.38,Active
46232995,19792433,246316,Savings,2024-08-19,4333.77,Active
95778213,30200353,216739,Savings,2024-10-01,10738.68,Active
84178346,91408044,388389,Checking,2024-06-25,10239.76,Active
88831407,88538853,356787,Savings,2024-08-18,3581.47,Active
97285554,91804256,809570,Checking,2022-03-31,4678.99,Active
58389938,66816274,719176,Savings,2022-07-14,3266.55,Active
55211447,77060632,671858,Checking,2020-09-25,886.16,Active
31356343,37312108,246316,Checking,2021-09-14,5095.46,Active
80836023,48327768,877572,Savings,2020-07-15,663.36,Active
33191356,75507352,216739,Checking,2025-10-03,2192.33,Active
36140477,76824887,334053,Savings,2025-12-27,6371.54,Closed
94107072,95570226,671858,Savings,2021-09-18,5610.03,Active
99677633,40793278,246316,Savings,2025-01-29,10931.71,Active
80344519,10698490,207473,Savings,2021-10-31,4639.52,Active
19756490,84148525,126225,Checking,2023-06-12,14172.11,Active
76117451,51477329,216739,Savings,2023-12-29,7927.35,Active
14644682,45043234,809570,Savings,2021-09-23,6548.79,Active
23950799,64671199,809570,Savings,2025-12-29,1263.48,Active
22869456,27261216,246316,Savings,2021-09-22,22947.0,Active
92861908,93757290,246316,Checking,2023-07-04,1692.51,Active
37811670,54663117,356787,Savings,2022-12-20,6397.96,Active
33650135,39887679,877572,Checking,2022-02-18,29639.24,Active
92894680,54789719,356787,Savings,2022-07-03,793.58,Active
92009944,21560307,876646,Checking,2022-05-08,3360.31,Active
74970584,32771003,872246,Savings,2021-07-20,523.38,Active
88536540,13411552,809570,Savings,2024-04-28,9600.15,Active
90273248,56473789,126225,Checking,2025-06-15,4590.29,Active
29554164,69286286,872246,Savings,2025-06-15,2997.77,Active
58357238,34094550,671858,Checking,2020-01-13,2349.04,Active
42726903,33516166,877572,Savings,2021-04-09,3622.37,Active
25032184,93035510,334053,Savings,2020-02-15,8456.04,Active
99808758,27876801,246316,Savings,2023-06-16,2361.28,Active
66123259,28875252,877572,Checking,2024-05-27,4031.41,Active
25523712,57457136,671858,Savings,2023-02-14,5628.91,Active
27293185,71459848,356787,Savings,2025-03-04,3577.27,Active
89585155,73719766,877572,Checking,2023-04-18,5941.94,Active
69334532,67080495,770487,Checking,2024-06-01,1776.64,Active
34305541,88235087,719176,Savings,2022-03-19,2286.49,Closed
84342276,89047966,246316,Savings,2024-04-29,4370.43,Active
10483208,75420157,388389,Checking,2021-05-09,1240.33,Active
30275090,27506100,809570,Savings,2021-10-25,3373.24,Active
62780947,12222983,246316,Checking,2022-01-18,3397.9,Active
12613143,48123035,216739,Savings,2024-05-04,8965.93,Active
28505623,96380268,246316,Savings,2024-06-30,13040.79,Active
52721179,61665474,719176,Savings,2020-12-07,14021.11,Active
50656800,15194115,126225,Savings,2020-07-17,6235.84,Active
10614306,29227517,719176,Checking,2022-11-28,1480.74,Active
47937059,95776835,388389,Savings,2023-12-02,1792.45,Active
94959143,11060607,719176,Savings,2021-08-11,7047.19,Active
74839594,87207455,246316,Checking,2022-10-19,9498.75,Active
89421354,65832409,388389,Checking,2024-03-25,1628.76,Active
32765482,40613187,876646,Savings,2022-03-23,17752.3,Active
44955182,85793804,126225,Savings,2022-10-07,14479.32,Active
78542384,25508411,356787,Savings,2024-07-27,18828.54,Active
48264759,92876762,216739,Savings,2024-11-18,6100.72,Active
26998328,73559524,770487,Checking,2022-10-26,1736.77,Active
12416568,97878527,877572,Savings,2021-03-08,8644.17,Closed
19330618,71284923,671858,Checking,2020-05-16,4533.66,Active
82933308,76253213,809570,Checking,2023-11-24,4935.26,Active
16184893,91077021,216739,Savings,2025-03-28,16281.26,Active
27784767,93469706,356787,Savings,2025-09-16,3033.92,Active
87062082,92982639,388389,Savings,2022-04-26,6577.66,Active
57996867,89756942,388389,Savings,2024-10-08,3509.91,Active
38696517,25568389,207473,Checking,2022-02-07,2969.22,Active
56849992,94503452,877572,Checking,2023-10-17,2760.24,Active
64845385,52057772,388389,Savings,2023-10-10,2473.35,Active
38958668,32757919,388389,Savings,2023-07-29,1798.59,Active
76576334,49423056,876646,Checking,2023-03-15,30742.12,Closed
59668050,57175405,216739,Savings,2025-03-19,5055.52,Active
39220819,96318779,877572,Savings,2024-04-03,7401.66,Active
90502742,71323628,719176,Savings,2022-05-23,2856.03,Active
52229719,57615106,216739,Checking,2025-12-13,2089.16,Closed
42661464,58830077,334053,Savings,2023-07-25,2574.59,Active
97351260,77571285,388389,Savings,2022-03-13,2480.2,Closed
37451357,14044767,719176,Checking,2023-04-11,5653.12,Active
72578653,88272203,872246,Savings,2023-10-09,4284.63,Active
14513759,27735111,207473,Checking,2020-09-19,24647.33,Active
19560033,55360560,719176,Savings,2020-03-08,2431.66,Active
22574690,79001070,388389,Checking,2022-04-04,7791.13,Active
75298403,28889443,356787,Checking,2021-05-24,762.79,Active
61929058,97033089,126225,Savings,2021-01-26,3261.56,Active
17987179,30105410,877572,Savings,2024-10-14,50279.19,Active
58521206,55823741,126225,Savings,2024-12-23,1598.61,Active
26834553,46663469,719176,Savings,2024-01-05,10205.09,Active
21034618,91414105,877572,Checking,2023-05-19,7160.35,Active
87029372,39601248,877572,Checking,2020-08-20,3468.97,Active
13792897,35269089,877572,Savings,2024-04-08,1316.04,Active
18019970,44270639,334053,Checking,2022-04-22,3725.46,Active
82114183,46196702,334053,Savings,2023-06-08,2516.63,Active
12449416,60471653,388389,Savings,2020-11-12,2016.77,Active
64485001,98638560,877572,Savings,2020-04-19,780.21,Active
20772489,80594785,334053,Savings,2020-10-06,4404.59,Closed
41121418,39939617,809570,Savings,2023-03-14,2651.74,Active
68417164,95080292,719176,Savings,2022-02-24,1883.09,Active
44398217,68469295,216739,Savings,2021-12-31,1411.16,Active
11826832,48982170,334053,Savings,2021-03-13,2532.12,Active
93517460,55768263,719176,Savings,2023-08-06,8780.38,Active
75200148,25705784,719176,Savings,2023-02-21,6266.43,Active
26277529,14356914,809570,Savings,2022-03-22,5742.67,Active
22083227,97032971,246316,Checking,2024-06-16,2505.97,Active
12023451,13387960,216739,Checking,2025-02-01,22687.23,Active
85456541,94809946,216739,Checking,2021-11-17,2880.45,Active
83097247,76369319,334053,Savings,2023-01-04,6794.26,Active
88143521,23745187,246316,Checking,2020-02-08,12459.76,Active
75265699,55864791,356787,Savings,2022-12-25,4050.11,Active
26965667,93834759,388389,Savings,2023-07-24,794.46,Closed
79296165,66503837,216739,Checking,2023-08-17,7512.6,Active
65304231,92224404,809570,Savings,2021-03-03,6147.82,Active
64648873,68065670,876646,Savings,2023-01-08,1246.59,Active
98891434,16571117,719176,Savings,2021-07-01,6660.28,Active
24573611,89612839,809570,Savings,2024-05-24,4524.74,Active
57767596,24487467,877572,Savings,2025-04-24,6901.78,Active
58914484,60432382,246316,Savings,2024-08-03,1427.08,Active
67073716,27312636,126225,Savings,2022-12-17,10050.24,Active
73692856,81161503,126225,Savings,2023-08-18,2973.9,Active
62846649,87476701,388389,Checking,2023-05-16,1988.89,Active
70612666,33813199,191161,Checking,2022-03-27,9976.53,Active
46429883,31198792,388389,Checking,2022-06-03,10838.74,Active
11826873,52808737,356787,Savings,2025-09-29,5653.99,Active
98105021,64554819,809570,Checking,2020-09-17,8862.74,Active
72578744,37033804,719176,Savings,2023-07-11,3022.49,Active
24704705,92186036,809570,Savings,2022-04-19,3177.15,Active
88143553,77078561,216739,Savings,2025-02-19,15540.43,Closed
38860488,59175618,334053,Checking,2024-07-14,580.86,Active
82704073,73572140,877572,Checking,2020-08-19,747.06,Active
36894409,99104686,216739,Checking,2021-09-15,3766.6,Active
93615819,64299304,216739,Checking,2023-09-07,2961.31,Active
33027788,16430431,246316,Savings,2021-12-22,14220.61,Active
27162317,19883485,770487,Savings,2025-11-04,3340.94,Closed
83719889,62888348,246316,Savings,2024-02-23,6105.76,Active
66025173,85047946,770487,Savings,2024-03-15,10783.87,Active
59537112,74312089,207473,Savings,2024-08-29,11528.43,Active
52262618,81477265,877572,Checking,2023-11-08,1806.1,Active
43316955,46293441,388389,Savings,2024-08-09,7002.1,Active
75658972,25200956,126225,Savings,2025-10-13,1033.13,Active
10417884,42875162,876646,Savings,2023-02-14,11016.99,Active
23099098,24992544,126225,Savings,2024-04-26,3542.6,Active
45872862,52551193,719176,Savings,2025-03-14,8160.79,Active
32732891,12112648,809570,Savings,2020-05-17,3684.61,Active
66287324,22601335,877572,Savings,2024-11-02,3641.63,Active
51672802,83920528,246316,Savings,2025-03-29,6869.26,Active
40695523,79200346,216739,Savings,2022-01-30,6423.88,Active
25425634,67093353,216739,Checking,2021-07-20,2813.74,Active
68712168,70332302,246316,Savings,2022-07-19,1419.53,Active
64747242,60215002,216739,Savings,2024-09-24,3113.37,Active
38598382,25910839,872246,Checking,2022-08-01,6144.3,Active
37254898,21597835,216739,Savings,2020-11-03,15219.78,Active
14743285,92271585,671858,Savings,2021-04-05,3818.72,Active
89782008,47128306,334053,Checking,2025-12-02,2211.59,Active
83490552,25265438,356787,Savings,2025-03-02,1573.64,Active
24508156,61619059,216739,Savings,2020-06-02,5644.39,Active
35223298,44526686,191161,Savings,2025-06-21,3535.32,Active
33289986,44242563,246316,Savings,2022-07-10,2832.39,Active
75003652,27107524,207473,Checking,2022-01-05,19139.59,Active
62125828,69521496,334053,Savings,2022-09-12,6759.66,Active
66975494,69397065,809570,Savings,2023-02-26,7174.55,Active
39384839,93134347,671858,Checking,2023-07-02,2972.41,Closed
74217225,89306711,809570,Savings,2025-01-21,4505.25,Active
23000847,94366747,207473,Savings,2024-02-16,5355.03,Active
62125840,71868638,809570,Checking,2021-09-11,2929.95,Active
34043664,14484473,876646,Checking,2024-05-12,9715.15,Closed
23688975,61414988,388389,Checking,2025-09-13,2807.9,Active
94271251,83987406,207473,Savings,2025-12-01,12706.58,Active
78280468,97663449,877572,Savings,2024-02-19,9067.18,Active
99677971,63166671,770487,Savings,2025-06-12,7752.33,Closed
67925782,97398934,334053,Savings,2023-12-24,5037.3,Active
19855123,43636093,334053,Savings,2025-01-10,4267.38,Active
33126169,61998700,207473,Checking,2022-02-04,11851.54,Active
44005150,53570272,334053,Savings,2024-12-08,3362.63,Active
67860255,75476994,719176,Savings,2022-12-04,591.73,Active
96859938,26937073,877572,Savings,2022-01-23,3657.57,Active
49379107,55144993,809570,Savings,2025-11-18,3315.49,Active
57636644,49795905,216739,Savings,2022-06-07,2565.36,Active
60913451,45136945,216739,Savings,2021-08-10,11509.36,Active
91223852,21191155,334053,Savings,2024-12-18,1274.48,Active
10942255,12864439,876646,Savings,2021-05-15,3790.21,Active
84604719,75335120,246316,Savings,2024-09-07,4537.19,Active
44037937,34157538,876646,Savings,2023-06-05,2799.42,Active
38074163,20627691,356787,Checking,2025-12-08,11231.65,Active
59537204,88527518,876646,Savings,2025-07-26,21011.84,Closed
28636982,40878052,388389,Savings,2022-12-24,5453.53,Active
12384055,69040790,719176,Savings,2022-06-15,6673.15,Closed
17168185,46312075,334053,Savings,2024-02-04,9194.73,Active
45283131,12293930,671858,Savings,2023-10-03,6033.82,Active
39909180,60892785,876646,Checking,2025-06-17,25552.85,Active
47445821,28029931,388389,Savings,2023-10-10,3469.88,Active
49051458,31386369,207473,Savings,2024-11-14,7306.61,Active
43317061,46355213,872246,Savings,2022-11-20,3605.15,Active
28899143,49641527,809570,Savings,2023-09-02,15877.8,Closed
85522251,37358942,809570,Savings,2022-05-11,2283.08,Active
35485519,60025368,388389,Savings,2021-09-10,2276.14,Active
19068751,38510215,246316,Savings,2023-11-28,5123.14,Active
18118483,29659052,126225,Savings,2023-05-12,18972.31,Active
82933587,61440401,671858,Savings,2024-02-20,19789.06,Active
71792473,47112451,334053,Savings,2024-08-10,1086.71,Active
34207580,44277166,334053,Checking,2020-01-20,12213.12,Active
79230816,66402848,126225,Savings,2025-11-26,5551.36,Active
28374880,70438539,334053,Savings,2024-03-30,3187.99,Active
68482913,18227106,809570,Savings,2024-08-12,17906.45,Active
53114723,91413200,809570,Savings,2020-10-17,9864.42,Active
36206435,44517935,877572,Savings,2023-08-15,9430.51,Active
95975272,35658291,356787,Savings,2024-03-10,7209.67,Active
69433192,83666820,671858,Savings,2021-06-22,3423.93,Active
54196074,97889152,809570,Savings,2023-10-18,5959.48,Active
94173034,10368153,246316,Savings,2023-08-28,6668.32,Active
20641645,46822400,126225,Checking,2025-08-18,1919.06,Active
28374893,26586567,809570,Savings,2024-03-24,9235.18,Active
63731567,94915983,246316,Savings,2024-02-28,16931.13,Active
12679025,22425857,246316,Checking,2025-11-08,18040.05,Active
66025331,76458477,191161,Checking,2024-07-28,2296.55,Active
21362549,46764256,207473,Savings,2022-05-01,3890.2,Active
44234615,12285307,877572,Savings,2023-12-05,10191.95,Active
95713144,11227937,877572,Savings,2021-11-02,4471.15,Active
51705731,65585707,334053,Savings,2021-11-04,2857.82,Active
46102405,15179613,246316,Savings,2024-09-15,14717.44,Active
85161863,84882431,388389,Savings,2022-05-13,4252.53,Active
71989128,44509009,246316,Savings,2022-10-02,1434.3,Active
43874185,28670383,876646,Savings,2022-02-07,10139.37,Active
22869898,82187923,809570,Checking,2020-08-28,13387.54,Active
93714312,96075491,809570,Checking,2025-10-27,3646.07,Active
34928524,63011652,877572,Savings,2025-09-05,9499.97,Active
11499402,77438617,877572,Savings,2021-05-07,1083.24,Active
64386957,88407149,334053,Checking,2021-09-08,4828.02,Active
61044627,72848904,216739,Checking,2023-07-22,3422.51,Active
17954708,51793765,334053,Savings,2022-09-05,18274.7,Active
20051864,21463219,207473,Savings,2023-01-16,15965.46,Active
59209625,77770551,246316,Savings,2025-11-26,3838.07,Active
12384156,25250399,334053,Savings,2022-10-08,4125.32,Active
47740831,65841913,388389,Savings,2023-04-28,23969.15,Active
25261984,93645168,356787,Savings,2024-07-20,19184.87,Active
85063585,89112926,216739,Savings,2023-11-18,2071.98,Active
80115618,42505856,356787,Savings,2024-04-12,4526.79,Active
69367715,98394347,246316,Savings,2021-05-09,8960.01,Active
90208167,55769457,876646,Savings,2024-03-04,7748.33,Active
34863017,20333657,671858,Checking,2021-11-17,12347.17,Active
70580139,95013669,246316,Savings,2025-09-23,3267.64,Active
27817900,44291528,388389,Checking,2025-08-19,9225.49,Active
85391278,97121722,809570,Savings,2020-12-25,5957.6,Active
19658671,71435513,876646,Savings,2024-11-13,13751.0,Active
22181808,58547040,216739,Savings,2020-10-08,3037.3,Active
71923632,20865039,388389,Savings,2022-12-09,2595.5,Active
39188411,56918723,671858,Savings,2022-07-28,7852.96,Active
90372030,59491982,356787,Savings,2021-02-09,7324.63,Active
83064767,15704406,877572,Savings,2020-11-12,4238.95,Active
25360324,78180379,671858,Savings,2021-09-30,6083.06,Closed
90306501,29407255,388389,Savings,2024-11-05,4935.78,Active
27293639,84026266,126225,Savings,2024-11-18,11585.28,Active
21821384,34335767,770487,Checking,2022-05-15,4952.19,Active
89520075,38054937,877572,Savings,2021-12-23,6114.87,Closed
80934860,52905306,809570,Savings,2021-06-26,3187.68,Active
81262542,99290446,334053,Savings,2023-03-26,11120.21,Active
78116815,50353310,877572,Savings,2022-10-13,4984.37,Active
95516622,72409137,876646,Savings,2020-06-30,33123.27,Closed
79886287,10951333,388389,Savings,2021-12-30,3368.8,Active
47183826,23118995,216739,Savings,2022-03-07,5745.31,Active
64321491,14021494,334053,Savings,2021-11-13,5625.76,Active
69629908,66435409,356787,Savings,2024-10-06,4565.45,Closed
59111385,83076631,334053,Checking,2024-01-18,20189.0,Active
60684249,88365465,216739,Savings,2022-06-10,859.2,Active
64681948,73884837,719176,Savings,2025-08-19,10934.23,Active
54163422,48288858,246316,Savings,2021-07-03,4607.42,Active
46790628,94108285,191161,Savings,2024-02-05,7634.98,Active
17299432,27434164,246316,Savings,2023-03-01,3435.19,Active
79198187,70194064,246316,Savings,2024-05-07,5472.39,Active
13957100,55918988,334053,Savings,2022-04-21,5668.64,Active
35944429,82713551,809570,Savings,2023-09-16,2946.28,Active
44234733,14042292,809570,Savings,2022-04-13,3683.88,Active
83163118,57652099,388389,Checking,2022-07-02,33128.99,Active
33912816,20891793,770487,Checking,2021-06-16,5049.12,Active
65599477,85027630,191161,Savings,2025-04-18,5113.1,Active
26441717,53403768,216739,Savings,2022-02-04,16690.77,Active
86145015,57981171,207473,Savings,2023-06-16,9559.7,Active
82606072,95051306,770487,Savings,2020-11-19,5359.03,Active
61536249,88066782,877572,Checking,2021-11-05,4487.77,Active
41613309,88791839,719176,Checking,2025-02-04,3817.08,Active
99940356,51629273,334053,Checking,2024-01-31,30028.49,Active
46299142,44787630,877572,Savings,2023-05-28,2258.83,Active
71497734,35486042,126225,Savings,2021-06-09,2086.12,Active
35059720,83941612,719176,Savings,2020-05-18,3003.73,Active
52688905,36232612,246316,Savings,2023-03-19,1927.44,Closed
53901322,26692385,126225,Checking,2020-11-15,6373.43,Active
77789197,87582745,356787,Savings,2021-07-13,10805.2,Active
47216654,99229431,388389,Savings,2023-07-20,3481.8,Active
37943311,86241718,207473,Savings,2022-08-12,2703.21,Active
54687759,37489392,809570,Checking,2023-07-20,11270.11,Active
39942164,24508258,207473,Savings,2022-12-04,6303.87,Closed
41613334,16677667,126225,Savings,2023-12-25,444.49,Active
78575639,26272372,216739,Savings,2022-05-07,1022.72,Active
45185047,23591980,671858,Savings,2021-07-06,8518.96,Active
44627995,22061098,877572,Checking,2020-01-02,19864.36,Active
53934108,12330551,334053,Savings,2021-04-03,5939.29,Active
28702749,90483705,877572,Checking,2025-02-26,6495.24,Active
60880926,69441728,876646,Savings,2022-11-06,5569.7,Active
20674593,81817128,334053,Savings,2024-11-12,9930.53,Active
84670499,80388660,246316,Checking,2024-11-28,1828.1,Active
90798118,95909776,877572,Checking,2024-01-05,6578.35,Active
55965734,26930815,334053,Checking,2023-09-13,5178.46,Active
10745899,25588479,334053,Savings,2022-01-17,4277.48,Active
76576813,90808054,809570,Savings,2025-03-31,3034.39,Active
19068973,99701351,216739,Checking,2023-09-21,5798.74,Active
67794991,57065854,809570,Checking,2025-08-24,2441.31,Active
75692080,89569937,809570,Checking,2021-04-14,3385.69,Active
77101104,98808499,671858,Checking,2023-08-19,8519.42,Active
15071282,99905589,388389,Savings,2023-10-28,5701.88,Active
62380105,37129243,770487,Savings,2020-09-28,1374.65,Active
69564466,57404655,877572,Checking,2024-03-23,13007.33,Active
14841910,34589016,876646,Savings,2022-10-03,3272.16,Closed
68483128,41424788,216739,Checking,2022-01-08,7459.98,Active
74905660,85356036,388389,Savings,2022-09-05,4035.43,Active
54884413,83559482,356787,Savings,2023-04-22,4897.65,Active
29063230,13227736,877572,Savings,2023-05-27,14317.17,Active
44693564,24718403,877572,Savings,2025-11-26,2391.77,Active
99809345,10765466,719176,Checking,2025-12-07,5434.06,Active
10254401,26339021,809570,Checking,2020-03-30,2381.11,Active
42989642,13280789,246316,Savings,2025-02-18,6592.51,Active
66156622,60734152,207473,Savings,2025-10-26,859.35,Active
67041358,57464677,809570,Savings,2025-11-03,2170.58,Active
95156305,30757457,388389,Savings,2023-10-04,21689.25,Active
92469330,33235901,809570,Savings,2021-06-06,995.44,Active
87390294,76550163,877572,Checking,2020-10-27,3553.17,Active
95909978,19725451,216739,Checking,2025-01-17,3208.68,Active
78837851,70668770,334053,Savings,2021-05-14,6522.6,Active
48855133,29943076,876646,Savings,2020-05-25,2518.86,Active
36173920,57654926,719176,Checking,2023-12-08,5740.99,Active
54196320,86598529,334053,Savings,2021-07-22,3385.23,Active
58357858,10927070,770487,Savings,2023-08-16,1883.47,Active
94271587,55415535,388389,Checking,2021-12-13,2758.37,Active
24967270,97161477,877572,Savings,2020-02-09,4709.6,Active
60782697,57535503,877572,Savings,2020-01-29,8163.05,Active
45119596,30699565,388389,Savings,2025-01-25,2287.61,Active
41810030,22289232,876646,Savings,2022-03-28,3672.26,Active
62847086,38886122,770487,Checking,2023-07-12,7962.54,Active
25196659,11147952,877572,Savings,2022-09-08,2631.59,Active
98433140,11345889,388389,Savings,2023-05-12,3100.46,Active
39581814,39610000,877572,Checking,2021-12-26,3205.54,Active
59832439,19737536,809570,Savings,2025-04-29,8554.94,Active
82212984,31177314,770487,Savings,2022-09-20,3968.76,Active
19593337,75445168,809570,Savings,2021-11-19,17746.1,Closed
12974200,10187483,809570,Savings,2025-08-25,7546.12,Active
62290043,86082940,719176,Checking,2025-03-22,2562.64,Active
31193209,73176382,191161,Savings,2020-11-26,7021.8,Closed
52918397,93077045,388389,Savings,2020-06-30,8926.94,Active
79984774,96262865,246316,Checking,2021-03-06,2134.33,Active
25622666,23639785,334053,Savings,2020-10-17,8346.18,Active
51902605,67241086,356787,Savings,2020-09-24,3197.78,Active
63207566,84420003,126225,Checking,2023-07-20,4101.16,Closed
27555983,98373640,246316,Savings,2025-11-13,12040.89,Active
27424909,62651319,126225,Checking,2022-04-10,2190.27,Active
39942286,87499021,246316,Savings,2022-01-26,3870.25,Closed
24311954,72666942,388389,Savings,2022-08-01,4904.49,Active
51312788,94060492,388389,Savings,2023-10-12,9621.9,Active
12581019,28066215,191161,Savings,2024-02-18,2423.53,Active
26212509,22922575,770487,Checking,2024-09-07,7764.85,Active
58488991,67966437,207473,Savings,2020-07-29,19421.96,Closed
47839392,78550769,876646,Savings,2024-09-28,6068.22,Active
62093474,39778113,809570,Savings,2021-03-06,1104.4,Active
30046375,71779636,334053,Savings,2024-04-05,17116.94,Active
98203816,17141275,126225,Checking,2022-03-15,5156.69,Active
88537259,43073498,334053,Savings,2025-04-05,30424.85,Active
68745393,39666825,877572,Savings,2020-06-23,4590.04,Active
11925683,37136761,770487,Savings,2023-05-27,14189.95,Active
91453620,16931154,388389,Savings,2021-03-20,33677.28,Active
66091188,94760327,388389,Savings,2020-10-07,1022.85,Active
49412278,99497613,719176,Savings,2021-09-04,3190.08,Active
50002104,42972877,809570,Savings,2021-06-06,4141.48,Active
88242360,45603856,216739,Savings,2023-06-17,17982.06,Active
61470906,90157144,126225,Savings,2024-11-21,2525.4,Active
90142911,32465246,877572,Savings,2021-04-11,14335.21,Active
13400255,26971186,877572,Savings,2022-09-14,4818.69,Active
16709829,20823794,246316,Checking,2020-10-11,3071.5,Active
81492166,16806070,126225,Checking,2025-12-10,2864.07,Active
66058440,75148761,246316,Savings,2024-07-21,13330.15,Active
75593929,96129879,770487,Checking,2023-12-24,7797.38,Active
10090698,74081087,876646,Savings,2022-08-31,3124.9,Closed
22280395,21239102,207473,Checking,2024-01-28,25808.36,Active
13957323,24834428,334053,Savings,2021-02-01,6814.83,Active
98203852,53015526,356787,Savings,2024-07-28,9832.55,Active
58587342,53752963,191161,Checking,2020-07-29,45533.89,Active
82933966,37683563,334053,Checking,2022-06-02,10569.67,Active
40532176,75909702,809570,Checking,2022-12-17,12879.76,Active
39975121,54420400,876646,Savings,2020-10-23,4169.27,Active
31815890,72098694,356787,Checking,2025-05-14,5494.65,Active
17660115,27300390,216739,Savings,2025-05-27,3573.65,Active
70219988,65992782,216739,Savings,2023-07-21,4391.18,Active
72284373,20116892,356787,Savings,2024-04-11,6797.81,Active
14022869,77951960,719176,Savings,2025-04-04,2124.68,Active
87849177,12970946,809570,Savings,2024-01-29,13710.96,Active
78608602,19831649,388389,Savings,2021-10-14,8286.42,Active
92305628,58276118,334053,Savings,2022-02-26,5879.82,Active
94140638,77163720,809570,Checking,2024-06-03,7190.66,Active
44759268,58413856,334053,Checking,2021-06-07,4508.48,Active
63994084,24873566,334053,Checking,2023-04-11,1363.15,Active
39418084,25432554,216739,Checking,2020-08-17,1213.7,Active
96336102,20846182,334053,Checking,2022-07-24,2737.82,Active
90470634,11568110,770487,Checking,2021-04-14,15686.86,Active
78248170,72912509,877572,Savings,2025-10-21,2010.92,Active
11499757,24585141,719176,Savings,2021-09-18,3036.49,Active
16808176,62479024,388389,Savings,2023-11-17,34610.56,Active
83753201,86857104,207473,Checking,2025-10-08,3674.14,Active
95877362,62647788,872246,Savings,2025-11-03,629.65,Closed
50362608,83874729,877572,Checking,2025-04-01,3480.07,Active
53901552,84081712,216739,Savings,2021-09-30,2530.63,Active
14153978,35687763,809570,Savings,2024-11-01,4312.32,Active
10713339,18301201,207473,Savings,2024-10-23,5694.38,Active
70383872,90940302,388389,Checking,2022-10-03,31577.16,Active
64452866,43328870,126225,Savings,2021-08-11,5877.64,Active
39123202,69415979,356787,Savings,2020-08-08,2897.02,Active
30767364,95625725,876646,Savings,2023-02-05,3401.62,Active
97384713,30110622,388389,Checking,2021-07-05,3669.6,Active
13564169,14879004,246316,Savings,2020-09-27,11462.37,Active
19560718,58853523,388389,Savings,2021-11-17,13164.66,Active
90732818,48587692,719176,Savings,2020-03-17,2302.91,Active
75036948,61741869,356787,Savings,2023-08-22,5207.38,Active
91453721,93356597,872246,Checking,2020-06-01,2396.58,Closed
69007642,34098958,876646,Savings,2024-09-28,3184.53,Active
44366107,42098427,356787,Savings,2022-07-17,7972.55,Active
67500316,87723491,246316,Checking,2024-01-05,7357.07,Active
94927134,39145284,809570,Checking,2020-09-24,2961.83,Active
69990687,85923366,876646,Checking,2025-08-26,24312.4,Active
71727394,38594436,246316,Savings,2022-04-27,8925.36,Active
68647203,10336935,872246,Savings,2024-08-21,12958.71,Active
98662694,58844907,809570,Checking,2020-05-07,4921.18,Active
42629414,42000992,770487,Savings,2020-09-02,5688.27,Active
28473642,75605654,719176,Checking,2022-09-30,8669.13,Active
11270443,15565428,671858,Savings,2023-11-03,5850.68,Active
97679658,54218086,356787,Savings,2021-02-22,9363.52,Active
95090989,50508178,719176,Checking,2023-03-04,10822.27,Active
49641773,21038736,719176,Savings,2021-11-25,1506.39,Active
18970926,85908907,216739,Savings,2020-11-11,5341.29,Active
18282800,52980007,388389,Savings,2024-02-02,2129.61,Active
65698096,72630385,876646,Savings,2023-10-22,2065.27,Active
80509234,99393215,388389,Savings,2022-05-10,11158.27,Active
88406318,60791799,191161,Checking,2024-07-01,7251.28,Active
35879220,29350536,388389,Savings,2020-03-18,11811.41,Active
52328756,60438069,876646,Savings,2023-09-21,5125.8,Active
21887286,52461787,216739,Savings,2021-01-22,4882.47,Active
16775479,70821675,809570,Checking,2024-05-27,8306.36,Active
72579384,28254014,388389,Savings,2023-03-06,10415.91,Active
65599802,58838377,671858,Savings,2025-12-24,2512.66,Active
47905084,98522598,246316,Savings,2023-04-21,7092.24,Active
83327293,75728717,388389,Savings,2023-05-21,3499.76,Active
75954494,63738922,191161,Savings,2024-09-30,3507.95,Active
54982975,71207189,388389,Checking,2023-09-05,10000.42,Active
65894720,90187796,877572,Savings,2021-02-14,6040.26,Active
40139076,56518542,719176,Checking,2023-08-11,5220.18,Active
67565893,65687743,388389,Savings,2021-05-27,1120.65,Active
28604744,56895356,334053,Savings,2024-09-03,3579.86,Active
83327306,86010158,809570,Checking,2023-04-20,8139.0,Active
44955979,58149856,216739,Savings,2022-07-23,10565.9,Active
67369293,46162597,877572,Checking,2024-08-13,4378.9,Active
35191117,14806688,719176,Savings,2020-09-25,3948.87,Active
32799053,37448798,876646,Checking,2020-02-11,1608.92,Active
95025488,85886368,770487,Checking,2023-04-12,3010.03,Active
47282515,28134771,246316,Savings,2025-09-08,4437.81,Active
40794451,55320630,876646,Savings,2020-08-05,5785.52,Active
22116693,87971078,388389,Savings,2022-06-14,9114.38,Active
75594075,81390006,671858,Savings,2020-11-08,10363.76,Active
48986459,20778040,809570,Savings,2025-07-16,1276.46,Active
77625693,56905425,191161,Savings,2023-02-16,5266.89,Active
20347228,83828623,388389,Savings,2024-01-04,3927.05,Active
42236255,49075648,334053,Savings,2022-04-02,6169.3,Active
31947109,32533376,872246,Savings,2020-09-08,6623.62,Active
60782951,86621601,877572,Savings,2023-05-15,1732.04,Active
43972968,86049839,334053,Checking,2022-07-13,33840.62,Active
76347755,37810769,356787,Savings,2020-12-13,7328.23,Active
57244013,56104604,809570,Savings,2020-08-03,2375.13,Closed
74742125,17320599,809570,Savings,2024-07-21,3589.88,Active
46758260,43495499,877572,Savings,2023-12-28,1921.06,Active
98269556,49642117,246316,Savings,2025-01-16,4453.73,Active
76740984,57778960,356787,Savings,2024-09-11,5027.32,Active
33978746,56132261,246316,Checking,2025-12-06,8283.15,Active
90569084,52426064,207473,Savings,2020-06-16,3525.39,Active
43186557,64708663,671858,Savings,2020-09-09,47267.77,Active
41089411,51899078,246316,Savings,2020-12-07,2839.22,Active
37484932,53524373,388389,Savings,2025-11-12,3160.01,Active
12056964,72757426,671858,Checking,2020-05-08,5033.73,Active
33913222,86554615,809570,Checking,2025-12-19,2653.18,Active
53213576,18920307,876646,Savings,2024-09-04,10391.4,Active
83589513,93125218,671858,Savings,2020-02-25,2018.47,Active
44235150,90951928,876646,Checking,2020-07-05,8761.62,Active
45840783,55271240,719176,Savings,2024-06-16,4269.31,Active
22509969,10043447,671858,Checking,2022-11-19,26649.15,Active
24738194,87840684,671858,Savings,2021-01-10,2713.49,Active
57407891,15119205,334053,Savings,2020-07-23,17149.48,Active
45152657,63096404,216739,Savings,2020-12-15,6219.92,Active
89553297,17429594,216739,Savings,2022-02-24,8477.41,Active
25033108,71549514,334053,Checking,2020-05-08,1361.66,Active
83655063,97166075,356787,Savings,2022-05-15,4720.33,Active
71793048,35460131,388389,Savings,2024-10-19,4253.49,Active
36829597,64447074,719176,Checking,2025-06-07,10766.66,Active
33356193,35490427,809570,Savings,2025-11-25,3643.6,Active
93321634,93708413,877572,Checking,2021-12-31,22949.16,Active
44366243,14687171,877572,Savings,2021-07-17,4230.43,Active
66812324,34362552,876646,Checking,2024-09-24,862.12,Active
62519713,41695525,216739,Savings,2023-06-17,3806.52,Active
71793066,14844793,207473,Savings,2025-04-23,5795.21,Active
92600750,31588096,388389,Savings,2024-06-09,8414.39,Active
75463086,32879207,334053,Checking,2024-08-21,4407.41,Active
60127664,21347238,216739,Savings,2021-06-18,37670.53,Active
52558257,72220765,719176,Checking,2021-05-31,7330.37,Active
19626418,77413355,207473,Savings,2021-04-10,3491.88,Active
41318832,72473285,216739,Savings,2025-12-02,2649.65,Active
65534389,94952013,671858,Checking,2024-06-25,17990.8,Active
69401015,50876216,388389,Savings,2023-03-12,4236.87,Active
52623801,66299666,671858,Checking,2025-05-01,7948.68,Active
57997753,55305628,334053,Checking,2024-09-18,13729.52,Active
62028219,66809428,877572,Savings,2022-08-23,3303.65,Active
36829628,40542047,216739,Checking,2023-04-19,3709.58,Active
43907517,53623780,388389,Checking,2023-02-11,17821.77,Active
70351294,74830809,809570,Savings,2024-04-01,2020.49,Active
15530429,23793787,191161,Savings,2020-05-22,9771.76,Active
17660349,75365936,719176,Savings,2025-04-12,15338.5,Active
11565505,58422861,809570,Savings,2025-05-02,3464.49,Active
97647044,43370067,770487,Savings,2024-12-10,17061.6,Active
40008133,72016809,334053,Checking,2025-02-20,5214.75,Active
55278020,87361531,216739,Savings,2024-10-18,3154.18,Active
13597126,36349479,334053,Savings,2023-10-01,2689.92,Active
72972746,10822748,719176,Savings,2025-09-02,12768.47,Active
78281165,51058368,246316,Savings,2020-06-25,3840.52,Active
32242129,48385817,809570,Savings,2021-09-11,5737.93,Active
96270804,72456068,809570,Checking,2025-07-30,6788.94,Active
71563737,36284346,246316,Savings,2025-03-21,1153.33,Active
75528667,62368350,809570,Savings,2020-06-12,4558.5,Active
90503644,48639267,876646,Savings,2023-08-18,11708.25,Closed
30996957,55366754,877572,Checking,2020-07-30,1631.13,Closed
12122589,63540735,334053,Savings,2024-05-10,3355.33,Active
93583837,39686286,671858,Checking,2024-03-12,4672.63,Active
24148445,65065698,876646,Savings,2024-01-07,5321.93,Active
75463132,22691278,388389,Checking,2023-12-10,5959.17,Active
77724130,70387538,334053,Checking,2023-05-13,8485.36,Closed
21428703,57350485,216739,Savings,2025-04-14,14544.54,Active
38959590,22865988,246316,Checking,2022-03-22,8845.69,Active
31717865,79656698,216739,Checking,2020-01-13,4324.35,Active
82115051,65460471,388389,Savings,2020-09-08,5546.81,Active
62192108,93548795,126225,Checking,2025-10-19,12878.77,Active
17791469,61387450,334053,Savings,2025-05-01,6907.09,Active
32602604,73424553,388389,Savings,2024-02-16,9620.63,Active
74611183,35385501,719176,Savings,2025-09-23,6685.79,Active
73169394,82612653,809570,Savings,2020-01-12,3788.96,Active
79165942,12133134,388389,Savings,2021-04-03,1482.09,Active
85260791,67361937,719176,Savings,2021-05-04,3266.75,Active
12417530,67864579,872246,Checking,2021-07-10,6292.77,Active
49314303,37467964,216739,Checking,2023-01-23,4112.7,Active
55671297,35960560,719176,Savings,2020-09-12,3737.49,Active
82409988,24633723,388389,Savings,2025-06-15,3374.35,Active
87161350,83197932,388389,Savings,2025-12-06,6478.17,Active
52918791,86347875,126225,Savings,2022-03-18,7917.96,Active
40598024,46804875,126225,Checking,2025-11-16,2796.49,Active
64190989,72318334,872246,Savings,2022-05-26,5217.67,Active
81230352,55844895,126225,Savings,2021-04-10,10083.32,Active
20445712,87554156,876646,Checking,2020-01-05,18803.26,Active
70646296,31093658,719176,Checking,2020-03-17,12222.83,Active
41974298,38923078,216739,Savings,2022-05-19,8688.79,Active
57506330,11541456,207473,Savings,2023-03-09,3368.61,Active
31947291,32875453,770487,Savings,2022-08-01,6697.73,Active
45283872,23649802,334053,Savings,2023-01-06,11679.27,Active
18676259,30404292,388389,Checking,2021-01-22,2445.18,Closed
89029155,30165688,216739,Savings,2025-02-01,2029.97,Active
60553766,78223341,356787,Savings,2024-04-01,6112.17,Active
32111144,39071308,191161,Savings,2021-03-19,1298.61,Active
67959337,14399274,719176,Checking,2024-07-05,3364.99,Active
32504363,37010823,719176,Savings,2023-02-02,2920.89,Active
80050732,28267454,719176,Savings,2021-04-23,7215.94,Active
95713837,41019187,216739,Savings,2021-08-31,3694.8,Active
40237614,30785579,207473,Savings,2020-08-31,5376.19,Active
12778038,79666060,877572,Savings,2022-12-19,2991.97,Active
55835191,30030929,388389,Savings,2023-04-01,6348.78,Active
82999864,38746200,126225,Savings,2021-10-05,4736.21,Active
14481977,55719517,671858,Savings,2024-12-10,1881.3,Active
34667066,82270877,334053,Savings,2021-06-03,6309.3,Active
46889531,79999514,877572,Savings,2020-04-12,6692.24,Active
93616696,76993101,388389,Savings,2022-04-28,10457.54,Active
75659837,10943881,719176,Checking,2021-07-11,9362.7,Active
26081861,31987097,246316,Savings,2020-06-05,11394.81,Active
16349767,54470247,334053,Savings,2020-08-05,3809.91,Active
27818576,36505045,334053,Checking,2021-04-13,7555.5,Active
43219536,45736828,719176,Savings,2025-02-25,1625.4,Active
40467024,92688042,877572,Savings,2021-06-20,1016.86,Active
79395409,39068348,671858,Checking,2025-11-01,2224.01,Active
62421588,49730869,876646,Savings,2022-06-17,923.48,Active
92666451,40087822,388389,Savings,2023-04-01,6895.98,Active
42728022,92332317,809570,Checking,2025-04-26,6095.68,Active
37583447,81634077,388389,Checking,2022-08-07,1288.79,Active
41581142,99746901,770487,Savings,2022-11-04,17151.83,Active
78903890,87099880,719176,Savings,2020-12-25,5575.56,Active
14350940,63555221,334053,Savings,2021-04-14,1515.69,Active
58391134,84294692,126225,Savings,2022-01-14,14824.26,Active
42760801,27347145,877572,Savings,2024-05-16,2627.59,Active
63404642,99400361,356787,Savings,2025-10-25,6849.62,Active
58260067,91136076,216739,Savings,2022-07-26,6772.66,Active
91781731,99068407,809570,Checking,2022-07-03,1631.14,Active
83458659,87200361,877572,Savings,2025-09-05,16745.8,Active
34634338,15943124,246316,Savings,2020-03-04,48678.0,Active
60127847,20116838,876646,Checking,2025-07-08,1998.27,Active
71498351,26215399,246316,Savings,2025-08-12,7138.16,Active
34667121,99784822,719176,Checking,2025-01-13,6574.29,Active
89324145,90474851,872246,Savings,2021-10-13,6228.15,Active
67009139,21044911,809570,Savings,2023-12-18,29598.1,Active
94370425,18380663,356787,Checking,2020-12-02,6123.76,Active
78150266,89515107,191161,Savings,2025-11-03,7852.52,Active
30145147,80868705,334053,Savings,2024-02-17,13061.61,Active
78477949,91426000,770487,Checking,2022-04-17,25944.03,Active
96205440,30481130,334053,Savings,2022-02-24,2774.97,Active
24902277,12842173,388389,Savings,2024-12-02,4267.47,Closed
10549895,29248456,388389,Checking,2020-06-11,6883.57,Active
16513672,10658013,207473,Checking,2025-05-16,2500.53,Active
67664523,12278921,216739,Savings,2020-09-19,13089.49,Active
39811724,86268457,216739,Savings,2023-11-27,5581.88,Active
76348045,61935044,809570,Savings,2023-12-19,1964.34,Closed
51739277,58631981,876646,Savings,2020-11-22,4564.03,Active
95058581,46217502,719176,Savings,2023-09-17,2006.97,Active
32864924,99520907,388389,Savings,2025-06-04,3785.06,Active
25721500,10367806,216739,Savings,2025-08-17,767.37,Closed
33684129,19377895,334053,Checking,2020-10-10,10957.41,Active
77626018,88953537,876646,Savings,2023-04-18,3281.29,Active
63568546,11033963,809570,Checking,2022-01-31,2160.44,Active
94108331,19297424,809570,Checking,2021-07-31,4374.49,Active
75332271,46358944,216739,Savings,2020-11-27,14822.71,Active
98794161,23717972,872246,Savings,2025-09-23,8832.24,Active
17038002,82629713,334053,Checking,2021-12-13,27445.45,Active
97581747,65984977,216739,Savings,2024-06-07,1485.88,Active
37780148,92978451,388389,Savings,2022-04-30,1431.96,Active
19135154,61452592,356787,Savings,2022-05-29,3991.89,Active
93387447,80935218,334053,Savings,2025-11-07,21428.82,Active
69565113,93561987,671858,Savings,2020-09-21,10082.49,Active
18381497,98268023,671858,Savings,2024-10-04,10612.73,Active
71105212,21794480,216739,Savings,2020-06-12,2032.44,Active
82737855,10883622,216739,Checking,2025-03-05,3572.17,Active
19561156,63642615,126225,Savings,2020-03-23,3590.92,Active
74578630,47583627,719176,Savings,2025-03-29,7112.24,Active
31619784,69090438,246316,Savings,2023-12-13,10115.57,Closed
90897097,99742868,809570,Checking,2021-09-25,4935.44,Active
90962635,54193479,809570,Checking,2020-11-18,1864.17,Active
77527756,22262898,872246,Savings,2020-09-14,2603.71,Active
48954067,50296404,876646,Checking,2020-03-19,8782.41,Active
86506195,68618675,876646,Checking,2024-01-01,17394.68,Active
50592467,40861425,719176,Savings,2025-09-18,7609.88,Active
45087446,28698551,207473,Checking,2023-12-12,3350.42,Active
80902870,52028231,246316,Checking,2025-04-20,2860.7,Active
67140312,94665098,246316,Savings,2023-03-21,3807.49,Active
26311385,94284505,246316,Checking,2020-12-17,19166.29,Active
24214231,53704248,191161,Savings,2020-06-04,2991.28,Active
36502236,21210481,216739,Checking,2025-11-28,2290.33,Active
76315359,19164814,246316,Savings,2020-08-25,3369.43,Active
83983072,84791051,671858,Savings,2024-12-08,5554.16,Active
19987171,50599083,877572,Checking,2022-12-12,3584.57,Active
49674981,65680314,246316,Checking,2020-12-13,3373.38,Active
88668903,98862110,877572,Checking,2023-12-06,7537.9,Active
72088297,65534969,877572,Savings,2022-02-15,1502.68,Closed
39123689,63037683,334053,Savings,2024-01-16,3282.11,Active
63273710,57755049,191161,Checking,2021-10-18,4386.55,Active
99416819,89778219,719176,Savings,2024-05-06,7162.0,Closed
10287861,45564566,877572,Checking,2020-03-25,2841.23,Active
90241782,39552770,809570,Checking,2025-01-31,1586.91,Active
37812984,57911413,246316,Savings,2021-09-07,7765.25,Active
92437241,78651531,246316,Savings,2025-12-10,45352.75,Active
38107900,49490719,877572,Savings,2022-11-15,4358.45,Active
34339581,95453300,770487,Savings,2021-09-12,7147.73,Active
91323134,71696480,876646,Savings,2021-06-17,4490.05,Active
91028224,38592239,388389,Savings,2022-03-31,3404.93,Active
98564865,66385000,246316,Checking,2024-03-12,8654.94,Closed
38337282,93035050,246316,Savings,2024-04-11,3829.18,Active
64125698,39044596,216739,Savings,2022-11-21,2089.04,Active
97811204,85311312,388389,Checking,2025-05-29,5076.43,Active
59865857,50661973,809570,Savings,2020-01-07,1578.28,Active
25721603,99571805,770487,Savings,2023-03-23,11184.62,Active
72383239,27109366,207473,Savings,2024-01-19,10438.58,Active
20970240,51705779,876646,Savings,2023-05-29,13199.62,Active
26213131,17115675,356787,Savings,2024-11-16,1829.76,Active
57506572,82885657,388389,Savings,2024-08-01,4972.22,Active
20740878,55703940,809570,Savings,2024-04-18,36760.88,Active
13269775,57559274,876646,Checking,2020-06-15,1549.01,Active
90372883,84815145,719176,Checking,2021-06-30,3265.05,Active
58063636,75513822,207473,Savings,2024-07-09,4860.05,Active
47872791,58096956,876646,Checking,2020-03-19,3211.51,Active
28441367,89415644,207473,Checking,2024-08-29,3355.05,Active
78019354,33339154,719176,Savings,2025-11-20,3580.68,Active
52034331,92115925,809570,Savings,2021-08-24,1479.0,Active
10976029,21784695,191161,Savings,2021-04-06,1883.36,Active
84867870,15300565,719176,Savings,2020-06-15,3008.52,Active
99875616,86868659,388389,Savings,2025-10-24,294.48,Active
29850402,97021537,334053,Savings,2021-12-08,1846.75,Active
49904419,89085617,207473,Savings,2022-11-06,5059.27,Active
74349348,64140124,388389,Savings,2022-05-18,3161.5,Active
70646564,52826881,246316,Checking,2023-08-23,2119.23,Active
96238373,75232435,334053,Checking,2022-07-05,4205.23,Active
33717032,37496608,246316,Savings,2020-08-21,3869.32,Active
44858154,52805286,872246,Savings,2022-08-05,8638.02,Active
85949228,76431561,246316,Checking,2024-07-04,5952.6,Active
67369773,50174547,877572,Checking,2020-03-12,4251.13,Active
39811889,68535379,334053,Checking,2021-11-20,1890.15,Active
22870839,36133972,671858,Savings,2023-05-24,4233.03,Active
68320056,11131880,877572,Savings,2021-10-16,916.4,Active
70187833,28531757,216739,Checking,2024-06-25,29964.07,Active
32111418,45607778,809570,Checking,2025-11-06,1201.24,Active
33946424,90160480,126225,Checking,2025-05-05,5339.12,Active
79362876,10587760,191161,Checking,2024-06-23,3275.44,Active
87948087,72811761,207473,Savings,2021-04-29,4459.91,Active
46627646,75100177,334053,Savings,2022-03-16,5489.1,Active
99089209,20026524,246316,Savings,2025-11-06,1953.56,Active
62323514,88837549,671858,Savings,2025-01-22,9018.46,Active
97024833,43260898,216739,Checking,2024-04-21,10486.45,Active
10648385,73859894,872246,Checking,2025-09-28,3900.07,Active
55409476,61637158,809570,Savings,2021-02-15,8458.69,Active
14973767,14430199,872246,Savings,2025-03-09,23913.57,Active
95746891,63724544,126225,Checking,2021-09-22,7190.65,Closed
76249931,85829234,356787,Savings,2023-08-21,7059.55,Active
69434188,29136082,877572,Checking,2025-11-22,1118.46,Closed
73562958,97189880,246316,Savings,2021-05-08,10465.51,Active
49216335,66964702,246316,Savings,2025-03-17,3719.25,Active
60980053,76550843,356787,Savings,2021-05-27,10585.24,Active
51542870,69113227,334053,Savings,2022-09-23,6140.78,Active
20511576,19499463,770487,Savings,2022-11-22,1611.38,Active
85097306,45643561,872246,Savings,2022-08-06,3927.23,Active
26245985,39316293,388389,Savings,2024-05-06,13801.92,Active
27753316,43453059,388389,Savings,2020-10-12,77315.56,Active
61799273,84070461,356787,Checking,2023-12-16,2229.4,Active
94731113,43252591,877572,Savings,2022-06-07,1281.97,Active
94337897,63227723,246316,Checking,2022-01-24,4833.08,Active
15334252,56332924,719176,Checking,2023-06-21,6253.14,Active
75889517,28547302,809570,Savings,2020-06-27,8404.8,Active
35060593,14171405,876646,Savings,2023-10-26,12361.77,Active
51673970,60862538,872246,Savings,2025-04-29,7505.04,Active
24181622,26638686,207473,Savings,2025-03-26,2507.1,Active
81197944,17259175,388389,Savings,2021-01-24,6897.77,Active
45939576,66442238,334053,Savings,2022-09-24,1743.47,Active
37485434,97114415,872246,Savings,2024-12-14,1312.01,Active
55278459,10938593,334053,Savings,2023-11-07,14863.94,Active
43088765,17813506,876646,Savings,2020-08-31,12473.68,Active
70712191,89173618,334053,Checking,2025-12-08,746.99,Active
37911427,97067062,770487,Savings,2021-07-02,14600.82,Active
77003652,83280457,388389,Checking,2022-10-01,5728.64,Active
95910790,55698489,719176,Savings,2024-12-17,12697.68,Active
88963975,22870422,872246,Savings,2025-01-03,1096.22,Active
99580808,17357022,388389,Checking,2020-04-26,2857.4,Active
87391113,46884896,872246,Savings,2022-05-09,2650.93,Active
80509833,93730015,207473,Checking,2022-03-01,4115.73,Active
47774607,89444972,334053,Checking,2022-06-13,5437.39,Active
84114323,95492598,877572,Savings,2025-01-10,694.01,Active
15465365,93215525,719176,Savings,2020-01-09,3058.66,Active
77364118,53849327,388389,Checking,2021-12-17,3191.43,Active
51280790,60961074,877572,Checking,2025-05-09,2774.66,Active
96566171,10644042,246316,Savings,2023-09-26,3817.32,Active
54131612,25776356,216739,Savings,2024-06-05,38965.14,Active
82410397,14303988,719176,Savings,2025-06-11,4504.77,Active
56589213,41067928,872246,Checking,2022-02-23,1180.5,Active
57736091,91195046,126225,Checking,2025-11-10,8933.6,Active
97942432,87087174,216739,Savings,2025-10-12,11090.81,Active
52460451,24919249,334053,Checking,2024-07-08,9277.02,Active
31325094,30183757,388389,Checking,2024-12-16,2573.88,Active
61012903,39355901,356787,Savings,2023-10-09,13687.14,Closed
65338281,98023025,216739,Savings,2022-01-02,8333.02,Active
79657898,51189400,126225,Savings,2023-07-10,9966.43,Active
10386349,43485397,207473,Savings,2022-06-28,7493.12,Active
28113838,20924873,770487,Checking,2022-02-01,11953.2,Active
41057204,26849576,872246,Savings,2022-01-10,5487.06,Active
37747638,71822279,877572,Checking,2025-09-12,6966.87,Active
99351479,42675873,872246,Savings,2024-11-18,3519.46,Active
16776120,56833358,770487,Savings,2024-07-10,3452.06,Active
15793084,86687558,809570,Savings,2020-07-27,22673.35,Active
82148285,27662714,809570,Savings,2021-05-23,3100.76,Active
45251517,77624665,388389,Savings,2024-02-25,3774.35,Active
40664005,29777543,719176,Checking,2022-08-09,3589.98,Active
46431173,38438367,876646,Checking,2022-03-15,6585.95,Active
41974726,86535615,809570,Savings,2023-03-04,1339.56,Active
53377992,97932551,126225,Savings,2020-07-04,2437.0,Active
27524041,53265342,216739,Savings,2022-04-22,4104.37,Active
74021834,96244314,719176,Checking,2022-12-24,5333.08,Active
49707978,20501313,207473,Savings,2025-06-17,1653.19,Active
17562566,25955956,388389,Savings,2023-09-28,7160.67,Active
80739279,18281633,334053,Savings,2020-06-17,2806.19,Active
59472852,16877537,216739,Savings,2025-06-16,5442.83,Active
23165908,30058642,216739,Savings,2021-03-19,12933.95,Active
37321684,28554878,388389,Checking,2021-12-08,5902.89,Active
73595863,22380473,876646,Savings,2022-08-28,8281.79,Active
90110935,89035184,191161,Savings,2022-07-30,1841.39,Active
73726936,68598223,877572,Checking,2020-10-29,1227.9,Active
30178266,16314940,719176,Checking,2025-10-18,11071.76,Active
35945431,93949472,388389,Savings,2021-07-22,19558.28,Active
71924700,34365090,334053,Savings,2021-01-17,17169.03,Closed
28998621,26711711,876646,Checking,2020-04-11,1960.88,Active
72743902,54307617,770487,Checking,2023-08-03,2885.92,Active
96599006,91282269,876646,Savings,2020-11-19,812.72,Active
98663392,62678885,877572,Savings,2020-08-07,2307.56,Active
61799392,92243450,809570,Savings,2022-01-19,4399.24,Active
90536930,81625830,388389,Savings,2021-04-13,7092.14,Active
65207272,22054396,872246,Checking,2020-09-13,5234.39,Active
92011499,46920106,334053,Savings,2021-05-23,11761.78,Active
80870380,91839237,719176,Savings,2023-02-17,11323.38,Active
77790188,49444065,216739,Savings,2023-07-01,4884.38,Active
10779628,82496804,334053,Savings,2022-10-26,9275.12,Active
95943665,76791660,246316,Savings,2020-06-21,5131.26,Active
60619769,61719617,334053,Checking,2023-04-09,13002.89,Active
93682683,56071537,770487,Savings,2020-02-08,15581.86,Active
41548797,76372813,388389,Checking,2025-02-01,6263.99,Active
11533311,26755738,388389,Checking,2020-04-12,7112.35,Active
52001792,42592736,334053,Checking,2022-10-06,7161.01,Active
67927040,69241121,876646,Savings,2023-09-24,3909.55,Active
22346755,97804396,126225,Savings,2025-12-01,15111.35,Active
10812419,91578288,809570,Savings,2022-04-05,1125.66,Active
30964740,75407960,809570,Savings,2020-09-12,6008.99,Active
69041161,33126099,809570,Savings,2020-03-28,8271.19,Closed
59472907,17199117,877572,Savings,2020-12-15,4804.22,Active
22674446,38811729,671858,Savings,2021-03-27,3232.38,Active
98401294,55149499,216739,Savings,2021-08-07,13668.02,Closed
95288336,54823092,388389,Savings,2023-11-03,1496.94,Active
57736211,80456417,671858,Savings,2025-01-10,9578.39,Active
53312532,33163546,216739,Savings,2025-01-08,3545.68,Active
78412821,84385280,216739,Checking,2020-01-24,1474.29,Active
30342167,37156596,388389,Savings,2023-11-05,6040.15,Active
41810973,41164601,388389,Checking,2025-03-07,1610.21,Active
52296734,29804555,246316,Savings,2025-11-01,1897.19,Active
85392415,39143166,770487,Checking,2024-04-02,4087.8,Active
27884579,29013227,719176,Savings,2022-02-11,13031.12,Active
95714340,43686408,356787,Checking,2022-12-24,11921.64,Active
47152167,27089237,809570,Savings,2020-07-04,6716.97,Active
30964776,13456913,216739,Checking,2022-03-03,8608.86,Active
10452009,69239936,216739,Savings,2024-08-08,8992.97,Active
24607786,91513680,809570,Checking,2020-02-22,1805.85,Active
14875690,37916520,719176,Savings,2020-08-12,24817.09,Active
82410540,22910752,191161,Savings,2021-08-19,2912.9,Active
38599722,42977898,809570,Savings,2022-12-29,1276.46,Active
54492207,78251798,877572,Savings,2020-04-28,1067.43,Active
73727025,30420799,246316,Savings,2021-07-16,679.45,Active
66124851,54997564,877572,Savings,2023-12-22,2198.45,Active
76643379,74879943,809570,Checking,2020-09-03,3611.96,Active
18775093,38258484,126225,Savings,2020-11-13,3185.67,Active
69467193,90314481,216739,Savings,2022-12-29,3526.75,Active
48790592,15800202,207473,Checking,2022-12-06,2204.75,Active
35814466,70002897,191161,Savings,2022-09-05,7100.51,Active
86113349,68643668,216739,Checking,2021-03-27,8976.47,Active
76184649,11252986,207473,Savings,2025-01-10,7398.14,Closed
84048974,80051422,877572,Savings,2025-04-08,657.27,Active
50756686,67535984,334053,Savings,2023-01-22,6163.99,Active
74447952,77731767,216739,Checking,2020-01-23,3728.77,Active
90537047,43495416,388389,Checking,2021-12-29,3034.4,Active
67042394,89677961,207473,Savings,2024-11-27,15859.02,Active
45087836,60995022,126225,Savings,2023-02-16,8195.45,Active
92470366,30674632,356787,Checking,2020-03-17,1236.49,Active
67304551,48949068,216739,Savings,2025-09-07,14514.62,Active
25197672,91023619,876646,Savings,2025-10-25,1981.76,Closed
79461481,30230087,207473,Savings,2020-12-10,3220.31,Active
57408620,45343294,876646,Checking,2024-07-12,4321.28,Active
32898157,17273282,126225,Savings,2020-09-05,1147.78,Active
53804142,48146483,877572,Savings,2023-03-19,3637.21,Active
96599160,14366461,671858,Savings,2020-09-05,1685.38,Active
58752121,20174070,216739,Checking,2020-01-31,3705.85,Active
38567033,65446571,872246,Savings,2025-04-05,9088.13,Active
64552059,85538523,126225,Savings,2020-07-20,27160.84,Active
80772219,68252389,877572,Savings,2020-06-13,23048.47,Closed
71138426,31489284,877572,Savings,2022-01-18,2051.98,Active
26868858,81098507,877572,Savings,2023-08-02,36007.85,Active
41909375,95400258,207473,Checking,2022-02-04,2293.57,Active
69827712,35340580,207473,Savings,2023-07-22,1509.88,Active
73727107,11744307,334053,Savings,2021-12-13,4153.09,Active
27753605,65171529,246316,Savings,2024-12-18,3201.61,Active
69893254,65102361,877572,Savings,2021-08-12,2523.59,Active
68877449,15452137,770487,Savings,2023-05-10,2585.46,Active
38141066,32845907,216739,Checking,2024-07-06,12755.23,Active
87719053,57412713,809570,Savings,2023-04-29,4551.73,Active
15105170,91018177,809570,Checking,2022-12-16,2384.3,Active
28933267,13912210,216739,Checking,2025-04-06,1324.63,Active
16153748,84110196,671858,Savings,2024-08-01,2006.84,Active
85654679,65542271,334053,Savings,2020-07-06,3309.66,Active
89226395,33304838,719176,Savings,2024-06-13,4778.88,Active
40107165,70240079,877572,Savings,2020-02-03,6633.93,Active
87653536,76937021,876646,Savings,2024-03-28,5090.75,Active
28146851,74553293,877572,Checking,2020-05-31,8019.7,Active
48168100,42418399,876646,Checking,2025-09-21,4217.03,Active
39976107,80189736,334053,Savings,2022-07-26,6162.45,Active
11795630,53514748,671858,Savings,2023-03-24,2076.87,Active
26639535,32007060,334053,Savings,2020-01-07,8797.18,Active
79789230,56297382,719176,Savings,2024-12-11,7016.16,Active
65830065,38634020,246316,Savings,2025-12-29,13271.18,Active
74349747,45134226,216739,Savings,2024-11-17,14857.53,Active
34405556,13107939,872246,Savings,2024-01-05,48740.4,Active
81001657,46523595,719176,Savings,2025-11-07,20841.48,Active
21101754,21116191,388389,Savings,2021-02-03,6944.73,Active
91847869,27876969,356787,Checking,2025-10-23,17943.01,Closed
48594110,98083206,388389,Savings,2020-10-08,23784.38,Active
89554114,43743082,334053,Checking,2025-03-05,3018.88,Active
86899906,55855668,770487,Checking,2022-07-27,1999.85,Active
62192839,58104033,809570,Savings,2025-04-30,1214.97,Closed
44858568,18690503,877572,Savings,2022-09-17,4701.54,Active
56261832,43973071,334053,Checking,2022-11-05,1890.49,Closed
54656200,62707754,770487,Savings,2024-03-06,26283.85,Active
46169295,35011193,877572,Savings,2021-06-23,766.49,Active
31423696,47890884,216739,Checking,2022-03-31,3093.33,Active
44367066,54674041,719176,Checking,2025-09-07,14159.08,Active
51379419,68873168,388389,Savings,2022-09-15,5641.35,Active
64158939,69098537,246316,Checking,2020-08-13,10378.85,Active
27720923,47137108,334053,Checking,2024-08-30,1959.91,Active
49773791,80410475,126225,Savings,2025-01-30,1352.65,Active
70384869,46415941,872246,Savings,2022-12-28,8830.19,Active
29555941,77396777,388389,Savings,2023-11-26,7808.39,Active
45710565,54417200,356787,Savings,2021-09-03,9689.61,Active
48561388,99446070,809570,Savings,2023-05-12,4466.37,Active
16383215,48183458,719176,Savings,2020-07-04,23766.82,Active
41614577,35664238,207473,Savings,2022-07-17,5890.33,Active
99319029,63567083,877572,Checking,2022-05-21,9936.48,Active
33684726,70420361,809570,Checking,2025-04-12,7491.77,Closed
20446456,99553066,246316,Savings,2021-01-12,817.01,Active
61504761,83927501,388389,Savings,2021-06-10,7729.39,Active
93682936,15419287,334053,Savings,2020-02-11,9226.73,Active
83688700,27301884,877572,Savings,2024-10-28,11953.09,Active
51117308,58732264,719176,Savings,2021-03-19,2672.09,Active
99941632,96086459,216739,Savings,2025-12-21,12160.17,Active
61144320,98144846,334053,Checking,2022-01-09,1599.35,Active
73628928,83362808,126225,Savings,2025-05-19,6756.18,Active
94567684,34217029,809570,Savings,2023-02-17,2952.39,Active
77921544,20492341,356787,Checking,2021-03-24,1615.29,Active
81788169,86072670,207473,Checking,2025-02-04,2009.05,Active
69467403,73154539,388389,Savings,2021-08-24,13346.29,Active
47414539,44183851,207473,Savings,2023-10-20,12954.01,Active
24050955,65542934,809570,Savings,2020-11-24,2896.99,Active
34340108,62414915,216739,Savings,2020-04-22,4256.74,Active
41123094,18997633,356787,Savings,2025-03-18,1505.79,Closed
32701719,24738667,388389,Savings,2024-04-11,12903.65,Active
88931606,59850841,877572,Savings,2023-05-16,12395.41,Active
77004057,19237399,388389,Checking,2025-01-17,1398.39,Active
24280343,75910491,872246,Checking,2023-03-25,956.43,Active
49085719,50318040,809570,Savings,2021-03-17,24917.1,Active
16579868,48416466,671858,Savings,2024-05-15,10046.01,Active
38206748,55444584,877572,Savings,2023-01-11,6027.43,Active
94502173,83547534,719176,Savings,2024-04-11,2882.4,Active
31653151,56871772,809570,Savings,2024-01-14,3018.36,Active
76676382,48882460,876646,Savings,2025-01-13,5067.37,Active
22740257,68173867,671858,Savings,2025-02-23,15515.62,Active
46791970,49205269,207473,Checking,2025-08-01,2670.64,Active
55246115,78673518,207473,Savings,2023-08-13,13277.59,Active
81591590,22596398,334053,Checking,2025-02-16,2515.8,Active
27393319,94870682,876646,Savings,2020-11-16,1328.27,Active
80313639,71345840,246316,Checking,2021-08-30,4950.4,Active
52755754,94636700,809570,Checking,2020-06-20,9663.3,Active
67337518,65106866,770487,Savings,2024-10-05,11367.97,Active
35028275,53604277,770487,Checking,2020-04-13,1844.45,Closed
30932277,65495074,872246,Checking,2021-02-26,19289.89,Active
53083446,10156208,356787,Savings,2021-01-30,1994.73,Active
79101242,73296898,356787,Checking,2022-07-01,7033.22,Active
72154431,74438871,216739,Savings,2024-02-01,1690.75,Active
28966208,27676868,126225,Savings,2025-07-26,6685.99,Closed
22019394,24449320,877572,Savings,2025-02-19,4252.89,Active
13663554,44629378,334053,Savings,2025-08-26,4055.29,Active
16022852,12879270,719176,Checking,2022-01-18,10815.58,Active
85654855,77203389,876646,Savings,2021-02-07,9480.58,Active
81689927,36650222,246316,Savings,2023-02-22,9091.98,Active
92798281,16610003,719176,Savings,2024-06-23,746.68,Active
91127117,49244170,334053,Checking,2023-12-24,4793.12,Active
99220814,17507424,126225,Savings,2021-09-19,16989.99,Active
26377550,11832614,809570,Savings,2023-06-19,3149.56,Active
35913040,42803655,216739,Checking,2024-01-24,20893.01,Closed
52690255,89143084,876646,Savings,2025-11-06,11868.44,Active
46169423,77720164,388389,Savings,2025-09-26,3408.46,Active
93453652,89841379,809570,Savings,2021-10-18,3815.54,Active
84082005,33020527,809570,Savings,2020-09-26,782.65,Active
40729946,72345485,334053,Savings,2020-04-22,5113.35,Closed
30899550,10532310,809570,Savings,2024-10-02,2058.01,Active
31456607,82076657,191161,Checking,2024-02-15,1218.49,Active
87063904,45596918,216739,Checking,2024-06-16,19576.16,Active
10583393,80031796,207473,Savings,2020-12-22,2440.19,Active
83656035,65859751,334053,Checking,2025-12-17,30063.58,Active
16252266,97559319,246316,Savings,2023-08-05,990.7,Active
44268909,71835770,388389,Savings,2025-12-19,1069.15,Active
51674479,23900206,876646,Savings,2021-12-23,7359.31,Active
64388464,51010582,334053,Savings,2022-09-29,9206.07,Active
63602031,68715330,207473,Savings,2022-06-27,33760.26,Active
89161074,99444020,356787,Savings,2020-11-14,2753.3,Active
19660147,43408234,809570,Checking,2023-10-23,4268.21,Active
63831412,41177793,877572,Savings,2025-05-07,16006.31,Active
63569273,65175143,388389,Savings,2020-02-21,3720.9,Active
86015354,78204548,388389,Savings,2020-04-07,6851.86,Active
95321466,54367338,388389,Savings,2020-02-05,1044.38,Active
66092412,24113692,877572,Savings,2024-06-20,14148.25,Active
79003005,77310395,334053,Savings,2022-04-14,77963.38,Active
79953276,69612966,334053,Savings,2022-10-01,2474.39,Active
57638271,12416691,388389,Checking,2020-12-23,65317.8,Active
50429312,38384236,216739,Savings,2021-07-22,14355.55,Active
25132415,74464062,877572,Savings,2021-10-11,12456.16,Active
95714691,50582568,671858,Savings,2025-08-15,6174.95,Active
14286212,80541755,388389,Savings,2021-12-15,5682.08,Active
66125192,96988751,334053,Savings,2022-06-10,8077.28,Active
74481042,57206844,877572,Savings,2024-09-18,6451.02,Active
78708114,43791371,809570,Savings,2023-10-10,609.69,Active
93584792,10272336,207473,Checking,2023-03-02,6367.78,Active
53673369,77183214,388389,Checking,2025-07-22,26892.35,Active
63995301,77054390,719176,Savings,2023-01-21,9018.8,Active
26869160,49093288,872246,Savings,2021-07-18,1335.24,Active
81460650,26240296,334053,Savings,2023-12-29,3565.34,Active
17104299,58378939,877572,Checking,2025-04-15,16156.45,Active
61210029,60285636,246316,Savings,2021-10-15,7626.92,Active
17956269,84640328,216739,Checking,2020-06-04,15891.06,Active
45022639,67333327,334053,Savings,2025-05-16,8121.71,Active
39615919,92825661,388389,Checking,2021-11-29,15077.78,Active
20938161,83474164,719176,Checking,2025-10-28,9016.24,Active
78609845,82517098,246316,Savings,2025-12-13,6440.82,Active
80805306,63833750,876646,Savings,2024-02-11,9718.87,Active
19561915,59019460,809570,Savings,2025-03-09,552.17,Active
28966333,41521310,246316,Savings,2021-11-08,2624.57,Active
82542014,78313420,216739,Savings,2025-09-19,11025.17,Active
89882045,48317707,809570,Checking,2021-03-15,1112.76,Active
85589440,66894727,388389,Checking,2025-07-09,13808.49,Active
10124737,37618554,809570,Checking,2023-05-19,5597.03,Active
33947074,20415789,388389,Checking,2024-09-13,2049.35,Active
79822273,93572661,356787,Savings,2025-07-17,5547.71,Active
98794949,90235727,877572,Savings,2022-11-09,1980.94,Active
86506951,56072417,388389,Savings,2021-11-06,10044.58,Active
83852744,29014500,334053,Savings,2023-11-28,17198.67,Active
95288777,65562234,216739,Savings,2022-01-14,4748.22,Active
76185035,30087920,334053,Checking,2020-02-20,22430.66,Active
49872333,19047050,872246,Savings,2025-12-03,10507.47,Active
69664207,43261648,809570,Checking,2023-10-24,9171.44,Active
31620560,66278660,877572,Savings,2025-01-08,8673.72,Active
77954514,18115148,671858,Checking,2023-02-04,3402.02,Active
20381139,74475912,809570,Savings,2025-06-01,5493.51,Active
60390869,43198583,216739,Savings,2021-07-19,5971.54,Active
65600982,75515175,246316,Savings,2025-08-22,5370.93,Active
71007704,75702105,334053,Savings,2024-02-04,3414.95,Active
47807962,30477653,334053,Savings,2022-05-29,3712.19,Active
80739802,94323045,809570,Savings,2024-08-03,1079.5,Active
20250078,45381415,719176,Checking,2022-02-13,1693.24,Active
41604261,42370017,719176,Checking,2021-05-09,3368.87,Active
64454112,42045565,216739,Checking,2025-08-26,1509.79,Active
28147169,30781711,334053,Savings,2022-08-29,7063.09,Active
25099746,52972326,216739,Savings,2020-10-16,17853.87,Active
69565923,27510280,388389,Savings,2024-07-18,3230.39,Active
84540900,88869512,388389,Savings,2022-09-16,14456.8,Active
31325664,53465341,246316,Savings,2023-09-02,16640.84,Active
47250918,79441887,809570,Savings,2025-09-10,1448.17,Active
23952871,69976056,809570,Savings,2025-08-02,5004.43,Active
13467114,47608279,719176,Savings,2022-04-21,1422.49,Active
62029308,75684585,388389,Savings,2021-07-13,515.89,Active
48332285,47891425,334053,Savings,2025-08-28,7437.03,Active
73727485,19488216,809570,Savings,2021-09-26,1564.51,Active
16547331,11522724,356787,Savings,2021-12-14,788.38,Active
62946827,91122599,334053,Savings,2023-07-03,5754.04,Active
59538958,50498263,877572,Savings,2024-11-08,3382.08,Active
68812306,98922266,388389,Savings,2021-09-26,3630.99,Active
35847700,33882168,216739,Savings,2025-11-01,6920.94,Active
51281428,84869611,388389,Checking,2021-05-23,15062.38,Active
58490390,43752598,388389,Savings,2022-10-10,4826.33,Active
42302999,34472376,719176,Savings,2022-12-16,8236.12,Active
84049430,73469372,809570,Savings,2021-08-28,4458.94,Active
97713689,36392862,126225,Savings,2024-02-18,3310.15,Active
13172250,21615386,334053,Savings,2023-09-21,8224.36,Active
85786140,65597155,334053,Savings,2022-07-01,2171.91,Active
58261020,81653148,719176,Savings,2020-01-26,3891.41,Active
26377771,75915202,126225,Savings,2023-09-25,936.6,Active
25525807,89527979,876646,Savings,2020-06-03,1030.86,Active
92864048,88776235,719176,Savings,2025-06-04,6393.47,Active
89030193,67062040,207473,Savings,2025-01-23,12673.48,Active
59571765,12531331,876646,Savings,2023-08-08,4303.41,Active
54492725,81694209,246316,Savings,2024-04-23,5597.39,Active
29457977,89543965,334053,Savings,2022-11-17,16599.42,Closed
54787645,20736553,216739,Savings,2020-09-08,6595.52,Active
70680126,87100880,719176,Savings,2025-08-03,9048.29,Active
84704832,45639276,216739,Savings,2023-05-28,3915.02,Active
21495364,26778200,877572,Checking,2020-07-22,4082.87,Active
32276038,12706348,334053,Checking,2025-05-22,964.96,Closed
29949512,71903361,876646,Savings,2025-05-12,28210.75,Active
99515976,20900384,719176,Savings,2021-05-31,9779.88,Closed
72285770,70456961,126225,Checking,2020-11-06,1115.03,Active
52919880,76245685,388389,Savings,2020-01-27,4795.69,Active
48463436,41599206,191161,Savings,2025-03-27,23022.27,Active
47480396,96389518,388389,Savings,2024-09-09,3521.68,Active
58654286,20405441,246316,Savings,2023-01-21,17286.5,Active
71892559,62519077,809570,Savings,2023-06-26,82196.65,Active
57835087,73050907,809570,Checking,2020-12-12,4648.89,Active
82312784,88920236,216739,Savings,2024-10-04,1944.14,Active
44662351,38643142,877572,Checking,2023-01-29,1394.9,Active
97648208,51512466,877572,Savings,2021-04-07,12628.7,Active
62848595,57282459,671858,Savings,2024-03-19,5141.26,Active
74317394,59411511,809570,Checking,2020-10-13,2097.29,Active
56852049,55600819,872246,Savings,2022-06-10,5591.24,Active
77463128,92916171,388389,Checking,2023-11-05,5589.46,Active
45514329,15940582,872246,Checking,2020-07-18,24163.04,Active
27459162,71207649,356787,Checking,2022-07-30,21510.74,Active
74743387,59420855,216739,Savings,2021-07-15,2322.97,Closed
64781914,87197710,334053,Savings,2023-01-13,7636.6,Active
19758685,78465074,877572,Savings,2023-05-07,3049.13,Active
23395937,11168917,809570,Savings,2022-01-09,2314.78,Active
27295330,68028820,388389,Checking,2025-12-21,8491.29,Active
12123747,60172777,809570,Savings,2022-01-28,3590.5,Active
88374884,24320234,216739,Checking,2022-01-31,7262.96,Active
99745380,29946395,719176,Checking,2025-08-09,1894.12,Active
69041765,22444108,876646,Savings,2022-12-09,18415.08,Active
84442727,30572697,216739,Checking,2022-03-16,4199.13,Active
74481256,97300409,388389,Checking,2021-08-13,1138.08,Active
34307688,79101949,334053,Savings,2023-10-15,10298.78,Closed
13467247,98451051,877572,Savings,2024-08-27,19168.31,Active
42860147,48608369,876646,Savings,2023-05-23,5356.41,Active
14679668,21701669,126225,Savings,2022-11-19,8491.95,Active
50101876,89665561,388389,Savings,2023-10-31,2932.64,Active
97648244,31034897,877572,Checking,2024-10-17,1015.32,Active
96665204,27456155,388389,Savings,2020-01-17,7450.26,Active
82706043,70961231,207473,Checking,2020-04-03,5074.24,Active
17890941,12550987,719176,Savings,2021-04-01,10103.84,Active
37715582,90599864,207473,Savings,2020-02-12,2614.57,Active
54132351,66761343,876646,Savings,2021-05-25,3769.03,Active
79855231,41264519,334053,Checking,2024-04-14,4613.16,Active
20217473,80956802,877572,Savings,2024-08-31,7129.01,Active
65633923,42514305,246316,Checking,2023-01-29,1875.44,Active
79232643,81383635,388389,Savings,2020-09-02,8180.85,Active
52592259,18330742,334053,Savings,2023-01-28,3420.58,Active
53182086,15783996,809570,Savings,2021-06-12,1601.03,Active
90930823,99253318,334053,Checking,2021-02-24,2878.07,Closed
33521287,88385651,872246,Savings,2025-08-15,3046.54,Active
40402570,15012055,246316,Savings,2025-10-23,7496.82,Active
81297036,45229697,876646,Savings,2025-07-26,5336.12,Active
96534157,76596719,671858,Savings,2023-10-01,16915.52,Closed
85032591,81234789,334053,Savings,2021-05-18,2840.01,Active
54623888,18525488,809570,Savings,2020-05-28,7264.59,Active
38436497,20712150,809570,Savings,2022-09-25,2909.06,Active
38928017,77854979,809570,Savings,2022-01-02,2962.21,Active
90898067,85645219,334053,Savings,2024-01-29,3474.44,Closed
29818516,84064654,216739,Checking,2025-05-22,2837.73,Active
76676757,15289465,334053,Savings,2025-08-13,7771.58,Active
92569236,58499748,216739,Savings,2020-11-21,9160.24,Active
76021402,45314199,388389,Savings,2024-11-27,2053.02,Active
91651740,52905617,216739,Checking,2023-07-31,1386.64,Active
97123997,33248060,809570,Savings,2023-05-06,9961.33,Active
95288990,24310184,719176,Savings,2020-06-26,8239.57,Active
85491359,98068079,356787,Savings,2024-09-28,20670.64,Active
59276962,13547107,191161,Savings,2022-01-25,3193.9,Active
90635939,32989289,872246,Savings,2025-11-15,5742.25,Active
48922276,20231363,356787,Savings,2021-10-01,5098.12,Active
96960169,27617011,388389,Savings,2024-09-03,13434.85,Active
32276138,96021452,809570,Savings,2020-07-15,11033.22,Active
30703278,70882730,719176,Savings,2020-12-04,4405.08,Active
23494319,50358836,876646,Savings,2022-08-26,5646.14,Active
70057648,98212034,876646,Savings,2023-03-05,4378.16,Active
24346289,72572467,388389,Savings,2021-07-17,632.0,Active
67567281,14304815,216739,Savings,2025-11-28,3492.41,Active
84115123,88256664,877572,Savings,2020-03-07,2027.9,Active
78216886,45586189,207473,Savings,2025-03-30,1848.4,Closed
13729462,22821119,216739,Savings,2022-03-10,10484.93,Active
43941565,41838045,334053,Savings,2020-03-07,1815.59,Active
97844927,34814909,876646,Checking,2022-04-30,4747.89,Active
11927231,62414294,126225,Savings,2023-05-21,3840.65,Active
38928065,54329591,126225,Savings,2021-07-02,2321.59,Active
99909315,82418770,246316,Savings,2020-04-02,5999.24,Active
20315843,23686802,671858,Checking,2023-09-08,24339.73,Active
98959047,38569236,216739,Savings,2022-03-13,1574.37,Active
90930889,52246492,334053,Savings,2023-08-14,23076.45,Active
38829771,16047114,877572,Savings,2023-02-11,3247.91,Active
42860242,73909465,356787,Savings,2023-10-07,51674.87,Closed
20479701,76962901,334053,Savings,2022-03-27,3751.54,Active
72122072,39315589,809570,Savings,2021-07-23,4699.52,Active
62258905,31711516,809570,Checking,2025-01-26,513.58,Active
22118106,67146381,671858,Savings,2020-04-27,17998.59,Active
19660505,87884515,770487,Checking,2025-10-14,3413.47,Active
57573080,77433092,388389,Savings,2022-01-24,2688.81,Active
51117789,90154282,216739,Checking,2021-06-28,12020.83,Closed
34471647,71437178,809570,Savings,2023-07-03,40965.07,Closed
65011424,83147659,216739,Checking,2022-04-13,11433.61,Active
22216415,67937221,876646,Savings,2020-10-04,1507.78,Active
82902754,34949400,246316,Savings,2024-05-26,3253.18,Active
99614433,43532332,334053,Checking,2022-09-03,851.81,Active
46005989,13846977,388389,Checking,2021-12-10,9903.17,Active
90898150,98603880,388389,Savings,2024-07-12,4100.08,Active
83951333,64362971,388389,Checking,2023-05-17,4232.56,Closed
18153190,87954885,126225,Savings,2024-04-14,8836.53,Active
32964327,31955229,207473,Savings,2021-04-26,10530.11,Active
51183338,35974662,334053,Checking,2022-11-01,2254.13,Active
20152046,96068914,246316,Savings,2020-05-05,4159.83,Active
61374196,29757508,334053,Savings,2025-04-26,842.38,Active
66846463,73099236,246316,Savings,2021-05-23,6540.49,Active
41647872,30888505,876646,Checking,2025-05-02,5122.18,Active
26640129,77556543,334053,Savings,2020-04-19,1486.45,Active
87457542,59432993,126225,Savings,2022-08-28,1035.46,Active
28245771,94958868,877572,Checking,2022-07-09,5985.13,Active
93257485,97353513,334053,Savings,2020-08-14,3104.46,Active
58982159,46493821,809570,Savings,2025-05-22,7470.67,Active
59014929,51857968,334053,Savings,2022-05-10,1677.24,Active
63143700,29692749,719176,Savings,2025-10-25,9471.89,Active
83754775,18621840,191161,Checking,2025-08-20,5384.95,Closed
52756249,52681357,334053,Checking,2022-08-25,2877.02,Active
77823771,22748495,770487,Checking,2024-01-24,4958.53,Active
34897692,82712656,671858,Savings,2024-07-12,3034.11,Closed
35094299,84731000,877572,Checking,2023-03-28,1810.81,Active
79953694,74953226,246316,Checking,2020-02-26,1658.05,Active
54886176,59080045,719176,Checking,2025-09-16,32072.79,Active
59670305,14613038,877572,Savings,2025-03-03,30448.19,Active
99188515,75736846,719176,Savings,2024-12-13,2665.41,Active
93093667,88736156,216739,Checking,2025-05-26,4236.41,Closed
38731561,17880918,877572,Checking,2020-10-30,25163.87,Active
90406698,35387160,671858,Checking,2024-07-20,5555.57,Active
34668332,75974746,334053,Savings,2022-06-03,18080.79,Active
86966061,14453175,216739,Savings,2020-04-01,35848.27,Active
74317612,91649257,126225,Savings,2020-08-20,6086.59,Active
57966380,98412586,876646,Savings,2021-07-23,7385.48,Active
94306105,88573718,877572,Savings,2022-12-29,16317.3,Active
67206971,38640008,388389,Savings,2021-11-25,4117.03,Active
95027005,94101535,877572,Savings,2022-07-21,20049.04,Active
37584702,98172538,877572,Savings,2025-04-16,5688.56,Active
27787071,98623352,388389,Savings,2022-04-02,44733.86,Active
40075074,73333581,126225,Savings,2022-01-17,5178.45,Active
65142594,66984581,671858,Savings,2021-05-05,10809.8,Active
80740167,92188970,246316,Checking,2023-08-19,4344.08,Active
54918988,91116100,872246,Checking,2025-06-05,1593.78,Active
12025677,25897063,246316,Savings,2023-02-24,14590.56,Closed
24018769,14119270,191161,Savings,2024-10-06,16434.02,Active
45350739,36538490,356787,Savings,2025-03-04,826.51,Active
33652565,59735290,334053,Savings,2020-02-16,1663.41,Active
19169109,35359610,388389,Savings,2024-10-22,7193.21,Active
16973658,17205577,334053,Checking,2023-05-01,4099.01,Active
59080539,67258120,671858,Savings,2025-08-19,10872.5,Active
79888222,24941000,246316,Savings,2021-05-26,775.97,Active
87261025,70477351,809570,Savings,2025-09-07,31010.87,Active
88899426,77282190,770487,Savings,2024-11-28,3079.72,Active
52756327,43570307,872246,Savings,2020-03-16,5231.6,Active
11599732,60879771,877572,Checking,2020-08-03,6569.05,Active
52658039,17316826,388389,Savings,2024-12-22,23014.73,Active
94797689,16037713,809570,Checking,2022-06-17,1321.8,Active
94928765,15511560,877572,Checking,2021-11-16,5737.57,Closed
82378625,44956007,334053,Savings,2024-05-23,1608.09,Active
25853828,32293530,334053,Savings,2022-08-02,12686.03,Active
53215109,89067193,334053,Checking,2025-05-21,3632.68,Active
68648841,84381342,246316,Savings,2022-12-14,7595.98,Active
74612618,85661010,877572,Savings,2022-11-16,3520.06,Active
48496523,39510147,207473,Savings,2025-06-19,34020.94,Closed
48037774,63203274,671858,Savings,2023-04-09,2571.95,Active
45449104,81216853,246316,Checking,2024-03-07,8515.32,Active
69173136,63029194,334053,Savings,2023-07-08,677.16,Active
80674710,15836858,877572,Savings,2022-06-22,8582.17,Active
12648342,83985243,719176,Checking,2021-10-08,1235.17,Active
85196697,36394306,876646,Checking,2023-04-25,25919.55,Active
90275738,70624300,126225,Savings,2020-04-18,2721.61,Active
53837721,27862581,809570,Checking,2020-01-05,2040.89,Active
67862427,49467794,388389,Savings,2023-07-30,6514.05,Closed
74317730,77722074,388389,Savings,2025-05-12,1496.37,Active
64192422,34149339,388389,Checking,2022-04-04,2353.15,Closed
80281512,29104097,770487,Savings,2022-05-10,6224.69,Active
69009321,36936963,809570,Savings,2025-08-23,2991.02,Active
10780585,36111698,334053,Savings,2024-10-13,11681.0,Active
97681326,46637295,207473,Checking,2020-01-11,15463.75,Active
45416368,21413833,719176,Savings,2023-05-24,8790.8,Active
39419828,88681607,809570,Savings,2020-11-12,1545.66,Active
85458871,77071604,809570,Checking,2021-03-28,2483.25,Closed
30638007,50029698,719176,Savings,2021-04-22,1914.88,Active
96665527,46663600,334053,Savings,2022-09-04,3914.78,Active
32669627,91203522,191161,Savings,2025-08-16,7440.58,Active
74481598,38230024,388389,Savings,2025-07-24,7178.67,Active
85196735,97985170,388389,Savings,2020-11-09,26671.11,Closed
63045568,60084669,872246,Checking,2025-08-13,26707.28,Active
80510917,11297922,246316,Savings,2020-08-28,8116.52,Active
51576773,96124803,126225,Savings,2022-05-08,9148.34,Active
85688265,50105286,876646,Savings,2021-09-27,1628.7,Active
58064845,13611753,388389,Checking,2023-02-04,12218.22,Active
53313486,27434323,809570,Checking,2020-04-13,8046.71,Active
25100238,76483119,877572,Checking,2021-04-11,7556.03,Active
16089039,93682955,388389,Checking,2023-07-16,6017.72,Active
47480785,21671617,719176,Savings,2025-10-11,20810.0,Active
31391706,18484027,876646,Savings,2025-06-14,28064.39,Active
63635419,11440873,877572,Checking,2022-02-26,5697.09,Active
81035228,99271765,356787,Savings,2020-07-29,8578.56,Active
41156573,25565853,388389,Checking,2020-06-11,2956.77,Active
35749854,22605652,216739,Savings,2023-12-25,6497.08,Active
44892124,63393716,334053,Savings,2023-01-29,9300.36,Active
37060576,70975232,388389,Checking,2022-09-22,1103.11,Active
41123805,67777350,876646,Savings,2024-08-24,2099.76,Active
53444580,56264922,876646,Checking,2021-10-01,8882.94,Active
80543716,67353357,388389,Savings,2022-05-15,6297.81,Active
81068007,80616342,216739,Savings,2025-06-05,6045.13,Active
55934951,67040531,876646,Savings,2025-05-22,5592.84,Active
89227245,22724752,877572,Savings,2020-06-10,14330.99,Active
84082682,41302719,809570,Savings,2024-04-29,11860.79,Active
